unsigned char esp[] = {
0x00, 0x01, 0x00, 0x00, 0x00, 0x0E, 0x00, 0x80, 0x00, 0x03, 0x00, 0x60, 0x4F, 0x53, 0x2F, 0x32, 
0x13, 0xAA, 0x38, 0xEC, 0x00, 0x00, 0x90, 0xD8, 0x00, 0x00, 0x00, 0x4E, 0x50, 0x43, 0x4C, 0x54, 
0x1C, 0x27, 0x35, 0x8F, 0x00, 0x00, 0x10, 0x98, 0x00, 0x00, 0x00, 0x36, 0x63, 0x6D, 0x61, 0x70, 
0x33, 0x55, 0x55, 0x2F, 0x00, 0x00, 0x91, 0x28, 0x00, 0x00, 0x04, 0x24, 0x63, 0x76, 0x74, 0x20, 
0x67, 0xE0, 0x64, 0x60, 0x00, 0x00, 0x04, 0x88, 0x00, 0x00, 0x01, 0x0E, 0x66, 0x70, 0x67, 0x6D, 
0x02, 0x11, 0xC2, 0x61, 0x00, 0x00, 0x05, 0x98, 0x00, 0x00, 0x01, 0xD8, 0x67, 0x6C, 0x79, 0x66, 
0xB4, 0x0D, 0xC6, 0x03, 0x00, 0x00, 0x10, 0xD0, 0x00, 0x00, 0x7B, 0xE6, 0x68, 0x65, 0x61, 0x64, 
0x67, 0x73, 0x4A, 0xA4, 0x00, 0x00, 0x07, 0x70, 0x00, 0x00, 0x00, 0x36, 0x68, 0x68, 0x65, 0x61, 
0x0E, 0x42, 0x08, 0x36, 0x00, 0x00, 0x90, 0xB4, 0x00, 0x00, 0x00, 0x24, 0x68, 0x6D, 0x74, 0x78, 
0x83, 0x7F, 0x62, 0xD4, 0x00, 0x00, 0x8C, 0xB8, 0x00, 0x00, 0x03, 0xDC, 0x6C, 0x6F, 0x63, 0x61, 
0x00, 0x3A, 0x28, 0x50, 0x00, 0x00, 0x07, 0xA8, 0x00, 0x00, 0x03, 0xE0, 0x6D, 0x61, 0x78, 0x70, 
0x01, 0xD7, 0x00, 0xBE, 0x00, 0x00, 0x90, 0x94, 0x00, 0x00, 0x00, 0x20, 0x6E, 0x61, 0x6D, 0x65, 
0x91, 0xA1, 0xDA, 0xD7, 0x00, 0x00, 0x0E, 0xC8, 0x00, 0x00, 0x01, 0xCE, 0x70, 0x6F, 0x73, 0x74, 
0x8A, 0x1E, 0x9F, 0x0A, 0x00, 0x00, 0x0B, 0xAC, 0x00, 0x00, 0x03, 0x19, 0x70, 0x72, 0x65, 0x70, 
0xE0, 0x51, 0x62, 0x81, 0x00, 0x00, 0x0B, 0x88, 0x00, 0x00, 0x00, 0x24, 0x00, 0x00, 0x00, 0x02, 
0x00, 0x01, 0x00, 0x00, 0x00, 0x00, 0x00, 0x14, 0x00, 0x03, 0x00, 0x01, 0x00, 0x00, 0x01, 0x1A, 
0x00, 0x00, 0x01, 0x06, 0x00, 0x00, 0x01, 0x00, 0x00, 0x00, 0x00, 0x00, 0x00, 0x00, 0x01, 0x02, 
0x00, 0x00, 0x00, 0x02, 0x00, 0x00, 0x00, 0x00, 0x00, 0x00, 0x00, 0x00, 0x00, 0x00, 0x00, 0x00, 
0x00, 0x00, 0x00, 0x01, 0x00, 0x00, 0xDE, 0x03, 0x04, 0x05, 0x06, 0x07, 0x08, 0x09, 0x0A, 0x0B, 
0x0C, 0x0D, 0x0E, 0x0F, 0x10, 0x11, 0x12, 0x13, 0x14, 0x15, 0x16, 0x17, 0x18, 0x19, 0x1A, 0x1B, 
0x1C, 0x1D, 0x1E, 0x1F, 0x20, 0x21, 0x22, 0x23, 0x24, 0x25, 0x26, 0x27, 0x28, 0x29, 0x2A, 0x2B, 
0x2C, 0x2D, 0x2E, 0x2F, 0x30, 0x31, 0x32, 0x33, 0x34, 0x35, 0x36, 0x37, 0x38, 0x39, 0x3A, 0x3B, 
0x3C, 0x3D, 0x3E, 0x3F, 0x40, 0x41, 0x42, 0x43, 0x44, 0x45, 0x46, 0x47, 0x48, 0x49, 0x4A, 0x4B, 
0x4C, 0x4D, 0x4E, 0x4F, 0x50, 0x51, 0x52, 0x53, 0x54, 0x55, 0x56, 0x57, 0x58, 0x59, 0x5A, 0x5B, 
0x5C, 0x5D, 0x5E, 0x5F, 0x60, 0x00, 0x65, 0x66, 0x68, 0x6A, 0x72, 0x77, 0x7D, 0xBF, 0xBE, 0xC0, 
0xC2, 0xC1, 0xC3, 0xC5, 0xC7, 0xC6, 0xC8, 0xC9, 0xCB, 0xCA, 0xCC, 0xCD, 0xCF, 0xD1, 0xD0, 0xD2, 
0xD4, 0xD3, 0xD8, 0xD7, 0xD9, 0xDA, 0x81, 0x82, 0xB7, 0xB5, 0x85, 0xF1, 0x87, 0x80, 0x89, 0x8A, 
0xF6, 0xE4, 0xBB, 0x00, 0x67, 0x79, 0x00, 0x92, 0x00, 0x00, 0x00, 0x00, 0x00, 0x00, 0x00, 0x00, 
0x00, 0x00, 0x00, 0x00, 0xC4, 0xD6, 0x9C, 0xB6, 0xA0, 0x00, 0xA2, 0x00, 0x00, 0xA5, 0xA6, 0xF2, 
0x02, 0x61, 0x64, 0x76, 0xAB, 0xAD, 0xE8, 0xE9, 0xED, 0xEE, 0xEA, 0xEB, 0xD5, 0x00, 0xBD, 0xE5, 
0x00, 0xDD, 0xF4, 0xF5, 0x00, 0x00, 0xF0, 0xB9, 0xEC, 0xEF, 0xF3, 0x63, 0x6B, 0x62, 0x6C, 0x69, 
0x6E, 0x6F, 0x70, 0x6D, 0x74, 0x75, 0x00, 0x73, 0x7B, 0x7C, 0x7A, 0x00, 0xE6, 0xE7, 0x9B, 0x00, 
0x00, 0x00, 0xBC, 0x00, 0x00, 0x00, 0x00, 0x04, 0x02, 0x82, 0x00, 0x00, 0x00, 0x14, 0x00, 0x10, 
0x00, 0x03, 0x00, 0x04, 0x00, 0xFF, 0x01, 0x53, 0x01, 0x78, 0x01, 0x92, 0x02, 0xC6, 0x02, 0xDC, 
0x20, 0x3A, 0x21, 0x22, 0x22, 0x19, 0xFF, 0xFF, 0x00, 0x00, 0x00, 0x20, 0x01, 0x52, 0x01, 0x78, 
0x01, 0x92, 0x02, 0xC6, 0x02, 0xDC, 0x20, 0x13, 0x21, 0x22, 0x22, 0x19, 0xFF, 0xFF, 0x00, 0x00, 
0x00, 0x00, 0x00, 0x00, 0x00, 0x00, 0x00, 0x00, 0x00, 0x00, 0x00, 0x00, 0x00, 0x00, 0x00, 0x00, 
0x00, 0x00, 0x00, 0x14, 0x01, 0xD2, 0x01, 0xD4, 0x01, 0xD4, 0x01, 0xD4, 0x01, 0xD4, 0x01, 0xD4, 
0x02, 0x22, 0x02, 0x22, 0x02, 0x22, 0x00, 0xDE, 0x00, 0x03, 0x00, 0x04, 0x00, 0x05, 0x00, 0x06, 
0x00, 0x07, 0x00, 0x08, 0x00, 0x09, 0x00, 0x0A, 0x00, 0x0B, 0x00, 0x0C, 0x00, 0x0D, 0x00, 0x0E, 
0x00, 0x0F, 0x00, 0x10, 0x00, 0x11, 0x00, 0x12, 0x00, 0x13, 0x00, 0x14, 0x00, 0x15, 0x00, 0x16, 
0x00, 0x17, 0x00, 0x18, 0x00, 0x19, 0x00, 0x1A, 0x00, 0x1B, 0x00, 0x1C, 0x00, 0x1D, 0x00, 0x1E, 
0x00, 0x1F, 0x00, 0x20, 0x00, 0x21, 0x00, 0x22, 0x00, 0x23, 0x00, 0x24, 0x00, 0x25, 0x00, 0x26, 
0x00, 0x27, 0x00, 0x28, 0x00, 0x29, 0x00, 0x2A, 0x00, 0x2B, 0x00, 0x2C, 0x00, 0x2D, 0x00, 0x2E, 
0x00, 0x2F, 0x00, 0x30, 0x00, 0x31, 0x00, 0x32, 0x00, 0x33, 0x00, 0x34, 0x00, 0x35, 0x00, 0x36, 
0x00, 0x37, 0x00, 0x38, 0x00, 0x39, 0x00, 0x3A, 0x00, 0x3B, 0x00, 0x3C, 0x00, 0x3D, 0x00, 0x3E, 
0x00, 0x3F, 0x00, 0x40, 0x00, 0x41, 0x00, 0x42, 0x00, 0x43, 0x00, 0x44, 0x00, 0x45, 0x00, 0x46, 
0x00, 0x47, 0x00, 0x48, 0x00, 0x49, 0x00, 0x4A, 0x00, 0x4B, 0x00, 0x4C, 0x00, 0x4D, 0x00, 0x4E, 
0x00, 0x4F, 0x00, 0x50, 0x00, 0x51, 0x00, 0x52, 0x00, 0x53, 0x00, 0x54, 0x00, 0x55, 0x00, 0x56, 
0x00, 0x57, 0x00, 0x58, 0x00, 0x59, 0x00, 0x5A, 0x00, 0x5B, 0x00, 0x5C, 0x00, 0x5D, 0x00, 0x5E, 
0x00, 0x5F, 0x00, 0x60, 0x00, 0x00, 0x00, 0x00, 0x00, 0x00, 0x00, 0x00, 0x00, 0x00, 0x00, 0x00, 
0x00, 0x00, 0x00, 0x00, 0x00, 0x00, 0x00, 0x00, 0x00, 0x00, 0x00, 0x00, 0x00, 0xA9, 0x00, 0x00, 
0x00, 0x00, 0x00, 0x00, 0x00, 0x00, 0x00, 0x00, 0x00, 0xB2, 0x00, 0xB3, 0x00, 0xB0, 0x00, 0xB1, 
0x00, 0xDF, 0x00, 0xAE, 0x00, 0xAF, 0x00, 0xE0, 0x00, 0x8B, 0x00, 0x00, 0x00, 0xAA, 0x00, 0x00, 
0x00, 0x00, 0x00, 0x00, 0x00, 0x00, 0x00, 0x00, 0x00, 0xB6, 0x00, 0xB7, 0x00, 0xB5, 0x00, 0xDD, 
0x00, 0x00, 0x00, 0xE1, 0x00, 0x85, 0x00, 0xBB, 0x00, 0x8A, 0x00, 0x00, 0x00, 0xA5, 0x00, 0xA0, 
0x00, 0xE2, 0x00, 0x89, 0x00, 0x9B, 0x00, 0x82, 0x00, 0x92, 0x00, 0x88, 0x00, 0xE3, 0x00, 0xE4, 
0x00, 0x00, 0x00, 0x87, 0x00, 0x86, 0x00, 0xBC, 0x00, 0xBA, 0x00, 0x00, 0x00, 0xA6, 0x00, 0xB4, 
0x00, 0x8D, 0x00, 0xA7, 0x00, 0x9C, 0x00, 0x61, 0x00, 0x62, 0x00, 0x63, 0x00, 0x64, 0x00, 0x65, 
0x00, 0x66, 0x00, 0x67, 0x00, 0x68, 0x00, 0x69, 0x00, 0x6A, 0x00, 0x6B, 0x00, 0x6C, 0x00, 0x6D, 
0x00, 0x6E, 0x00, 0x6F, 0x00, 0x70, 0x00, 0x71, 0x00, 0x72, 0x00, 0x73, 0x00, 0x74, 0x00, 0x75, 
0x00, 0x76, 0x00, 0x77, 0x00, 0x78, 0x00, 0x79, 0x00, 0x7A, 0x00, 0x7B, 0x00, 0x7C, 0x00, 0x7D, 
0x00, 0x7E, 0x00, 0x7F, 0x00, 0x80, 0x00, 0xBE, 0x00, 0xBF, 0x00, 0xC0, 0x00, 0xC1, 0x00, 0xC2, 
0x00, 0xC3, 0x00, 0xC4, 0x00, 0xC5, 0x00, 0xC6, 0x00, 0xC7, 0x00, 0xC8, 0x00, 0xC9, 0x00, 0xCA, 
0x00, 0xCB, 0x00, 0xCC, 0x00, 0xCD, 0x00, 0xCE, 0x00, 0xCF, 0x00, 0xD0, 0x00, 0xD1, 0x00, 0xD2, 
0x00, 0xD3, 0x00, 0xD4, 0x00, 0xD5, 0x00, 0xD6, 0x00, 0xD7, 0x00, 0xD8, 0x00, 0xD9, 0x00, 0xDA, 
0x00, 0xDB, 0x00, 0xDC, 0x00, 0xBD, 0x00, 0xAB, 0x00, 0xAD, 0x00, 0xE5, 0x00, 0xA2, 0x00, 0xE6, 
0x00, 0xE7, 0x00, 0xE8, 0x00, 0xE9, 0x00, 0x00, 0x00, 0x00, 0x00, 0x00, 0x00, 0xEA, 0x00, 0xEB, 
0x00, 0xEC, 0x00, 0x00, 0x00, 0xED, 0x00, 0xEE, 0x00, 0xEF, 0x00, 0x00, 0x00, 0x81, 0x00, 0xF0, 
0x00, 0xF1, 0x00, 0x00, 0x00, 0x00, 0x00, 0x00, 0x00, 0xF2, 0x00, 0x00, 0x00, 0x00, 0x00, 0x00, 
0x00, 0x00, 0x00, 0x00, 0x00, 0x00, 0x00, 0x00, 0x00, 0x00, 0x00, 0x00, 0x00, 0xF3, 0x00, 0x00, 
0x00, 0x00, 0x00, 0x00, 0x00, 0x00, 0x00, 0x00, 0x00, 0x00, 0x00, 0x00, 0x00, 0x00, 0x00, 0xF4, 
0x00, 0xF5, 0x00, 0xF6, 0x00, 0xB9, 0x00, 0x00, 0x00, 0x06, 0x00, 0x08, 0x00, 0x0E, 0x00, 0x2C, 
0x00, 0x3A, 0x00, 0x4D, 0xFE, 0x48, 0xFE, 0x62, 0xFF, 0xDD, 0x00, 0x00, 0x04, 0x31, 0x04, 0x4C, 
0x05, 0xBA, 0x05, 0xE3, 0x01, 0xD5, 0x01, 0xB6, 0x01, 0x83, 0x01, 0x79, 0x01, 0x54, 0x01, 0x3F, 
0x01, 0x27, 0x01, 0x21, 0x00, 0xEE, 0x00, 0xE9, 0x00, 0xE5, 0x00, 0xE1, 0x00, 0xD3, 0x00, 0xC7, 
0x00, 0xC5, 0x00, 0xBC, 0x00, 0xBA, 0x00, 0xB8, 0x00, 0xAE, 0x00, 0xAA, 0x00, 0xA8, 0x00, 0xA6, 
0x00, 0xA2, 0x00, 0xA0, 0x00, 0x9E, 0x00, 0x9C, 0x00, 0x9A, 0x00, 0x98, 0x00, 0x93, 0x00, 0x87, 
0x00, 0x81, 0x00, 0x7F, 0x00, 0x7D, 0x00, 0x7B, 0x00, 0x79, 0x00, 0x77, 0x00, 0x75, 0x00, 0x71, 
0x00, 0x6D, 0x00, 0x66, 0x00, 0x64, 0x00, 0x62, 0x00, 0x60, 0x00, 0x21, 0x07, 0xD9, 0x07, 0x4E, 
0x05, 0x91, 0x05, 0x3D, 0x05, 0x21, 0x05, 0x19, 0x04, 0xE9, 0x04, 0x81, 0x04, 0x79, 0x04, 0x6A, 
0x04, 0x5C, 0x04, 0x58, 0x04, 0x31, 0x03, 0xEC, 0x03, 0xDB, 0x03, 0xD1, 0x03, 0xCF, 0x03, 0xCD, 
0x03, 0xCB, 0x03, 0xAA, 0x03, 0x5A, 0x03, 0x48, 0x02, 0xD1, 0x02, 0xCF, 0x02, 0x56, 0x02, 0x54, 
0x02, 0x50, 0x01, 0xF8, 0x01, 0xD7, 0x01, 0xC1, 0x01, 0xA4, 0x01, 0x85, 0x01, 0x79, 0x01, 0x48, 
0x01, 0x44, 0x00, 0xE9, 0x00, 0xE7, 0x00, 0xDF, 0x00, 0xDD, 0x00, 0xDB, 0x00, 0xD9, 0x00, 0xD7, 
0x00, 0xD3, 0x00, 0xD1, 0x00, 0xCF, 0x00, 0xCD, 0x00, 0xCB, 0x00, 0xC9, 0x00, 0xC7, 0x00, 0xC5, 
0x00, 0xC3, 0x00, 0xC1, 0x00, 0xBC, 0x00, 0xBA, 0x00, 0xB8, 0x00, 0xB6, 0x00, 0xB0, 0x00, 0xAE, 
0x00, 0xAC, 0x00, 0xA6, 0x00, 0x9E, 0x00, 0x9C, 0x00, 0x98, 0x00, 0x96, 0x00, 0x91, 0x00, 0x8B, 
0x00, 0x89, 0x00, 0x87, 0x00, 0x83, 0x00, 0x7D, 0x00, 0x7B, 0x00, 0x75, 0x00, 0x71, 0x00, 0x6F, 
0x00, 0x6D, 0x00, 0x68, 0x00, 0x21, 0x00, 0x00, 0x40, 0x16, 0x15, 0x14, 0x13, 0x12, 0x11, 0x10, 
0x0F, 0x0E, 0x0D, 0x0C, 0x0B, 0x0A, 0x09, 0x08, 0x07, 0x06, 0x05, 0x04, 0x03, 0x02, 0x01, 0x00, 
0x2C, 0xB2, 0x00, 0x80, 0x00, 0x43, 0x20, 0x8A, 0x62, 0x8A, 0x23, 0x42, 0x66, 0x56, 0x2D, 0x2C, 
0xB2, 0x2A, 0x00, 0x00, 0x43, 0x54, 0x78, 0xB0, 0x00, 0x2B, 0x58, 0x17, 0x39, 0x59, 0xB0, 0x00, 
0x2B, 0x58, 0x17, 0x3C, 0x59, 0xB0, 0x00, 0x2B, 0x58, 0xB0, 0x0A, 0x2A, 0x59, 0xB0, 0x01, 0x43, 
0x10, 0xB0, 0x00, 0x2B, 0x58, 0x17, 0x3C, 0x59, 0xB0, 0x00, 0x2B, 0x58, 0xB0, 0x0A, 0x2A, 0x59, 
0x2D, 0x2C, 0x2B, 0x2D, 0x2C, 0x2B, 0xB0, 0x02, 0x2A, 0x2D, 0x2C, 0xB0, 0x02, 0x2A, 0x2D, 0x2C, 
0xB0, 0x01, 0x62, 0xB0, 0x00, 0x23, 0x42, 0xB1, 0x01, 0x03, 0x25, 0x42, 0x20, 0x46, 0x20, 0x68, 
0x61, 0x64, 0xB0, 0x03, 0x25, 0x46, 0x20, 0x68, 0x20, 0xB0, 0x04, 0x43, 0x23, 0x61, 0x20, 0x64, 
0xB1, 0x40, 0x40, 0x8A, 0x54, 0x58, 0x21, 0x21, 0x21, 0x21, 0xB1, 0x00, 0x21, 0x1C, 0x59, 0x50, 
0x58, 0x21, 0x21, 0xB1, 0x00, 0x04, 0x25, 0x20, 0x46, 0x68, 0xB0, 0x07, 0x25, 0x45, 0x61, 0xB0, 
0x00, 0x51, 0x58, 0x21, 0x1B, 0xB0, 0x05, 0x43, 0x38, 0x59, 0x1B, 0x61, 0x64, 0x59, 0x53, 0x58, 
0x23, 0x2F, 0x23, 0xF9, 0x1B, 0x2F, 0x23, 0xE9, 0x59, 0xB0, 0x01, 0x2B, 0x2D, 0x2C, 0xB0, 0x01, 
0x62, 0xB0, 0x00, 0x23, 0x42, 0xB1, 0x01, 0x03, 0x25, 0x42, 0x20, 0x46, 0x20, 0x68, 0x61, 0x64, 
0xB0, 0x03, 0x25, 0x46, 0x20, 0x68, 0x61, 0x64, 0x53, 0x58, 0x23, 0x2F, 0x23, 0xF9, 0x1B, 0x2F, 
0x23, 0xE9, 0x59, 0xB0, 0x01, 0x2B, 0x2D, 0x2C, 0xB0, 0x01, 0x62, 0xB0, 0x00, 0x23, 0x42, 0xB1, 
0x01, 0x05, 0x25, 0x42, 0x3F, 0xE9, 0xB0, 0x01, 0x2B, 0x2D, 0x2C, 0xB0, 0x01, 0x62, 0xB0, 0x00, 
0x23, 0x42, 0xB1, 0x01, 0x03, 0x25, 0x42, 0x3F, 0xF9, 0xB0, 0x01, 0x2B, 0x2D, 0x2C, 0x11, 0x12, 
0x17, 0x39, 0x2D, 0x2C, 0xC1, 0x2D, 0x2C, 0xB2, 0x00, 0x01, 0x00, 0x43, 0x20, 0x20, 0xB0, 0x04, 
0x43, 0x8A, 0x45, 0xB0, 0x03, 0x43, 0x61, 0x69, 0x60, 0x44, 0x60, 0x42, 0x2D, 0x2C, 0x45, 0x20, 
0xB0, 0x03, 0x23, 0x42, 0xB2, 0x01, 0x02, 0x05, 0x43, 0x76, 0x43, 0x23, 0x43, 0x8A, 0x23, 0x61, 
0x69, 0x60, 0xB0, 0x04, 0x23, 0x42, 0x18, 0xB0, 0x0B, 0x2A, 0x2D, 0x2C, 0xB0, 0x00, 0x23, 0x42, 
0x18, 0x45, 0x69, 0xB0, 0x40, 0x61, 0x20, 0xB0, 0x00, 0x51, 0x58, 0x21, 0xB0, 0x41, 0x1B, 0xB0, 
0x40, 0x61, 0xB0, 0x00, 0x51, 0x58, 0xB0, 0x46, 0x1B, 0xB0, 0x48, 0x59, 0x59, 0xB0, 0x05, 0x23, 
0x42, 0x45, 0x20, 0xB0, 0x01, 0x23, 0x42, 0x69, 0xB0, 0x02, 0x23, 0x42, 0xB0, 0x0C, 0x2A, 0x18, 
0x2D, 0x2C, 0x20, 0x45, 0x68, 0x44, 0x2D, 0x2C, 0xBA, 0x00, 0x11, 0x00, 0x05, 0xFF, 0xC0, 0x42, 
0x2B, 0x2D, 0x2C, 0xB2, 0x11, 0x05, 0x00, 0x42, 0x2B, 0x2D, 0x2C, 0x20, 0x20, 0xB1, 0x02, 0x03, 
0x8A, 0x42, 0x23, 0xB0, 0x01, 0x61, 0x42, 0x46, 0x68, 0x20, 0xB0, 0x40, 0x54, 0x58, 0xB0, 0x40, 
0x60, 0x59, 0xB0, 0x04, 0x23, 0x42, 0x2D, 0x2C, 0xB1, 0x02, 0x03, 0x43, 0x11, 0x43, 0x12, 0x17, 
0x39, 0x31, 0x00, 0x2D, 0x2C, 0x2E, 0x2D, 0x2C, 0xC5, 0x2D, 0x2C, 0x3F, 0xB0, 0x14, 0x2A, 0x2D, 
0x00, 0x01, 0x00, 0x00, 0x00, 0x01, 0x00, 0x00, 0x29, 0xF8, 0x17, 0xF5, 0x5F, 0x0F, 0x3C, 0xF5, 
0x00, 0x03, 0x08, 0x00, 0x00, 0x00, 0x00, 0x00, 0x00, 0x00, 0x00, 0x00, 0x00, 0x00, 0x00, 0x00, 
0x00, 0x00, 0x00, 0x00, 0xFF, 0xCF, 0xFE, 0x48, 0x08, 0x8D, 0x07, 0x60, 0x00, 0x00, 0x00, 0x06, 
0x00, 0x02, 0x00, 0x01, 0x00, 0x00, 0x00, 0x00, 0x00, 0x00, 0x00, 0x00, 0x00, 0x00, 0x00, 0x4A, 
0x00, 0x00, 0x00, 0x4A, 0x00, 0x00, 0x00, 0x4A, 0x00, 0x00, 0x00, 0x90, 0x00, 0x00, 0x00, 0xDA, 
0x00, 0x00, 0x01, 0x9A, 0x00, 0x00, 0x02, 0x88, 0x00, 0x00, 0x03, 0x68, 0x00, 0x00, 0x04, 0x62, 
0x00, 0x00, 0x04, 0x90, 0x00, 0x00, 0x04, 0xF2, 0x00, 0x00, 0x05, 0x4C, 0x00, 0x00, 0x05, 0xAE, 
0x00, 0x00, 0x06, 0x04, 0x00, 0x00, 0x06, 0x4E, 0x00, 0x00, 0x06, 0x80, 0x00, 0x00, 0x06, 0xB0, 
0x00, 0x00, 0x06, 0xE0, 0x00, 0x00, 0x07, 0x66, 0x00, 0x00, 0x07, 0xB0, 0x00, 0x00, 0x08, 0x60, 
0x00, 0x00, 0x09, 0x2C, 0x00, 0x00, 0x09, 0x94, 0x00, 0x00, 0x0A, 0x34, 0x00, 0x00, 0x0B, 0x00, 
0x00, 0x00, 0x0B, 0x5E, 0x00, 0x00, 0x0C, 0x58, 0x00, 0x00, 0x0D, 0x12, 0x00, 0x00, 0x0D, 0x56, 
0x00, 0x00, 0x0D, 0xB4, 0x00, 0x00, 0x0D, 0xF6, 0x00, 0x00, 0x0E, 0x3E, 0x00, 0x00, 0x0E, 0x80, 
0x00, 0x00, 0x0F, 0x46, 0x00, 0x00, 0x10, 0xA4, 0x00, 0x00, 0x11, 0x02, 0x00, 0x00, 0x11, 0xC2, 
0x00, 0x00, 0x12, 0x58, 0x00, 0x00, 0x12, 0xEC, 0x00, 0x00, 0x13, 0x46, 0x00, 0x00, 0x13, 0x96, 
0x00, 0x00, 0x14, 0x54, 0x00, 0x00, 0x14, 0xB0, 0x00, 0x00, 0x14, 0xDE, 0x00, 0x00, 0x15, 0x4E, 
0x00, 0x00, 0x15, 0xAC, 0x00, 0x00, 0x15, 0xE8, 0x00, 0x00, 0x16, 0x54, 0x00, 0x00, 0x16, 0xAC, 
0x00, 0x00, 0x17, 0x52, 0x00, 0x00, 0x17, 0xE4, 0x00, 0x00, 0x18, 0xB0, 0x00, 0x00, 0x19, 0x5E, 
0x00, 0x00, 0x1A, 0x4E, 0x00, 0x00, 0x1A, 0x94, 0x00, 0x00, 0x1A, 0xFA, 0x00, 0x00, 0x1B, 0x3A, 
0x00, 0x00, 0x1B, 0xC2, 0x00, 0x00, 0x1C, 0x28, 0x00, 0x00, 0x1C, 0x74, 0x00, 0x00, 0x1C, 0xCA, 
0x00, 0x00, 0x1D, 0x0E, 0x00, 0x00, 0x1D, 0x40, 0x00, 0x00, 0x1D, 0x86, 0x00, 0x00, 0x1D, 0xC4, 
0x00, 0x00, 0x1D, 0xF4, 0x00, 0x00, 0x1E, 0x2A, 0x00, 0x00, 0x1F, 0x0E, 0x00, 0x00, 0x1F, 0xA2, 
0x00, 0x00, 0x20, 0x2C, 0x00, 0x00, 0x20, 0xCE, 0x00, 0x00, 0x21, 0x5C, 0x00, 0x00, 0x21, 0xDE, 
0x00, 0x00, 0x22, 0xB6, 0x00, 0x00, 0x23, 0x28, 0x00, 0x00, 0x23, 0x6E, 0x00, 0x00, 0x23, 0xD8, 
0x00, 0x00, 0x24, 0x34, 0x00, 0x00, 0x24, 0x62, 0x00, 0x00, 0x25, 0x18, 0x00, 0x00, 0x25, 0xA2, 
0x00, 0x00, 0x26, 0x30, 0x00, 0x00, 0x26, 0xD2, 0x00, 0x00, 0x27, 0x70, 0x00, 0x00, 0x27, 0xDC, 
0x00, 0x00, 0x28, 0xA2, 0x00, 0x00, 0x29, 0x16, 0x00, 0x00, 0x29, 0x82, 0x00, 0x00, 0x29, 0xC6, 
0x00, 0x00, 0x2A, 0x3C, 0x00, 0x00, 0x2A, 0xA0, 0x00, 0x00, 0x2B, 0x0C, 0x00, 0x00, 0x2B, 0x60, 
0x00, 0x00, 0x2B, 0xE8, 0x00, 0x00, 0x2C, 0x16, 0x00, 0x00, 0x2C, 0x8E, 0x00, 0x00, 0x2D, 0x08, 
0x00, 0x00, 0x2D, 0x66, 0x00, 0x00, 0x2D, 0xFA, 0x00, 0x00, 0x2E, 0xBA, 0x00, 0x00, 0x2E, 0xF6, 
0x00, 0x00, 0x2F, 0x68, 0x00, 0x00, 0x2F, 0xC2, 0x00, 0x00, 0x30, 0x4C, 0x00, 0x00, 0x31, 0x06, 
0x00, 0x00, 0x31, 0x60, 0x00, 0x00, 0x31, 0xFC, 0x00, 0x00, 0x32, 0x5A, 0x00, 0x00, 0x32, 0xBA, 
0x00, 0x00, 0x33, 0x26, 0x00, 0x00, 0x33, 0x82, 0x00, 0x00, 0x34, 0x28, 0x00, 0x00, 0x34, 0x70, 
0x00, 0x00, 0x35, 0x02, 0x00, 0x00, 0x35, 0x98, 0x00, 0x00, 0x35, 0xDE, 0x00, 0x00, 0x36, 0x2C, 
0x00, 0x00, 0x36, 0xF4, 0x00, 0x00, 0x37, 0x5A, 0x00, 0x00, 0x37, 0xA8, 0x00, 0x00, 0x38, 0x16, 
0x00, 0x00, 0x38, 0x72, 0x00, 0x00, 0x38, 0xD4, 0x00, 0x00, 0x39, 0x6A, 0x00, 0x00, 0x3A, 0x0C, 
0x00, 0x00, 0x3A, 0x96, 0x00, 0x00, 0x3B, 0x3E, 0x00, 0x00, 0x3C, 0x04, 0x00, 0x00, 0x3C, 0xC0, 
0x00, 0x00, 0x3D, 0x18, 0x00, 0x00, 0x3D, 0x9E, 0x00, 0x00, 0x3E, 0x4C, 0x00, 0x00, 0x3F, 0x32, 
0x00, 0x00, 0x40, 0x5C, 0x00, 0x00, 0x40, 0xA6, 0x00, 0x00, 0x41, 0x12, 0x00, 0x00, 0x41, 0x58, 
0x00, 0x00, 0x42, 0x98, 0x00, 0x00, 0x43, 0xCE, 0x00, 0x00, 0x44, 0x5C, 0x00, 0x00, 0x45, 0x7C, 
0x00, 0x00, 0x45, 0xDC, 0x00, 0x00, 0x46, 0x60, 0x00, 0x00, 0x46, 0xB4, 0x00, 0x00, 0x47, 0x8A, 
0x00, 0x00, 0x48, 0x66, 0x00, 0x00, 0x48, 0xD2, 0x00, 0x00, 0x49, 0x2C, 0x00, 0x00, 0x49, 0x84, 
0x00, 0x00, 0x4A, 0x16, 0x00, 0x00, 0x4A, 0x90, 0x00, 0x00, 0x4B, 0x56, 0x00, 0x00, 0x4B, 0xC6, 
0x00, 0x00, 0x4C, 0x74, 0x00, 0x00, 0x4D, 0x12, 0x00, 0x00, 0x4D, 0x6E, 0x00, 0x00, 0x4D, 0xCA, 
0x00, 0x00, 0x4E, 0x10, 0x00, 0x00, 0x4E, 0x7A, 0x00, 0x00, 0x4F, 0x6A, 0x00, 0x00, 0x4F, 0xA6, 
0x00, 0x00, 0x4F, 0xF4, 0x00, 0x00, 0x50, 0x9C, 0x00, 0x00, 0x51, 0x76, 0x00, 0x00, 0x51, 0xCA, 
0x00, 0x00, 0x52, 0x28, 0x00, 0x00, 0x52, 0x80, 0x00, 0x00, 0x52, 0xD8, 0x00, 0x00, 0x53, 0x06, 
0x00, 0x00, 0x53, 0x44, 0x00, 0x00, 0x53, 0x7E, 0x00, 0x00, 0x53, 0xF4, 0x00, 0x00, 0x54, 0x6C, 
0x00, 0x00, 0x55, 0x32, 0x00, 0x00, 0x55, 0x64, 0x00, 0x00, 0x55, 0x94, 0x00, 0x00, 0x56, 0x16, 
0x00, 0x00, 0x56, 0x94, 0x00, 0x00, 0x56, 0xE4, 0x00, 0x00, 0x57, 0x2E, 0x00, 0x00, 0x57, 0x88, 
0x00, 0x00, 0x57, 0xFE, 0x00, 0x00, 0x58, 0x8A, 0x00, 0x00, 0x59, 0x2A, 0x00, 0x00, 0x59, 0xA6, 
0x00, 0x00, 0x59, 0xD6, 0x00, 0x00, 0x5A, 0xAA, 0x00, 0x00, 0x5B, 0x2E, 0x00, 0x00, 0x5B, 0xE8, 
0x00, 0x00, 0x5C, 0x82, 0x00, 0x00, 0x5D, 0x66, 0x00, 0x00, 0x5E, 0x32, 0x00, 0x00, 0x5E, 0xD2, 
0x00, 0x00, 0x5F, 0x90, 0x00, 0x00, 0x60, 0x68, 0x00, 0x00, 0x60, 0xF6, 0x00, 0x00, 0x61, 0x7E, 
0x00, 0x00, 0x62, 0x4E, 0x00, 0x00, 0x62, 0xBA, 0x00, 0x00, 0x63, 0x68, 0x00, 0x00, 0x63, 0xC4, 
0x00, 0x00, 0x64, 0x52, 0x00, 0x00, 0x64, 0xB6, 0x00, 0x00, 0x65, 0x12, 0x00, 0x00, 0x65, 0xA0, 
0x00, 0x00, 0x66, 0x2A, 0x00, 0x00, 0x66, 0xCC, 0x00, 0x00, 0x67, 0x56, 0x00, 0x00, 0x68, 0x0C, 
0x00, 0x00, 0x68, 0x78, 0x00, 0x00, 0x69, 0x80, 0x00, 0x00, 0x69, 0xE4, 0x00, 0x00, 0x6A, 0x62, 
0x00, 0x00, 0x6A, 0xD0, 0x00, 0x00, 0x6B, 0x88, 0x00, 0x00, 0x6C, 0x52, 0x00, 0x00, 0x6C, 0xDE, 
0x00, 0x00, 0x6D, 0x70, 0x00, 0x00, 0x6D, 0xEC, 0x00, 0x00, 0x6E, 0x90, 0x00, 0x00, 0x6F, 0x44, 
0x00, 0x00, 0x70, 0x4A, 0x00, 0x00, 0x70, 0x4A, 0x00, 0x00, 0x71, 0x08, 0x00, 0x00, 0x71, 0xCE, 
0x00, 0x00, 0x71, 0xFC, 0x00, 0x00, 0x72, 0x2C, 0x00, 0x00, 0x72, 0x72, 0x00, 0x00, 0x72, 0xBC, 
0x00, 0x00, 0x73, 0x5C, 0x00, 0x00, 0x73, 0xDA, 0x00, 0x00, 0x74, 0x48, 0x00, 0x00, 0x74, 0x7A, 
0x00, 0x00, 0x74, 0xAA, 0x00, 0x00, 0x74, 0xFA, 0x00, 0x00, 0x75, 0x44, 0x00, 0x00, 0x75, 0xE4, 
0x00, 0x00, 0x76, 0x66, 0x00, 0x00, 0x76, 0xE4, 0x00, 0x00, 0x77, 0xA2, 0x00, 0x00, 0x78, 0x86, 
0x00, 0x00, 0x78, 0xD0, 0x00, 0x00, 0x79, 0x28, 0x00, 0x00, 0x7A, 0x00, 0x00, 0x00, 0x7A, 0xD4, 
0x00, 0x00, 0x7B, 0x58, 0x00, 0x00, 0x7B, 0xE6, 0x40, 0x1A, 0x15, 0x27, 0x05, 0x23, 0x05, 0x1F, 
0x0D, 0x18, 0x04, 0x1F, 0x70, 0x0E, 0x0D, 0x1B, 0x70, 0x08, 0x67, 0x2A, 0x61, 0x03, 0x70, 0x70, 
0x3A, 0x0D, 0x31, 0x00, 0x8D, 0xB8, 0x03, 0x3C, 0x85, 0x1D, 0x2B, 0x2B, 0x00, 0x02, 0x00, 0x00, 
0x00, 0x00, 0x00, 0x00, 0xFF, 0x7D, 0x00, 0x4C, 0x00, 0x00, 0x00, 0x00, 0x00, 0x00, 0x00, 0x00, 
0x00, 0x00, 0x00, 0x00, 0x00, 0x00, 0x00, 0x00, 0x00, 0x00, 0x00, 0x00, 0x00, 0xF7, 0x00, 0x00, 
0x00, 0x01, 0x00, 0x02, 0x00, 0x04, 0x00, 0x05, 0x00, 0x06, 0x00, 0x07, 0x00, 0x08, 0x00, 0x09, 
0x00, 0x0A, 0x00, 0x0B, 0x00, 0x0C, 0x00, 0x0D, 0x00, 0x0E, 0x00, 0x0F, 0x00, 0x10, 0x00, 0x11, 
0x00, 0x12, 0x00, 0x13, 0x00, 0x14, 0x00, 0x15, 0x00, 0x16, 0x00, 0x17, 0x00, 0x18, 0x00, 0x19, 
0x00, 0x1A, 0x00, 0x1B, 0x00, 0x1C, 0x00, 0x1D, 0x00, 0x1E, 0x00, 0x1F, 0x00, 0x20, 0x00, 0x21, 
0x00, 0x22, 0x00, 0x23, 0x00, 0x24, 0x00, 0x25, 0x00, 0x26, 0x00, 0x27, 0x00, 0x28, 0x00, 0x29, 
0x00, 0x2A, 0x00, 0x2B, 0x00, 0x2C, 0x00, 0x2D, 0x00, 0x2E, 0x00, 0x2F, 0x00, 0x30, 0x00, 0x31, 
0x00, 0x32, 0x00, 0x33, 0x00, 0x34, 0x00, 0x35, 0x00, 0x36, 0x00, 0x37, 0x00, 0x38, 0x00, 0x39, 
0x00, 0x3A, 0x00, 0x3B, 0x00, 0x3C, 0x00, 0x3D, 0x00, 0x3E, 0x00, 0x3F, 0x00, 0x40, 0x00, 0x41, 
0x00, 0x42, 0x00, 0x43, 0x00, 0x44, 0x00, 0x45, 0x00, 0x46, 0x00, 0x47, 0x00, 0x48, 0x00, 0x49, 
0x00, 0x4A, 0x00, 0x4B, 0x00, 0x4C, 0x00, 0x4D, 0x00, 0x4E, 0x00, 0x4F, 0x00, 0x50, 0x00, 0x51, 
0x00, 0x52, 0x00, 0x53, 0x00, 0x54, 0x00, 0x55, 0x00, 0x56, 0x00, 0x57, 0x00, 0x58, 0x00, 0x59, 
0x00, 0x5A, 0x00, 0x5B, 0x00, 0x5C, 0x00, 0x5D, 0x00, 0x5E, 0x00, 0x5F, 0x00, 0x60, 0x00, 0x61, 
0x00, 0x62, 0x00, 0x63, 0x00, 0x64, 0x00, 0x65, 0x00, 0x66, 0x00, 0x67, 0x00, 0x68, 0x00, 0x69, 
0x00, 0x6A, 0x00, 0x6B, 0x00, 0x6C, 0x00, 0x6D, 0x00, 0x6E, 0x00, 0x6F, 0x00, 0x70, 0x00, 0x71, 
0x00, 0x72, 0x00, 0x73, 0x00, 0x74, 0x00, 0x75, 0x00, 0x76, 0x00, 0x77, 0x00, 0x78, 0x00, 0x79, 
0x00, 0x7A, 0x00, 0x7B, 0x00, 0x7C, 0x00, 0x7D, 0x00, 0x7E, 0x00, 0x7F, 0x00, 0x80, 0x00, 0x81, 
0x00, 0x82, 0x00, 0x83, 0x00, 0x84, 0x00, 0x85, 0x00, 0x86, 0x00, 0x87, 0x00, 0x88, 0x00, 0x89, 
0x00, 0x8A, 0x00, 0x8B, 0x00, 0x8C, 0x00, 0x8D, 0x00, 0x8E, 0x00, 0x8F, 0x00, 0x90, 0x00, 0x91, 
0x00, 0x92, 0x00, 0x93, 0x00, 0x94, 0x00, 0x95, 0x00, 0x96, 0x00, 0x97, 0x00, 0x98, 0x00, 0x99, 
0x00, 0x9A, 0x00, 0x9B, 0x00, 0x9C, 0x00, 0x9D, 0x00, 0x9E, 0x00, 0xA2, 0x00, 0xA3, 0x00, 0xA4, 
0x00, 0xA5, 0x00, 0xA6, 0x00, 0xA7, 0x00, 0xA8, 0x00, 0xA9, 0x00, 0xAA, 0x00, 0xAB, 0x00, 0xAC, 
0x00, 0xAD, 0x00, 0xAE, 0x00, 0xAF, 0x00, 0xB0, 0x00, 0xB1, 0x00, 0xB2, 0x00, 0xB3, 0x00, 0xB4, 
0x00, 0xB5, 0x00, 0xB6, 0x00, 0xB7, 0x00, 0xB8, 0x00, 0xB9, 0x00, 0xBA, 0x00, 0xBB, 0x00, 0xBC, 
0x00, 0xBD, 0x00, 0xBE, 0x00, 0xBF, 0x00, 0xC0, 0x00, 0xC1, 0x00, 0xC2, 0x00, 0xC3, 0x00, 0xC4, 
0x00, 0xC5, 0x00, 0xC6, 0x00, 0xC7, 0x00, 0xC8, 0x00, 0xC9, 0x00, 0xCA, 0x00, 0xCB, 0x00, 0xCC, 
0x00, 0xCD, 0x00, 0xCE, 0x00, 0xCF, 0x00, 0xD0, 0x00, 0xD1, 0x00, 0xD2, 0x00, 0xD3, 0x00, 0xD4, 
0x00, 0xD5, 0x00, 0xD6, 0x00, 0xD7, 0x00, 0xD8, 0x00, 0xD9, 0x00, 0xDA, 0x00, 0xDB, 0x00, 0xDC, 
0x00, 0xDD, 0x00, 0xDE, 0x00, 0xDF, 0x00, 0xE0, 0x00, 0xE1, 0x00, 0x03, 0x01, 0x02, 0x01, 0x03, 
0x00, 0xE8, 0x01, 0x04, 0x00, 0xF3, 0x01, 0x05, 0x01, 0x06, 0x01, 0x07, 0x01, 0x08, 0x01, 0x09, 
0x01, 0x0A, 0x01, 0x0B, 0x01, 0x0C, 0x01, 0x0D, 0x01, 0x0E, 0x01, 0x0F, 0x01, 0x10, 0x01, 0x11, 
0x01, 0x12, 0x01, 0x13, 0x01, 0x14, 0x01, 0x15, 0x01, 0x16, 0x01, 0x17, 0x07, 0x5F, 0x65, 0x78, 
0x74, 0x72, 0x61, 0x31, 0x07, 0x5F, 0x65, 0x78, 0x74, 0x72, 0x61, 0x32, 0x0A, 0x73, 0x6F, 0x66, 
0x74, 0x68, 0x79, 0x70, 0x68, 0x65, 0x6E, 0x07, 0x61, 0x63, 0x75, 0x74, 0x65, 0x2E, 0x30, 0x0B, 
0x59, 0x64, 0x69, 0x65, 0x72, 0x65, 0x73, 0x69, 0x73, 0x2E, 0x30, 0x0C, 0x63, 0x69, 0x72, 0x63, 
0x75, 0x6D, 0x66, 0x6C, 0x65, 0x78, 0x2E, 0x30, 0x07, 0x74, 0x69, 0x6C, 0x64, 0x65, 0x2E, 0x30, 
0x08, 0x65, 0x6E, 0x64, 0x61, 0x73, 0x68, 0x2E, 0x30, 0x08, 0x65, 0x6D, 0x64, 0x61, 0x73, 0x68, 
0x2E, 0x30, 0x0B, 0x71, 0x75, 0x6F, 0x74, 0x65, 0x6C, 0x65, 0x66, 0x74, 0x2E, 0x30, 0x0C, 0x71, 
0x75, 0x6F, 0x74, 0x65, 0x72, 0x69, 0x67, 0x68, 0x74, 0x2E, 0x30, 0x10, 0x71, 0x75, 0x6F, 0x74, 
0x65, 0x73, 0x69, 0x6E, 0x67, 0x6C, 0x62, 0x61, 0x73, 0x65, 0x2E, 0x30, 0x0E, 0x71, 0x75, 0x6F, 
0x74, 0x65, 0x64, 0x62, 0x6C, 0x6C, 0x65, 0x66, 0x74, 0x2E, 0x30, 0x0F, 0x71, 0x75, 0x6F, 0x74, 
0x65, 0x64, 0x62, 0x6C, 0x72, 0x69, 0x67, 0x68, 0x74, 0x2E, 0x30, 0x0E, 0x71, 0x75, 0x6F, 0x74, 
0x65, 0x64, 0x62, 0x6C, 0x62, 0x61, 0x73, 0x65, 0x2E, 0x30, 0x0B, 0x64, 0x61, 0x67, 0x67, 0x65, 
0x72, 0x64, 0x62, 0x6C, 0x2E, 0x30, 0x08, 0x62, 0x75, 0x6C, 0x6C, 0x65, 0x74, 0x2E, 0x30, 0x0A, 
0x65, 0x6C, 0x6C, 0x69, 0x70, 0x73, 0x69, 0x73, 0x2E, 0x30, 0x0D, 0x70, 0x65, 0x72, 0x74, 0x68, 
0x6F, 0x75, 0x73, 0x61, 0x6E, 0x64, 0x2E, 0x30, 0x0F, 0x67, 0x75, 0x69, 0x6C, 0x73, 0x69, 0x6E, 
0x67, 0x6C, 0x6C, 0x65, 0x66, 0x74, 0x2E, 0x30, 0x10, 0x67, 0x75, 0x69, 0x6C, 0x73, 0x69, 0x6E, 
0x67, 0x6C, 0x72, 0x69, 0x67, 0x68, 0x74, 0x2E, 0x30, 0x0B, 0x74, 0x72, 0x61, 0x64, 0x65, 0x6D, 
0x61, 0x72, 0x6B, 0x2E, 0x30, 0x00, 0x00, 0x00, 0x00, 0x00, 0x00, 0x10, 0x00, 0xC6, 0x00, 0x01, 
0x00, 0x00, 0x00, 0x00, 0x00, 0x00, 0x00, 0x10, 0x00, 0x00, 0x00, 0x01, 0x00, 0x00, 0x00, 0x00, 
0x00, 0x01, 0x00, 0x0C, 0x00, 0x10, 0x00, 0x01, 0x00, 0x00, 0x00, 0x00, 0x00, 0x02, 0x00, 0x07, 
0x00, 0x1C, 0x00, 0x01, 0x00, 0x00, 0x00, 0x00, 0x00, 0x03, 0x00, 0x17, 0x00, 0x23, 0x00, 0x01, 
0x00, 0x00, 0x00, 0x00, 0x00, 0x04, 0x00, 0x0C, 0x00, 0x3A, 0x00, 0x01, 0x00, 0x00, 0x00, 0x00, 
0x00, 0x05, 0x00, 0x07, 0x00, 0x46, 0x00, 0x01, 0x00, 0x00, 0x00, 0x00, 0x00, 0x06, 0x00, 0x0B, 
0x00, 0x4D, 0x00, 0x01, 0x00, 0x00, 0x00, 0x00, 0x00, 0x07, 0x00, 0x00, 0x00, 0x58, 0x00, 0x03, 
0x00, 0x01, 0x04, 0x09, 0x00, 0x00, 0x00, 0x20, 0x00, 0x58, 0x00, 0x03, 0x00, 0x01, 0x04, 0x09, 
0x00, 0x01, 0x00, 0x18, 0x00, 0x78, 0x00, 0x03, 0x00, 0x01, 0x04, 0x09, 0x00, 0x02, 0x00, 0x0E, 
0x00, 0x90, 0x00, 0x03, 0x00, 0x01, 0x04, 0x09, 0x00, 0x03, 0x00, 0x2E, 0x00, 0x9E, 0x00, 0x03, 
0x00, 0x01, 0x04, 0x09, 0x00, 0x04, 0x00, 0x18, 0x00, 0xCC, 0x00, 0x03, 0x00, 0x01, 0x04, 0x09, 
0x00, 0x05, 0x00, 0x0E, 0x00, 0xE4, 0x00, 0x03, 0x00, 0x01, 0x04, 0x09, 0x00, 0x06, 0x00, 0x16, 
0x00, 0xF2, 0x00, 0x03, 0x00, 0x01, 0x04, 0x09, 0x00, 0x07, 0x00, 0x00, 0x01, 0x08, 0x20, 0x21, 
0x32, 0x32, 0x21, 0x20, 0x53, 0x6F, 0x66, 0x74, 0x20, 0x31, 0x39, 0x39, 0x32, 0x00, 0x56, 0x61, 
0x6E, 0x74, 0x61, 0x20, 0x4D, 0x65, 0x64, 0x69, 0x75, 0x6D, 0x52, 0x65, 0x67, 0x75, 0x6C, 0x61, 
0x72, 0x46, 0x6F, 0x6E, 0x74, 0x4D, 0x6F, 0x6E, 0x67, 0x65, 0x72, 0x3A, 0x56, 0x61, 0x6E, 0x74, 
0x61, 0x20, 0x4D, 0x65, 0x64, 0x69, 0x75, 0x6D, 0x56, 0x61, 0x6E, 0x74, 0x61, 0x20, 0x4D, 0x65, 
0x64, 0x69, 0x75, 0x6D, 0x30, 0x30, 0x31, 0x2E, 0x30, 0x30, 0x31, 0x56, 0x61, 0x6E, 0x74, 0x61, 
0x4D, 0x65, 0x64, 0x69, 0x75, 0x6D, 0xFF, 0xA9, 0x00, 0x20, 0x00, 0x21, 0x00, 0x32, 0x00, 0x32, 
0x00, 0x21, 0x00, 0x20, 0x00, 0x53, 0x00, 0x6F, 0x00, 0x66, 0x00, 0x74, 0x00, 0x20, 0x00, 0x31, 
0x00, 0x39, 0x00, 0x39, 0x00, 0x32, 0x00, 0x56, 0x00, 0x61, 0x00, 0x6E, 0x00, 0x74, 0x00, 0x61, 
0x00, 0x20, 0x00, 0x4D, 0x00, 0x65, 0x00, 0x64, 0x00, 0x69, 0x00, 0x75, 0x00, 0x6D, 0x00, 0x52, 
0x00, 0x65, 0x00, 0x67, 0x00, 0x75, 0x00, 0x6C, 0x00, 0x61, 0x00, 0x72, 0x00, 0x46, 0x00, 0x6F, 
0x00, 0x6E, 0x00, 0x74, 0x00, 0x4D, 0x00, 0x6F, 0x00, 0x6E, 0x00, 0x67, 0x00, 0x65, 0x00, 0x72, 
0x00, 0x3A, 0x00, 0x56, 0x00, 0x61, 0x00, 0x6E, 0x00, 0x74, 0x00, 0x61, 0x00, 0x20, 0x00, 0x4D, 
0x00, 0x65, 0x00, 0x64, 0x00, 0x69, 0x00, 0x75, 0x00, 0x6D, 0x00, 0x56, 0x00, 0x61, 0x00, 0x6E, 
0x00, 0x74, 0x00, 0x61, 0x00, 0x20, 0x00, 0x4D, 0x00, 0x65, 0x00, 0x64, 0x00, 0x69, 0x00, 0x75, 
0x00, 0x6D, 0x00, 0x30, 0x00, 0x30, 0x00, 0x31, 0x00, 0x2E, 0x00, 0x30, 0x00, 0x30, 0x00, 0x31, 
0x00, 0x56, 0x00, 0x61, 0x00, 0x6E, 0x00, 0x74, 0x00, 0x61, 0x00, 0x4D, 0x00, 0x65, 0x00, 0x64, 
0x00, 0x69, 0x00, 0x75, 0x00, 0x6D, 0x00, 0x00, 0x00, 0x01, 0x00, 0x00, 0x80, 0x00, 0x00, 0x00, 
0x02, 0x58, 0x04, 0x4C, 0x00, 0x00, 0x00, 0x00, 0x05, 0xE3, 0x00, 0x00, 0x56, 0x61, 0x6E, 0x74, 
0x61, 0x20, 0x4D, 0x65, 0x64, 0x69, 0x75, 0x6D, 0x00, 0x00, 0x00, 0x00, 0xFF, 0xFF, 0xFF, 0xFF, 
0x37, 0xFF, 0xFF, 0xFE, 0x00, 0x00, 0x00, 0x00, 0x00, 0x00, 0x00, 0x00, 0x40, 0x00, 0x00, 0x00, 
0x00, 0x02, 0x01, 0x00, 0x00, 0x00, 0x05, 0x00, 0x05, 0x00, 0x00, 0x03, 0x00, 0x07, 0x00, 0x22, 
0x40, 0x1B, 0x39, 0x02, 0x06, 0x00, 0x06, 0x04, 0x39, 0x00, 0x09, 0x00, 0x07, 0x02, 0x04, 0x86, 
0x03, 0x05, 0x00, 0x05, 0x86, 0x07, 0x01, 0x00, 0x06, 0x02, 0x09, 0x0F, 0x03, 0x2B, 0x31, 0x00, 
0x2B, 0x30, 0x21, 0x11, 0x21, 0x11, 0x27, 0x11, 0x21, 0x11, 0x01, 0x00, 0x04, 0x00, 0x21, 0xFC, 
0x42, 0x05, 0x00, 0xFB, 0x00, 0x21, 0x04, 0xBE, 0xFB, 0x42, 0x00, 0x02, 0x00, 0xAA, 0x00, 0x00, 
0x01, 0x85, 0x05, 0xBA, 0x00, 0x03, 0x00, 0x07, 0x00, 0x21, 0x40, 0x19, 0x03, 0x01, 0x05, 0x18, 
0x07, 0x09, 0x10, 0x07, 0x01, 0x04, 0x01, 0x0C, 0x06, 0x01, 0x04, 0x01, 0x61, 0x01, 0x00, 0x0A, 
0x05, 0x01, 0x09, 0x0F, 0x03, 0x2B, 0x31, 0x00, 0x3F, 0x2B, 0x30, 0x13, 0x33, 0x03, 0x23, 0x07, 
0x33, 0x15, 0x23, 0xAA, 0xDB, 0x2B, 0x83, 0x2D, 0xDB, 0xDB, 0x05, 0xBA, 0xFB, 0xAC, 0x81, 0xE5, 
0x00, 0x02, 0x00, 0x6A, 0x03, 0x6A, 0x02, 0x62, 0x05, 0xBA, 0x00, 0x03, 0x00, 0x07, 0x00, 0x20, 
0x40, 0x16, 0x05, 0x01, 0x07, 0x0C, 0x03, 0x0C, 0x07, 0x05, 0x04, 0x02, 0x01, 0x00, 0x06, 0x55, 
0x03, 0x06, 0x01, 0x05, 0x01, 0x09, 0x0F, 0x03, 0x2B, 0x31, 0x00, 0x3F, 0x3F, 0x2E, 0x2E, 0x30, 
0x01, 0x23, 0x03, 0x33, 0x01, 0x23, 0x03, 0x33, 0x02, 0x39, 0x74, 0x27, 0xC4, 0xFE, 0xA2, 0x75, 
0x25, 0xC3, 0x03, 0x6A, 0x02, 0x50, 0xFD, 0xB0, 0x02, 0x50, 0x00, 0x02, 0x00, 0x17, 0x00, 0x00, 
0x04, 0x48, 0x05, 0xBA, 0x00, 0x1B, 0x00, 0x1F, 0x00, 0x4F, 0x40, 0x44, 0x17, 0x14, 0x02, 0x1D, 
0x19, 0x02, 0x2E, 0x0F, 0x0D, 0x0A, 0x06, 0x1F, 0x1B, 0x02, 0x06, 0x01, 0x02, 0x2F, 0x0B, 0x09, 
0x0A, 0x06, 0x02, 0x04, 0x16, 0x0C, 0x12, 0x0C, 0x08, 0x09, 0x04, 0x09, 0x1F, 0x1E, 0x1D, 0x1C, 
0x1B, 0x1A, 0x17, 0x16, 0x15, 0x14, 0x13, 0x12, 0x11, 0x10, 0x0F, 0x0D, 0x0C, 0x09, 0x08, 0x07, 
0x06, 0x05, 0x04, 0x03, 0x02, 0x01, 0x1A, 0x46, 0x19, 0x0B, 0x01, 0x05, 0x01, 0x21, 0x0F, 0x03, 
0x2B, 0x31, 0x00, 0x3F, 0x3F, 0x3F, 0x3F, 0x2B, 0x30, 0x01, 0x15, 0x23, 0x03, 0x23, 0x13, 0x21, 
0x03, 0x23, 0x13, 0x23, 0x35, 0x21, 0x13, 0x23, 0x35, 0x21, 0x13, 0x33, 0x03, 0x21, 0x13, 0x33, 
0x03, 0x33, 0x15, 0x23, 0x03, 0x03, 0x21, 0x03, 0x21, 0x04, 0x10, 0xED, 0x44, 0x81, 0x48, 0xFE, 
0xD7, 0x48, 0x7D, 0x48, 0xE9, 0x01, 0x00, 0x28, 0xED, 0x01, 0x04, 0x42, 0x7A, 0x3F, 0x01, 0x23, 
0x43, 0x7D, 0x41, 0xD3, 0xE6, 0x29, 0x56, 0xFE, 0xD9, 0x29, 0x01, 0x23, 0x02, 0x5A, 0x7B, 0xFE, 
0x21, 0x01, 0xDF, 0xFE, 0x21, 0x01, 0xDF, 0x7B, 0x01, 0x27, 0x7D, 0x01, 0xBC, 0xFE, 0x44, 0x01, 
0xBC, 0xFE, 0x44, 0x7D, 0xFE, 0xD9, 0x01, 0x27, 0xFE, 0xD9, 0x00, 0x03, 0x00, 0x3B, 0xFF, 0x29, 
0x04, 0x1F, 0x06, 0x42, 0x00, 0x27, 0x00, 0x30, 0x00, 0x39, 0x00, 0x3A, 0x40, 0x32, 0x32, 0x31, 
0x30, 0x28, 0x22, 0x18, 0x15, 0x0F, 0x04, 0x00, 0x0A, 0x13, 0x15, 0x01, 0x36, 0x0F, 0x09, 0x14, 
0x01, 0x6F, 0x1C, 0x36, 0x01, 0x05, 0x32, 0x20, 0x19, 0x03, 0x28, 0x22, 0x05, 0x03, 0x82, 0x0F, 
0x0D, 0x0A, 0x06, 0x27, 0x01, 0x00, 0x01, 0x6F, 0x2C, 0x09, 0x05, 0x06, 0x03, 0x3B, 0x0F, 0x03, 
0x2B, 0x2B, 0x31, 0x00, 0x2A, 0x30, 0x13, 0x16, 0x17, 0x16, 0x17, 0x11, 0x26, 0x27, 0x26, 0x35, 
0x34, 0x37, 0x36, 0x37, 0x35, 0x33, 0x15, 0x16, 0x17, 0x16, 0x17, 0x23, 0x2E, 0x01, 0x27, 0x11, 
0x1E, 0x01, 0x15, 0x14, 0x07, 0x06, 0x07, 0x15, 0x23, 0x35, 0x26, 0x27, 0x26, 0x27, 0x01, 0x06, 
0x07, 0x06, 0x15, 0x14, 0x17, 0x16, 0x17, 0x17, 0x11, 0x36, 0x37, 0x36, 0x35, 0x34, 0x27, 0x26, 
0xEE, 0x14, 0x35, 0x33, 0x90, 0xBB, 0x6A, 0x6B, 0x6F, 0x6D, 0xB4, 0x70, 0xCF, 0x61, 0x5E, 0x0C, 
0xB0, 0x1D, 0x5E, 0x6F, 0xCB, 0xEA, 0xA2, 0x66, 0xAD, 0x70, 0xE1, 0x6B, 0x6C, 0x07, 0x01, 0xBF, 
0x67, 0x37, 0x39, 0x33, 0x31, 0x73, 0x70, 0x7B, 0x42, 0x3F, 0x35, 0x35, 0x01, 0xE9, 0x9B, 0x4A, 
0x4C, 0x1A, 0x01, 0xFE, 0x31, 0x56, 0x54, 0xA4, 0xB0, 0x60, 0x60, 0x15, 0xA2, 0xA2, 0x19, 0x5E, 
0x5E, 0xBF, 0x85, 0x67, 0x0A, 0xFE, 0x3B, 0x35, 0xB8, 0xB2, 0xD5, 0x77, 0x46, 0x0C, 0xD7, 0xD7, 
0x1B, 0x76, 0x77, 0xE1, 0x03, 0x1B, 0x0C, 0x3C, 0x3D, 0x54, 0x50, 0x2F, 0x31, 0x2B, 0xCB, 0xFE, 
0x0E, 0x13, 0x3F, 0x3E, 0x64, 0x65, 0x37, 0x35, 0x00, 0x05, 0x00, 0xB4, 0xFF, 0xF2, 0x06, 0x46, 
0x05, 0xAE, 0x00, 0x0D, 0x00, 0x15, 0x00, 0x19, 0x00, 0x27, 0x00, 0x2F, 0x00, 0x47, 0x40, 0x3E, 
0x17, 0x01, 0x14, 0x36, 0x02, 0x0C, 0x01, 0x08, 0x35, 0x10, 0x0A, 0x00, 0x06, 0x36, 0x1E, 0x2E, 
0x00, 0x06, 0x2A, 0x38, 0x26, 0x09, 0x00, 0x07, 0x04, 0x04, 0x19, 0x09, 0x17, 0x01, 0x2C, 0x28, 
0x19, 0x01, 0x12, 0x0E, 0x02, 0x09, 0x7F, 0x22, 0x2C, 0x00, 0x05, 0x80, 0x28, 0x1A, 0x00, 0x06, 
0x7F, 0x06, 0x12, 0x00, 0x06, 0x7F, 0x0E, 0x00, 0x00, 0x06, 0x04, 0x31, 0x0F, 0x03, 0x2B, 0x2A, 
0x31, 0x00, 0x3F, 0x2B, 0x30, 0x13, 0x10, 0x21, 0x32, 0x17, 0x16, 0x15, 0x14, 0x07, 0x06, 0x23, 
0x22, 0x27, 0x26, 0x37, 0x10, 0x33, 0x32, 0x11, 0x10, 0x23, 0x22, 0x25, 0x33, 0x01, 0x23, 0x01, 
0x34, 0x37, 0x36, 0x33, 0x32, 0x17, 0x16, 0x15, 0x14, 0x07, 0x06, 0x23, 0x20, 0x13, 0x10, 0x33, 
0x32, 0x11, 0x10, 0x23, 0x22, 0xB4, 0x01, 0x11, 0x81, 0x43, 0x44, 0x46, 0x48, 0x83, 0x83, 0x41, 
0x44, 0x7D, 0x8B, 0x94, 0x8F, 0x90, 0x03, 0x98, 0x74, 0xFC, 0xF0, 0x71, 0x02, 0x73, 0x46, 0x43, 
0x85, 0x86, 0x41, 0x42, 0x46, 0x48, 0x83, 0xFE, 0xFA, 0x7B, 0x8B, 0x94, 0x90, 0x8F, 0x04, 0x1F, 
0x01, 0x8F, 0x5C, 0x5E, 0xB7, 0xBC, 0x68, 0x6B, 0x5E, 0x5C, 0xBB, 0xFE, 0xF1, 0x01, 0x25, 0x01, 
0x11, 0x56, 0xFA, 0x60, 0x01, 0x66, 0xBF, 0x64, 0x65, 0x5D, 0x5C, 0xB4, 0xC0, 0x67, 0x68, 0x01, 
0x78, 0xFE, 0xE8, 0x01, 0x27, 0x01, 0x12, 0x00, 0x00, 0x03, 0x00, 0x71, 0xFF, 0xE5, 0x05, 0x3D, 
0x05, 0xBA, 0x00, 0x22, 0x00, 0x2C, 0x00, 0x37, 0x00, 0x4B, 0x40, 0x43, 0x2D, 0x2C, 0x23, 0x16, 
0x13, 0x10, 0x0F, 0x00, 0x08, 0x32, 0x2A, 0x09, 0x32, 0x23, 0x08, 0x0C, 0x00, 0x08, 0x19, 0x01, 
0x18, 0x01, 0x2A, 0x23, 0x1D, 0x09, 0x11, 0x07, 0x02, 0x04, 0x17, 0x13, 0x02, 0x12, 0x23, 0x01, 
0x2F, 0x36, 0x09, 0x16, 0x01, 0x0F, 0x01, 0x2C, 0x10, 0x02, 0x6F, 0x0B, 0x2F, 0x15, 0x05, 0x00, 
0x01, 0x70, 0x36, 0x04, 0x01, 0x06, 0x6B, 0x27, 0x21, 0x00, 0x06, 0x03, 0x39, 0x0F, 0x03, 0x2B, 
0x2B, 0x2B, 0x2B, 0x2B, 0x30, 0x01, 0x26, 0x27, 0x26, 0x35, 0x34, 0x37, 0x36, 0x33, 0x32, 0x16, 
0x15, 0x14, 0x07, 0x06, 0x07, 0x01, 0x36, 0x37, 0x33, 0x0E, 0x01, 0x07, 0x01, 0x23, 0x27, 0x06, 
0x07, 0x06, 0x23, 0x22, 0x27, 0x26, 0x35, 0x10, 0x25, 0x06, 0x07, 0x06, 0x15, 0x14, 0x16, 0x33, 
0x32, 0x37, 0x01, 0x36, 0x35, 0x34, 0x26, 0x23, 0x22, 0x07, 0x06, 0x15, 0x14, 0x01, 0xB4, 0x5A, 
0x1D, 0x1E, 0x62, 0x60, 0x94, 0x99, 0xB7, 0x3C, 0x3B, 0x92, 0x01, 0x00, 0x23, 0x17, 0xB4, 0x12, 
0x2E, 0x35, 0x01, 0x08, 0xE9, 0x8B, 0x63, 0x60, 0x62, 0x81, 0xBD, 0x7A, 0x7B, 0x01, 0xB2, 0x92, 
0x2D, 0x2F, 0x94, 0x6C, 0xA2, 0x87, 0xFE, 0xF6, 0xB8, 0x5A, 0x43, 0x44, 0x29, 0x2B, 0x03, 0x2D, 
0x7F, 0x44, 0x41, 0x4C, 0x87, 0x5C, 0x5A, 0xAC, 0x8D, 0x6F, 0x51, 0x54, 0x61, 0xFE, 0xC7, 0x56, 
0x98, 0x75, 0xA4, 0x69, 0xFE, 0xC5, 0xAA, 0x64, 0x31, 0x34, 0x75, 0x73, 0xB8, 0x01, 0x02, 0x2B, 
0x62, 0x3C, 0x3D, 0x52, 0x6A, 0x90, 0xA2, 0x02, 0x5C, 0x77, 0x7D, 0x41, 0x56, 0x28, 0x2B, 0x40, 
0x58, 0x00, 0x00, 0x01, 0x00, 0x62, 0x03, 0x6A, 0x01, 0x23, 0x05, 0xBA, 0x00, 0x03, 0x00, 0x14, 
0x40, 0x0C, 0x01, 0x03, 0x0C, 0x6D, 0x03, 0x02, 0x00, 0x05, 0x01, 0x05, 0x0F, 0x03, 0x2B, 0x31, 
0x00, 0x3F, 0x2E, 0x30, 0x13, 0x23, 0x03, 0x33, 0xF8, 0x71, 0x25, 0xC1, 0x03, 0x6A, 0x02, 0x50, 
0x00, 0x01, 0x00, 0x9A, 0xFE, 0x48, 0x02, 0x87, 0x05, 0xBA, 0x00, 0x13, 0x00, 0x18, 0x40, 0x11, 
0x0B, 0x07, 0x01, 0x0C, 0x0A, 0x01, 0x02, 0x12, 0x6B, 0x05, 0x10, 0x00, 0x05, 0x01, 0x15, 0x0F, 
0x03, 0x2B, 0x2B, 0x3F, 0x3F, 0x30, 0x01, 0x33, 0x06, 0x07, 0x06, 0x11, 0x14, 0x17, 0x16, 0x12, 
0x17, 0x23, 0x26, 0x02, 0x27, 0x26, 0x35, 0x10, 0x37, 0x36, 0x01, 0xF6, 0x91, 0xA4, 0x41, 0x44, 
0x1F, 0x1D, 0x85, 0x62, 0x8B, 0x79, 0x98, 0x24, 0x27, 0x52, 0x51, 0x05, 0xBA, 0xFE, 0xD3, 0xD2, 
0xFE, 0xE3, 0xB8, 0x9A, 0x9A, 0xFE, 0xD5, 0x9B, 0x9D, 0x01, 0x1B, 0x9E, 0x9B, 0xC1, 0x01, 0x14, 
0xD1, 0xCF, 0x00, 0x01, 0x00, 0x17, 0xFE, 0x48, 0x02, 0x08, 0x05, 0xBA, 0x00, 0x10, 0x00, 0x18, 
0x40, 0x11, 0x0A, 0x0C, 0x01, 0x07, 0x09, 0x01, 0x02, 0x12, 0x69, 0x0E, 0x06, 0x00, 0x05, 0x01, 
0x12, 0x0F, 0x03, 0x2B, 0x2B, 0x3F, 0x3F, 0x30, 0x13, 0x23, 0x36, 0x37, 0x36, 0x12, 0x35, 0x10, 
0x02, 0x27, 0x33, 0x16, 0x17, 0x16, 0x11, 0x10, 0x02, 0xAA, 0x93, 0x6A, 0x42, 0x3F, 0x3D, 0x83, 
0x99, 0x87, 0xB8, 0x54, 0x52, 0xAC, 0xFE, 0x48, 0xA4, 0x91, 0x91, 0x01, 0x3C, 0xBE, 0x01, 0x1F, 
0x01, 0x95, 0xFE, 0xEB, 0xD5, 0xD7, 0xFE, 0xE5, 0xFE, 0xEC, 0xFE, 0x52, 0x00, 0x01, 0x00, 0x2D, 
0x03, 0x23, 0x02, 0xE3, 0x05, 0xBA, 0x00, 0x0E, 0x00, 0x27, 0x40, 0x20, 0x0E, 0x0A, 0x09, 0x08, 
0x04, 0x03, 0x00, 0x07, 0x13, 0x02, 0x0C, 0x0D, 0x05, 0x02, 0x12, 0x07, 0x06, 0x02, 0x0C, 0x0B, 
0x02, 0x09, 0x01, 0x76, 0x02, 0x00, 0x15, 0x05, 0x01, 0x10, 0x0F, 0x03, 0x2B, 0x2B, 0x3F, 0x2A, 
0x30, 0x01, 0x35, 0x33, 0x15, 0x37, 0x17, 0x07, 0x17, 0x07, 0x27, 0x07, 0x27, 0x37, 0x27, 0x37, 
0x01, 0x39, 0x9E, 0xDB, 0x31, 0xDB, 0x87, 0x7D, 0x8B, 0x8B, 0x7B, 0x87, 0xDB, 0x31, 0x04, 0xCD, 
0xED, 0xED, 0x47, 0x8F, 0x48, 0xBC, 0x5E, 0xBC, 0xBC, 0x5E, 0xBC, 0x48, 0x8F, 0x00, 0x00, 0x01, 
0x00, 0x66, 0x00, 0xE5, 0x04, 0x31, 0x04, 0x98, 0x00, 0x0B, 0x00, 0x26, 0x40, 0x1E, 0x01, 0x01, 
0x0B, 0x01, 0x25, 0x05, 0x07, 0x0A, 0x06, 0x01, 0x04, 0x0A, 0x04, 0x07, 0x01, 0x02, 0x12, 0x08, 
0x01, 0x0A, 0x01, 0x77, 0x04, 0x02, 0x0A, 0x05, 0x01, 0x0D, 0x0F, 0x03, 0x2B, 0x2B, 0x2E, 0x2E, 
0x2B, 0x30, 0x13, 0x35, 0x21, 0x11, 0x33, 0x11, 0x21, 0x15, 0x21, 0x11, 0x23, 0x11, 0x66, 0x01, 
0x96, 0x9C, 0x01, 0x99, 0xFE, 0x67, 0x9C, 0x02, 0x71, 0x9F, 0x01, 0x88, 0xFE, 0x78, 0x9F, 0xFE, 
0x74, 0x01, 0x8C, 0x00, 0x00, 0x01, 0x00, 0xAA, 0xFE, 0xD7, 0x01, 0x85, 0x00, 0xE9, 0x00, 0x0A, 
0x00, 0x1E, 0x40, 0x16, 0x01, 0x17, 0x09, 0x09, 0x00, 0x07, 0x01, 0x04, 0x04, 0x05, 0x01, 0x09, 
0x01, 0x61, 0x02, 0x00, 0x03, 0x05, 0x01, 0x0C, 0x0F, 0x03, 0x2B, 0x31, 0x00, 0x2E, 0x2B, 0x30, 
0x37, 0x33, 0x15, 0x10, 0x07, 0x35, 0x36, 0x37, 0x36, 0x37, 0x23, 0xAA, 0xDB, 0xDB, 0x39, 0x15, 
0x12, 0x04, 0x64, 0xE9, 0xD2, 0xFE, 0xEB, 0x2B, 0x68, 0x15, 0x27, 0x25, 0x60, 0x00, 0x00, 0x01, 
0x00, 0x66, 0x01, 0xBC, 0x02, 0x3D, 0x02, 0x81, 0x00, 0x03, 0x00, 0x17, 0x40, 0x10, 0x1C, 0x01, 
0x03, 0x00, 0x06, 0x01, 0x04, 0x56, 0x02, 0x00, 0x00, 0x05, 0x01, 0x05, 0x0F, 0x03, 0x2B, 0x31, 
0x00, 0x2B, 0x30, 0x13, 0x21, 0x15, 0x21, 0x66, 0x01, 0xD7, 0xFE, 0x29, 0x02, 0x81, 0xC5, 0x00, 
0x00, 0x01, 0x00, 0xAA, 0x00, 0x00, 0x01, 0x85, 0x00, 0xE5, 0x00, 0x03, 0x00, 0x18, 0x40, 0x11, 
0x01, 0x18, 0x03, 0x09, 0x00, 0x07, 0x01, 0x04, 0x61, 0x02, 0x00, 0x00, 0x05, 0x01, 0x05, 0x0F, 
0x03, 0x2B, 0x31, 0x00, 0x2B, 0x30, 0x37, 0x33, 0x15, 0x23, 0xAA, 0xDB, 0xDB, 0xE5, 0xE5, 0x00, 
0x00, 0x01, 0xFF, 0xCF, 0xFE, 0xD9, 0x02, 0x23, 0x05, 0xBA, 0x00, 0x03, 0x00, 0x14, 0x40, 0x0C, 
0x03, 0x01, 0x0C, 0x53, 0x01, 0x03, 0x00, 0x05, 0x01, 0x05, 0x0F, 0x03, 0x2B, 0x31, 0x00, 0x3F, 
0x2E, 0x30, 0x01, 0x33, 0x01, 0x23, 0x01, 0x71, 0xB2, 0xFE, 0x60, 0xB4, 0x05, 0xBA, 0xF9, 0x1F, 
0x00, 0x02, 0x00, 0x48, 0xFF, 0xE5, 0x04, 0x19, 0x05, 0xBA, 0x00, 0x10, 0x00, 0x1A, 0x00, 0x25, 
0x40, 0x1E, 0x19, 0x1F, 0x04, 0x0C, 0x00, 0x08, 0x13, 0x01, 0x0E, 0x1E, 0x0A, 0x09, 0x08, 0x07, 
0x02, 0x04, 0x6B, 0x07, 0x17, 0x00, 0x05, 0x6B, 0x11, 0x00, 0x00, 0x06, 0x02, 0x1C, 0x0F, 0x03, 
0x2B, 0x31, 0x00, 0x2B, 0x30, 0x13, 0x10, 0x37, 0x36, 0x33, 0x32, 0x12, 0x11, 0x10, 0x02, 0x23, 
0x22, 0x27, 0x26, 0x27, 0x26, 0x02, 0x37, 0x10, 0x21, 0x32, 0x37, 0x36, 0x11, 0x10, 0x21, 0x20, 
0x48, 0x7F, 0x7F, 0xF3, 0xEA, 0xF6, 0xFE, 0xEE, 0x73, 0x5A, 0x5C, 0x3D, 0x40, 0x3F, 0xC4, 0x01, 
0x21, 0x91, 0x4C, 0x4A, 0xFE, 0xE1, 0xFE, 0xD7, 0x02, 0xB6, 0x01, 0x7D, 0xC5, 0xC2, 0xFE, 0x90, 
0xFE, 0xA4, 0xFE, 0x8D, 0xFE, 0x6A, 0x2F, 0x2E, 0x5C, 0x5A, 0x01, 0x0E, 0xBB, 0xFD, 0xDD, 0x91, 
0x92, 0x01, 0x22, 0x02, 0x1F, 0x00, 0x00, 0x01, 0x00, 0xB4, 0x00, 0x00, 0x02, 0xC1, 0x05, 0xA0, 
0x00, 0x0B, 0x00, 0x18, 0x40, 0x11, 0x07, 0x09, 0x09, 0x00, 0x01, 0x12, 0x06, 0x01, 0x6F, 0x08, 
0x09, 0x01, 0x05, 0x01, 0x0D, 0x0F, 0x03, 0x2B, 0x2B, 0x3F, 0x2E, 0x30, 0x13, 0x36, 0x37, 0x36, 
0x37, 0x36, 0x37, 0x33, 0x11, 0x23, 0x11, 0x21, 0xB4, 0x75, 0x48, 0x47, 0x2F, 0x30, 0x16, 0x94, 
0xB9, 0xFE, 0xAC, 0x04, 0x98, 0x04, 0x14, 0x15, 0x39, 0x39, 0x69, 0xFA, 0x60, 0x04, 0x00, 0x00, 
0x00, 0x01, 0x00, 0x48, 0x00, 0x00, 0x04, 0x19, 0x05, 0xBA, 0x00, 0x29, 0x00, 0x2A, 0x40, 0x23, 
0x01, 0x01, 0x26, 0x15, 0x09, 0x26, 0x1F, 0x09, 0x0C, 0x00, 0x08, 0x15, 0x1F, 0x18, 0x09, 0x00, 
0x07, 0x02, 0x04, 0x18, 0x15, 0x01, 0x03, 0x12, 0x17, 0x01, 0x6B, 0x0F, 0x22, 0x01, 0x05, 0x01, 
0x2B, 0x0F, 0x03, 0x2B, 0x2B, 0x2B, 0x2B, 0x30, 0x01, 0x23, 0x36, 0x37, 0x36, 0x37, 0x36, 0x37, 
0x36, 0x33, 0x32, 0x17, 0x16, 0x17, 0x16, 0x15, 0x14, 0x07, 0x06, 0x05, 0x04, 0x07, 0x21, 0x15, 
0x21, 0x36, 0x37, 0x36, 0x37, 0x36, 0x37, 0x36, 0x37, 0x36, 0x35, 0x34, 0x27, 0x26, 0x23, 0x22, 
0x07, 0x06, 0x01, 0x29, 0xBC, 0x02, 0x10, 0x10, 0x2D, 0x3E, 0x66, 0x65, 0x87, 0x8B, 0x68, 0x69, 
0x39, 0x38, 0x58, 0x5B, 0xFE, 0xEE, 0xFE, 0xEB, 0x24, 0x02, 0xF9, 0xFC, 0x34, 0x06, 0x66, 0x3C, 
0x89, 0x87, 0x64, 0x65, 0x45, 0x46, 0x4A, 0x4C, 0x76, 0x94, 0x43, 0x44, 0x03, 0xA2, 0x81, 0x47, 
0x48, 0x48, 0x60, 0x31, 0x2F, 0x35, 0x35, 0x60, 0x63, 0x81, 0xE3, 0x48, 0x47, 0xA4, 0xA4, 0x9A, 
0xB8, 0xF2, 0x95, 0x58, 0x58, 0x56, 0x3C, 0x3B, 0x4C, 0x4A, 0x66, 0x77, 0x45, 0x46, 0x60, 0x63, 
0x00, 0x01, 0x00, 0x3F, 0xFF, 0xE5, 0x04, 0x1B, 0x05, 0xBA, 0x00, 0x2F, 0x00, 0x3A, 0x40, 0x33, 
0x00, 0x01, 0x09, 0x02, 0x09, 0x19, 0x01, 0x11, 0x1F, 0x1B, 0x0C, 0x01, 0x08, 0x15, 0x01, 0x23, 
0x01, 0x23, 0x0A, 0x09, 0x11, 0x06, 0x02, 0x1E, 0x29, 0x09, 0x00, 0x07, 0x03, 0x04, 0x2F, 0x15, 
0x0A, 0x03, 0x12, 0x6C, 0x25, 0x06, 0x00, 0x05, 0x23, 0x01, 0x6B, 0x1F, 0x0D, 0x01, 0x06, 0x02, 
0x31, 0x0F, 0x03, 0x2B, 0x2B, 0x2B, 0x2B, 0x30, 0x13, 0x12, 0x21, 0x32, 0x37, 0x36, 0x35, 0x34, 
0x26, 0x27, 0x35, 0x3E, 0x01, 0x35, 0x34, 0x27, 0x26, 0x23, 0x22, 0x06, 0x07, 0x23, 0x36, 0x37, 
0x36, 0x37, 0x36, 0x21, 0x32, 0x17, 0x16, 0x15, 0x14, 0x07, 0x06, 0x07, 0x16, 0x11, 0x14, 0x07, 
0x06, 0x23, 0x20, 0x27, 0x26, 0x27, 0x26, 0x27, 0xFC, 0x18, 0x01, 0x1D, 0x85, 0x52, 0x50, 0xD9, 
0xBE, 0xA9, 0xB9, 0x40, 0x41, 0x75, 0x8B, 0x75, 0x0E, 0xB9, 0x07, 0x10, 0x0E, 0x29, 0x81, 0x01, 
0x04, 0xC9, 0x73, 0x72, 0x29, 0x2B, 0x68, 0xF0, 0x88, 0x89, 0xDD, 0xFE, 0xF6, 0x90, 0x29, 0x12, 
0x12, 0x07, 0x01, 0xD3, 0xFE, 0xCB, 0x4B, 0x4A, 0x7B, 0x9E, 0x56, 0x04, 0xA6, 0x04, 0x4A, 0x91, 
0x62, 0x3C, 0x39, 0x98, 0x97, 0x89, 0x37, 0x38, 0x3D, 0xB2, 0x68, 0x6B, 0xB6, 0x77, 0x3F, 0x40, 
0x2B, 0x43, 0xFE, 0xE7, 0xCF, 0x7F, 0x81, 0xB5, 0x41, 0x46, 0x43, 0x6F, 0x00, 0x02, 0x00, 0x29, 
0x00, 0x00, 0x04, 0x48, 0x05, 0xA0, 0x00, 0x0A, 0x00, 0x0D, 0x00, 0x2B, 0x40, 0x22, 0x0D, 0x01, 
0x09, 0x01, 0x1F, 0x03, 0x05, 0x0A, 0x06, 0x01, 0x04, 0x0B, 0x02, 0x08, 0x09, 0x0C, 0x00, 0x02, 
0x12, 0x05, 0x01, 0x02, 0x01, 0x0B, 0x01, 0x70, 0x06, 0x08, 0x1A, 0x05, 0x01, 0x0F, 0x0F, 0x03, 
0x2B, 0x2B, 0x3F, 0x2E, 0x2E, 0x2B, 0x30, 0x13, 0x01, 0x33, 0x11, 0x33, 0x15, 0x23, 0x11, 0x23, 
0x11, 0x21, 0x09, 0x01, 0x21, 0x29, 0x02, 0x98, 0xBC, 0xCB, 0xCB, 0xB8, 0xFD, 0x64, 0x02, 0x9C, 
0xFE, 0x1A, 0x01, 0xE6, 0x02, 0x31, 0x03, 0x6F, 0xFC, 0x6C, 0xB8, 0xFE, 0xAC, 0x01, 0x54, 0x03, 
0x35, 0xFD, 0x83, 0x00, 0x00, 0x01, 0x00, 0x48, 0xFF, 0xE5, 0x04, 0x14, 0x05, 0x9C, 0x00, 0x22, 
0x00, 0x34, 0x40, 0x2D, 0x0F, 0x01, 0x02, 0x0C, 0x03, 0x09, 0x12, 0x1E, 0x11, 0x0C, 0x00, 0x08, 
0x0E, 0x01, 0x14, 0x01, 0x1E, 0x16, 0x0C, 0x05, 0x06, 0x03, 0x1E, 0x20, 0x09, 0x00, 0x07, 0x03, 
0x04, 0x14, 0x0F, 0x00, 0x03, 0x12, 0x12, 0x01, 0x6B, 0x1C, 0x07, 0x01, 0x05, 0x01, 0x24, 0x0F, 
0x03, 0x2B, 0x2B, 0x2B, 0x2B, 0x30, 0x13, 0x33, 0x16, 0x33, 0x32, 0x37, 0x36, 0x35, 0x34, 0x26, 
0x27, 0x26, 0x23, 0x22, 0x07, 0x27, 0x13, 0x21, 0x15, 0x21, 0x03, 0x36, 0x33, 0x32, 0x17, 0x16, 
0x17, 0x16, 0x15, 0x14, 0x07, 0x06, 0x23, 0x22, 0x26, 0x48, 0xC0, 0x2F, 0xF0, 0x87, 0x52, 0x50, 
0x4A, 0x45, 0x48, 0x56, 0x98, 0x70, 0xA6, 0x74, 0x02, 0xE4, 0xFD, 0xA8, 0x40, 0x7B, 0x98, 0x85, 
0x6A, 0x69, 0x3B, 0x39, 0x89, 0x8B, 0xDD, 0xCD, 0xF6, 0x01, 0x81, 0xE3, 0x54, 0x52, 0x8B, 0x56, 
0x8F, 0x27, 0x25, 0x87, 0x0E, 0x03, 0x15, 0xB9, 0xFE, 0x75, 0x62, 0x3B, 0x3D, 0x6B, 0x6A, 0x8A, 
0xE5, 0x8B, 0x8E, 0xD5, 0x00, 0x02, 0x00, 0x4C, 0xFF, 0xE5, 0x04, 0x14, 0x05, 0xBA, 0x00, 0x21, 
0x00, 0x30, 0x00, 0x36, 0x40, 0x2E, 0x05, 0x1F, 0x1E, 0x0C, 0x00, 0x08, 0x01, 0x01, 0x0B, 0x01, 
0x1D, 0x0E, 0x2D, 0x11, 0x06, 0x25, 0x1E, 0x16, 0x09, 0x00, 0x07, 0x03, 0x04, 0x01, 0x01, 0x29, 
0x22, 0x09, 0x00, 0x01, 0x6B, 0x11, 0x29, 0x01, 0x05, 0x0B, 0x01, 0x64, 0x22, 0x1A, 0x01, 0x06, 
0x02, 0x32, 0x0F, 0x03, 0x2B, 0x2B, 0x31, 0x00, 0x2B, 0x30, 0x01, 0x23, 0x26, 0x27, 0x26, 0x23, 
0x22, 0x07, 0x06, 0x07, 0x06, 0x07, 0x3E, 0x01, 0x33, 0x32, 0x16, 0x15, 0x14, 0x07, 0x0E, 0x01, 
0x23, 0x22, 0x27, 0x26, 0x11, 0x10, 0x37, 0x36, 0x21, 0x32, 0x17, 0x16, 0x01, 0x14, 0x16, 0x33, 
0x32, 0x37, 0x36, 0x35, 0x34, 0x27, 0x26, 0x23, 0x22, 0x07, 0x06, 0x03, 0xFA, 0xBD, 0x1A, 0x35, 
0x36, 0x64, 0x7D, 0x44, 0x43, 0x1D, 0x1F, 0x10, 0x46, 0xA4, 0x6A, 0xC7, 0xF5, 0x39, 0x3B, 0xD7, 
0x90, 0xF1, 0x7D, 0x7F, 0x85, 0x85, 0x01, 0x04, 0xE5, 0x6B, 0x39, 0xFD, 0x3C, 0x9F, 0x7B, 0x79, 
0x50, 0x4E, 0x4C, 0x4C, 0x7B, 0x7C, 0x50, 0x52, 0x04, 0x2F, 0x6F, 0x33, 0x31, 0x4C, 0x4C, 0x6A, 
0x6D, 0x8B, 0x58, 0x52, 0xFA, 0xCF, 0x9B, 0x73, 0x73, 0x83, 0xB3, 0xB0, 0x01, 0x58, 0x01, 0x87, 
0xCB, 0xC8, 0xA1, 0x4E, 0xFD, 0x08, 0x89, 0xAC, 0x58, 0x56, 0x87, 0x81, 0x52, 0x50, 0x50, 0x52, 
0x00, 0x01, 0x00, 0x50, 0x00, 0x00, 0x04, 0x2B, 0x05, 0x9C, 0x00, 0x0C, 0x00, 0x21, 0x40, 0x19, 
0x02, 0x01, 0x0B, 0x1E, 0x01, 0x0C, 0x01, 0x08, 0x01, 0x04, 0x07, 0x09, 0x0B, 0x07, 0x06, 0x03, 
0x48, 0x02, 0x00, 0x01, 0x05, 0x01, 0x0E, 0x0F, 0x03, 0x2B, 0x31, 0x00, 0x3F, 0x2B, 0x30, 0x13, 
0x21, 0x15, 0x02, 0x03, 0x02, 0x03, 0x23, 0x12, 0x13, 0x12, 0x13, 0x21, 0x50, 0x03, 0xDB, 0xEE, 
0x8D, 0x8D, 0x48, 0xCF, 0x40, 0x8F, 0x8D, 0xEC, 0xFC, 0xFC, 0x05, 0x9C, 0xAA, 0xFE, 0xE3, 0xFE, 
0xD1, 0xFE, 0xCF, 0xFE, 0x8B, 0x01, 0x62, 0x01, 0x31, 0x01, 0x30, 0x01, 0x20, 0x00, 0x00, 0x03, 
0x00, 0x4C, 0xFF, 0xE5, 0x04, 0x14, 0x05, 0xBA, 0x00, 0x1E, 0x00, 0x2E, 0x00, 0x3E, 0x00, 0x42, 
0x40, 0x3A, 0x3B, 0x1F, 0x06, 0x0C, 0x00, 0x08, 0x0D, 0x00, 0x02, 0x20, 0x33, 0x2B, 0x01, 0x06, 
0x15, 0x01, 0x22, 0x1E, 0x17, 0x09, 0x01, 0x07, 0x03, 0x04, 0x29, 0x01, 0x37, 0x2F, 0x09, 0x6B, 
0x11, 0x26, 0x00, 0x05, 0x15, 0x0D, 0x02, 0x6B, 0x09, 0x37, 0x01, 0x06, 0x00, 0x01, 0x6B, 0x2F, 
0x03, 0x01, 0x06, 0x6C, 0x1F, 0x1D, 0x00, 0x06, 0x04, 0x40, 0x0F, 0x03, 0x2B, 0x2B, 0x31, 0x00, 
0x2B, 0x30, 0x01, 0x2E, 0x01, 0x35, 0x34, 0x36, 0x33, 0x32, 0x16, 0x15, 0x14, 0x07, 0x06, 0x07, 
0x16, 0x17, 0x16, 0x15, 0x14, 0x07, 0x06, 0x07, 0x06, 0x23, 0x22, 0x27, 0x26, 0x27, 0x26, 0x35, 
0x34, 0x17, 0x14, 0x16, 0x33, 0x32, 0x37, 0x36, 0x35, 0x34, 0x26, 0x27, 0x26, 0x23, 0x22, 0x07, 
0x06, 0x13, 0x14, 0x17, 0x16, 0x33, 0x32, 0x37, 0x36, 0x35, 0x34, 0x27, 0x26, 0x23, 0x22, 0x07, 
0x06, 0x01, 0x31, 0x62, 0x56, 0xF1, 0xC3, 0xCD, 0xE9, 0x29, 0x2B, 0x5E, 0x77, 0x37, 0x35, 0x3D, 
0x3D, 0x6F, 0x6F, 0x8F, 0x91, 0x6D, 0x6C, 0x3C, 0x3B, 0xC2, 0xA0, 0x83, 0x81, 0x50, 0x4E, 0x46, 
0x41, 0x42, 0x5A, 0x7F, 0x50, 0x50, 0x2F, 0x40, 0x3F, 0x71, 0x73, 0x3F, 0x40, 0x40, 0x3F, 0x73, 
0x6F, 0x3F, 0x42, 0x03, 0x0C, 0x2D, 0x8C, 0x6A, 0xAE, 0xDD, 0xD1, 0xB4, 0x70, 0x46, 0x46, 0x2D, 
0x31, 0x54, 0x56, 0x87, 0x81, 0x68, 0x6B, 0x37, 0x3A, 0x38, 0x37, 0x64, 0x65, 0x85, 0xF8, 0xFE, 
0x75, 0x89, 0x49, 0x4A, 0x79, 0x4E, 0x72, 0x21, 0x1F, 0x4A, 0x4C, 0x02, 0x0F, 0x60, 0x36, 0x35, 
0x37, 0x38, 0x68, 0x60, 0x3A, 0x39, 0x3B, 0x3E, 0x00, 0x02, 0x00, 0x4C, 0xFF, 0xE5, 0x04, 0x10, 
0x05, 0xBA, 0x00, 0x1C, 0x00, 0x2A, 0x00, 0x36, 0x40, 0x2E, 0x28, 0x1F, 0x12, 0x0C, 0x00, 0x08, 
0x09, 0x01, 0x01, 0x01, 0x1F, 0x21, 0x0B, 0x14, 0x06, 0x05, 0x1E, 0x1A, 0x09, 0x00, 0x07, 0x03, 
0x04, 0x01, 0x01, 0x24, 0x1D, 0x09, 0x09, 0x01, 0x5F, 0x16, 0x24, 0x01, 0x05, 0x00, 0x01, 0x6C, 
0x1D, 0x0F, 0x01, 0x06, 0x02, 0x2C, 0x0F, 0x03, 0x2B, 0x2B, 0x31, 0x00, 0x2B, 0x30, 0x13, 0x33, 
0x16, 0x17, 0x16, 0x33, 0x32, 0x37, 0x36, 0x37, 0x06, 0x23, 0x22, 0x27, 0x26, 0x35, 0x34, 0x00, 
0x33, 0x32, 0x17, 0x16, 0x11, 0x10, 0x07, 0x06, 0x23, 0x22, 0x26, 0x13, 0x14, 0x17, 0x16, 0x33, 
0x32, 0x36, 0x35, 0x34, 0x27, 0x26, 0x23, 0x22, 0x06, 0x6A, 0xB9, 0x16, 0x3A, 0x37, 0x66, 0xAA, 
0x44, 0x41, 0x1D, 0x68, 0xEC, 0xC9, 0x78, 0x7B, 0x01, 0x02, 0xD1, 0xF8, 0x7C, 0x7D, 0x87, 0x89, 
0xF4, 0xB8, 0xD7, 0x91, 0x4A, 0x48, 0x7F, 0x7D, 0x95, 0x48, 0x47, 0x7F, 0x7D, 0x98, 0x01, 0x6A, 
0x6A, 0x31, 0x31, 0x99, 0x98, 0xDF, 0xBC, 0x81, 0x81, 0xD1, 0xDF, 0x01, 0x16, 0xB0, 0xB2, 0xFE, 
0xA8, 0xFE, 0x85, 0xCF, 0xD1, 0xC9, 0x03, 0x29, 0x8B, 0x50, 0x52, 0xA0, 0x7F, 0x8D, 0x56, 0x56, 
0xA4, 0x00, 0x00, 0x02, 0x00, 0xAA, 0x00, 0x00, 0x01, 0x85, 0x04, 0x31, 0x00, 0x03, 0x00, 0x07, 
0x00, 0x22, 0x40, 0x1B, 0x07, 0x18, 0x05, 0x0A, 0x00, 0x08, 0x01, 0x18, 0x03, 0x09, 0x00, 0x07, 
0x02, 0x04, 0x06, 0x01, 0x04, 0x01, 0x61, 0x02, 0x00, 0x0A, 0x05, 0x01, 0x09, 0x0F, 0x03, 0x2B, 
0x31, 0x00, 0x2B, 0x30, 0x37, 0x33, 0x15, 0x23, 0x11, 0x33, 0x15, 0x23, 0xAA, 0xDB, 0xDB, 0xDB, 
0xDB, 0xE5, 0xE5, 0x04, 0x31, 0xE5, 0x00, 0x02, 0x00, 0xAA, 0xFE, 0xD7, 0x01, 0x85, 0x04, 0x31, 
0x00, 0x0A, 0x00, 0x0E, 0x00, 0x27, 0x40, 0x1F, 0x0E, 0x18, 0x0C, 0x0A, 0x00, 0x08, 0x01, 0x17, 
0x09, 0x09, 0x00, 0x07, 0x02, 0x04, 0x04, 0x0D, 0x01, 0x0B, 0x05, 0x02, 0x09, 0x01, 0x61, 0x02, 
0x00, 0x0B, 0x05, 0x01, 0x10, 0x0F, 0x03, 0x2B, 0x31, 0x00, 0x2E, 0x2B, 0x30, 0x37, 0x33, 0x15, 
0x10, 0x07, 0x35, 0x36, 0x37, 0x36, 0x37, 0x23, 0x11, 0x33, 0x15, 0x23, 0xAA, 0xDB, 0xDB, 0x39, 
0x15, 0x12, 0x04, 0x64, 0xDB, 0xDB, 0xE9, 0xD2, 0xFE, 0xEB, 0x2B, 0x68, 0x15, 0x27, 0x25, 0x60, 
0x04, 0x31, 0xE5, 0x00, 0x00, 0x01, 0x00, 0x66, 0x00, 0xDB, 0x04, 0x31, 0x04, 0xAA, 0x00, 0x06, 
0x00, 0x17, 0x40, 0x0F, 0x03, 0x00, 0x04, 0x01, 0x05, 0x01, 0x4C, 0x00, 0x02, 0x09, 0x05, 0x01, 
0x08, 0x0F, 0x03, 0x2B, 0x31, 0x00, 0x2E, 0x2E, 0x30, 0x25, 0x01, 0x35, 0x01, 0x15, 0x01, 0x01, 
0x04, 0x31, 0xFC, 0x35, 0x03, 0xCB, 0xFC, 0xF8, 0x03, 0x08, 0xDB, 0x01, 0xB0, 0x6B, 0x01, 0xB4, 
0x9E, 0xFE, 0xB5, 0xFE, 0xB4, 0x00, 0x00, 0x02, 0x00, 0x66, 0x01, 0xE3, 0x04, 0x31, 0x03, 0x9C, 
0x00, 0x03, 0x00, 0x07, 0x00, 0x20, 0x40, 0x19, 0x29, 0x02, 0x00, 0x00, 0x06, 0x26, 0x06, 0x04, 
0x00, 0x06, 0x02, 0x04, 0x07, 0x01, 0x05, 0x01, 0x4C, 0x03, 0x01, 0x0A, 0x05, 0x01, 0x09, 0x0F, 
0x03, 0x2B, 0x31, 0x00, 0x2B, 0x30, 0x13, 0x35, 0x21, 0x15, 0x01, 0x35, 0x21, 0x15, 0x66, 0x03, 
0xCB, 0xFC, 0x35, 0x03, 0xCB, 0x03, 0x04, 0x98, 0x98, 0xFE, 0xDF, 0x9E, 0x9E, 0x00, 0x00, 0x01, 
0x00, 0x66, 0x00, 0xDB, 0x04, 0x35, 0x04, 0xAA, 0x00, 0x06, 0x00, 0x17, 0x40, 0x0F, 0x03, 0x00, 
0x04, 0x01, 0x05, 0x01, 0x4A, 0x02, 0x00, 0x03, 0x05, 0x01, 0x08, 0x0F, 0x03, 0x2B, 0x31, 0x00, 
0x2E, 0x2E, 0x30, 0x13, 0x01, 0x15, 0x01, 0x35, 0x01, 0x01, 0x66, 0x03, 0xCF, 0xFC, 0x31, 0x03, 
0x09, 0xFC, 0xF7, 0x04, 0xAA, 0xFE, 0x4C, 0x6B, 0xFE, 0x50, 0x9A, 0x01, 0x4C, 0x01, 0x4B, 0x00, 
0x00, 0x02, 0x00, 0x75, 0x00, 0x00, 0x03, 0xEE, 0x05, 0xD7, 0x00, 0x28, 0x00, 0x2C, 0x00, 0x38, 
0x40, 0x30, 0x14, 0x01, 0x0F, 0x2A, 0x09, 0x1C, 0x01, 0x0F, 0x22, 0x1A, 0x0C, 0x01, 0x08, 0x01, 
0x01, 0x2A, 0x18, 0x2C, 0x09, 0x10, 0x07, 0x02, 0x04, 0x14, 0x01, 0x12, 0x1C, 0x01, 0x0B, 0x2B, 
0x09, 0x6A, 0x1F, 0x0B, 0x00, 0x05, 0x01, 0x00, 0x02, 0x60, 0x2B, 0x29, 0x01, 0x06, 0x02, 0x2E, 
0x0F, 0x03, 0x2B, 0x2B, 0x2B, 0x2B, 0x2B, 0x30, 0x01, 0x23, 0x36, 0x37, 0x36, 0x37, 0x36, 0x37, 
0x36, 0x37, 0x36, 0x35, 0x34, 0x27, 0x26, 0x23, 0x22, 0x07, 0x06, 0x07, 0x23, 0x36, 0x37, 0x36, 
0x37, 0x36, 0x33, 0x32, 0x17, 0x1E, 0x01, 0x15, 0x14, 0x07, 0x06, 0x07, 0x06, 0x07, 0x06, 0x07, 
0x06, 0x03, 0x33, 0x15, 0x23, 0x02, 0x75, 0xBD, 0x04, 0x1B, 0x15, 0x43, 0x44, 0x33, 0x31, 0x29, 
0x27, 0x40, 0x3F, 0x73, 0x87, 0x39, 0x3A, 0x0A, 0xBC, 0x04, 0x35, 0x33, 0x65, 0x62, 0x8D, 0x87, 
0x63, 0x62, 0x6D, 0x2B, 0x2B, 0x6D, 0x58, 0x1B, 0x1C, 0x11, 0x10, 0xD1, 0xDD, 0xDD, 0x01, 0x81, 
0x8B, 0x4C, 0x40, 0x47, 0x46, 0x31, 0x2F, 0x3E, 0x3D, 0x48, 0x6C, 0x3E, 0x3D, 0x56, 0x58, 0x8F, 
0x9B, 0x6D, 0x6C, 0x3A, 0x37, 0x2F, 0x31, 0xB0, 0x77, 0x69, 0x4D, 0x50, 0x61, 0x53, 0x21, 0x23, 
0x35, 0x36, 0xFE, 0xFE, 0xE5, 0x00, 0x00, 0x02, 0x01, 0x29, 0xFF, 0xE5, 0x06, 0xD1, 0x05, 0xD7, 
0x00, 0x4C, 0x00, 0x5B, 0x00, 0x59, 0x40, 0x4F, 0x38, 0x01, 0x54, 0x4D, 0x09, 0x0E, 0x01, 0x3F, 
0x32, 0x0C, 0x0C, 0x01, 0x08, 0x2D, 0x2B, 0x02, 0x23, 0x27, 0x54, 0x01, 0x06, 0x1A, 0x01, 0x02, 
0x34, 0x1C, 0x18, 0x03, 0x21, 0x4D, 0x1E, 0x05, 0x06, 0x4B, 0x33, 0x05, 0x09, 0x00, 0x07, 0x04, 
0x04, 0x29, 0x0A, 0x51, 0x38, 0x32, 0x2D, 0x2C, 0x2B, 0x29, 0x1C, 0x18, 0x0E, 0x00, 0x0B, 0x3A, 
0x58, 0x09, 0x01, 0x01, 0x84, 0x14, 0x3A, 0x01, 0x05, 0x6F, 0x58, 0x22, 0x00, 0x06, 0x83, 0x45, 
0x09, 0x00, 0x06, 0x03, 0x5D, 0x0F, 0x03, 0x2B, 0x2B, 0x31, 0x00, 0x3F, 0x2B, 0x2B, 0x30, 0x01, 
0x33, 0x06, 0x07, 0x06, 0x23, 0x20, 0x27, 0x26, 0x11, 0x10, 0x00, 0x21, 0x32, 0x17, 0x16, 0x17, 
0x16, 0x17, 0x16, 0x15, 0x14, 0x07, 0x06, 0x07, 0x06, 0x23, 0x22, 0x35, 0x06, 0x23, 0x22, 0x27, 
0x26, 0x35, 0x34, 0x37, 0x3E, 0x01, 0x33, 0x32, 0x17, 0x16, 0x17, 0x37, 0x33, 0x03, 0x06, 0x31, 
0x30, 0x31, 0x14, 0x33, 0x32, 0x37, 0x36, 0x37, 0x36, 0x35, 0x34, 0x27, 0x26, 0x24, 0x23, 0x22, 
0x07, 0x06, 0x07, 0x06, 0x15, 0x14, 0x17, 0x16, 0x17, 0x16, 0x33, 0x32, 0x01, 0x32, 0x37, 0x36, 
0x35, 0x34, 0x26, 0x23, 0x22, 0x07, 0x06, 0x15, 0x14, 0x17, 0x16, 0x05, 0xF2, 0x89, 0x7D, 0x87, 
0x89, 0xC3, 0xFE, 0xB8, 0xDD, 0xDD, 0x01, 0xB6, 0x01, 0x40, 0x91, 0x7D, 0x7B, 0x5E, 0x5E, 0x38, 
0x35, 0x9C, 0x41, 0x65, 0x64, 0x48, 0x74, 0x58, 0x7B, 0x8E, 0x5A, 0x5A, 0x37, 0x36, 0xBC, 0x73, 
0x56, 0x3B, 0x3A, 0x2D, 0x16, 0x8D, 0x66, 0x08, 0x27, 0x29, 0x3F, 0x3E, 0x24, 0x50, 0x4B, 0x4E, 
0xFE, 0xF6, 0xA8, 0xB5, 0x93, 0x94, 0x51, 0x54, 0x56, 0x54, 0x99, 0x9A, 0xBA, 0xEC, 0xFE, 0xB6, 
0x66, 0x42, 0x41, 0x62, 0x50, 0x66, 0x46, 0x48, 0x36, 0x33, 0x01, 0x23, 0xA4, 0x4C, 0x4E, 0xD9, 
0xDA, 0x01, 0x3F, 0x01, 0x46, 0x01, 0xBA, 0x2F, 0x31, 0x56, 0x58, 0x71, 0x71, 0x85, 0xF3, 0x9C, 
0x48, 0x31, 0x33, 0x68, 0x62, 0x64, 0x65, 0xA2, 0x7F, 0x6C, 0x6D, 0x7A, 0x20, 0x23, 0x50, 0x79, 
0xFD, 0x9E, 0x32, 0x20, 0x2D, 0x2B, 0x39, 0x89, 0x92, 0x99, 0x7B, 0x7B, 0x8B, 0x52, 0x54, 0x95, 
0x96, 0xB2, 0xB8, 0x94, 0x93, 0x54, 0x56, 0x01, 0x81, 0x56, 0x54, 0x7F, 0x58, 0x6D, 0x52, 0x52, 
0x77, 0x5E, 0x3A, 0x3B, 0x00, 0x02, 0x00, 0x12, 0x00, 0x00, 0x05, 0x2B, 0x05, 0xBA, 0x00, 0x07, 
0x00, 0x0A, 0x00, 0x26, 0x40, 0x1B, 0x23, 0x0A, 0x05, 0x00, 0x06, 0x01, 0x04, 0x08, 0x07, 0x09, 
0x03, 0x09, 0x01, 0x0C, 0x0A, 0x09, 0x08, 0x03, 0x3F, 0x02, 0x07, 0x01, 0x05, 0x01, 0x0C, 0x0F, 
0x03, 0x2B, 0x31, 0x00, 0x3F, 0x3F, 0x3F, 0x2E, 0x2B, 0x30, 0x01, 0x33, 0x01, 0x23, 0x03, 0x21, 
0x03, 0x23, 0x01, 0x03, 0x21, 0x02, 0x48, 0xD7, 0x02, 0x0C, 0xDF, 0x92, 0xFD, 0xCD, 0x99, 0xDC, 
0x02, 0x98, 0xDF, 0x01, 0xB6, 0x05, 0xBA, 0xFA, 0x46, 0x01, 0xB4, 0xFE, 0x4C, 0x04, 0xDB, 0xFD, 
0x7F, 0x00, 0x00, 0x03, 0x00, 0xB0, 0x00, 0x00, 0x04, 0xF6, 0x05, 0xBA, 0x00, 0x14, 0x00, 0x1E, 
0x00, 0x26, 0x00, 0x41, 0x40, 0x39, 0x05, 0x03, 0x02, 0x15, 0x1F, 0x01, 0x0C, 0x01, 0x08, 0x09, 
0x01, 0x1F, 0x17, 0x1F, 0x01, 0x06, 0x11, 0x01, 0x21, 0x1F, 0x14, 0x09, 0x01, 0x07, 0x03, 0x04, 
0x11, 0x03, 0x02, 0x1A, 0x16, 0x09, 0x05, 0x01, 0x63, 0x0D, 0x24, 0x01, 0x05, 0x09, 0x01, 0x63, 
0x07, 0x1A, 0x01, 0x06, 0x20, 0x01, 0x67, 0x16, 0x00, 0x08, 0x06, 0x03, 0x28, 0x0F, 0x03, 0x2B, 
0x2B, 0x31, 0x00, 0x2B, 0x30, 0x13, 0x21, 0x32, 0x17, 0x16, 0x17, 0x16, 0x15, 0x14, 0x07, 0x16, 
0x17, 0x16, 0x15, 0x14, 0x07, 0x06, 0x07, 0x06, 0x23, 0x21, 0x13, 0x11, 0x21, 0x32, 0x36, 0x35, 
0x34, 0x27, 0x26, 0x23, 0x01, 0x11, 0x21, 0x32, 0x36, 0x35, 0x34, 0x21, 0xB0, 0x02, 0x1D, 0x89, 
0x4A, 0x47, 0x3C, 0x93, 0xC0, 0x79, 0x43, 0x44, 0xA2, 0x3D, 0x50, 0x52, 0x9A, 0xFD, 0xD5, 0xCD, 
0x01, 0x5A, 0x89, 0x7F, 0x41, 0x42, 0x97, 0xFE, 0xB8, 0x01, 0x4C, 0x9D, 0xB9, 0xFE, 0xBC, 0x05, 
0xBA, 0x10, 0x10, 0x30, 0x70, 0xB8, 0xD5, 0x56, 0x25, 0x63, 0x62, 0x87, 0xDD, 0x79, 0x2D, 0x11, 
0x12, 0x05, 0x02, 0xFE, 0x56, 0x62, 0x69, 0x77, 0x35, 0x33, 0xFD, 0x9E, 0xFE, 0x18, 0x67, 0x8B, 
0xF6, 0x00, 0x00, 0x01, 0x00, 0x48, 0xFF, 0xE5, 0x05, 0x50, 0x05, 0xD7, 0x00, 0x20, 0x00, 0x28, 
0x40, 0x21, 0x0F, 0x01, 0x02, 0x03, 0x0B, 0x09, 0x03, 0x1F, 0x1B, 0x0C, 0x00, 0x08, 0x0B, 0x1E, 
0x13, 0x09, 0x00, 0x07, 0x02, 0x04, 0x0F, 0x00, 0x02, 0x12, 0x63, 0x07, 0x17, 0x00, 0x05, 0x01, 
0x22, 0x0F, 0x03, 0x2B, 0x2B, 0x2B, 0x2B, 0x30, 0x01, 0x23, 0x02, 0x21, 0x22, 0x07, 0x06, 0x11, 
0x10, 0x17, 0x16, 0x33, 0x32, 0x36, 0x37, 0x33, 0x06, 0x07, 0x06, 0x21, 0x22, 0x24, 0x02, 0x35, 
0x10, 0x37, 0x36, 0x21, 0x32, 0x17, 0x16, 0x17, 0x16, 0x05, 0x50, 0xC7, 0x50, 0xFE, 0xB9, 0xDB, 
0x7B, 0x7D, 0x79, 0x76, 0xD5, 0xAA, 0xDD, 0x1F, 0xC7, 0x1D, 0xA4, 0xA6, 0xFF, 0x00, 0xD0, 0xFE, 
0xD3, 0xA4, 0xB0, 0xB0, 0x01, 0x46, 0xAC, 0x87, 0x85, 0x50, 0x4E, 0x03, 0xF2, 0x01, 0x2D, 0x9C, 
0x9C, 0xFE, 0xF0, 0xFE, 0xF4, 0x96, 0x97, 0xC8, 0xB9, 0xFC, 0x9E, 0xA0, 0xB3, 0x01, 0x54, 0xE3, 
0x01, 0x4C, 0xDF, 0xDD, 0x3B, 0x3C, 0x6E, 0x71, 0x00, 0x02, 0x00, 0xB0, 0x00, 0x00, 0x05, 0x62, 
0x05, 0xBA, 0x00, 0x10, 0x00, 0x1D, 0x00, 0x2E, 0x40, 0x26, 0x03, 0x01, 0x11, 0x1F, 0x01, 0x0C, 
0x01, 0x08, 0x0D, 0x01, 0x13, 0x1F, 0x10, 0x09, 0x01, 0x07, 0x02, 0x04, 0x0D, 0x03, 0x02, 0x17, 
0x12, 0x09, 0x64, 0x08, 0x17, 0x00, 0x05, 0x67, 0x12, 0x00, 0x00, 0x06, 0x02, 0x1F, 0x0F, 0x03, 
0x2B, 0x2B, 0x31, 0x00, 0x2B, 0x30, 0x13, 0x21, 0x32, 0x17, 0x16, 0x17, 0x16, 0x12, 0x15, 0x14, 
0x07, 0x0E, 0x01, 0x07, 0x06, 0x23, 0x21, 0x13, 0x11, 0x21, 0x32, 0x37, 0x36, 0x11, 0x34, 0x27, 
0x26, 0x27, 0x26, 0x23, 0xB0, 0x01, 0xF0, 0xB4, 0x62, 0x63, 0x4D, 0x79, 0x83, 0x31, 0x33, 0xB8, 
0x7D, 0x5F, 0xBC, 0xFE, 0x02, 0xCD, 0x01, 0x25, 0xCF, 0x5C, 0xC2, 0x2F, 0x2F, 0x5A, 0x66, 0xD5, 
0x05, 0xBA, 0x14, 0x17, 0x3F, 0x5E, 0xFE, 0xC8, 0xD1, 0xAC, 0x95, 0x98, 0xC8, 0x25, 0x23, 0x05, 
0x02, 0xFB, 0xB6, 0x40, 0x8D, 0x01, 0x69, 0xA3, 0x79, 0x77, 0x3B, 0x46, 0x00, 0x01, 0x00, 0xB0, 
0x00, 0x00, 0x04, 0xD7, 0x05, 0xBA, 0x00, 0x0B, 0x00, 0x29, 0x40, 0x23, 0x02, 0x1F, 0x01, 0x0C, 
0x00, 0x08, 0x1F, 0x04, 0x06, 0x00, 0x06, 0x08, 0x1F, 0x0B, 0x09, 0x00, 0x07, 0x03, 0x04, 0x0A, 
0x06, 0x02, 0x03, 0x12, 0x08, 0x01, 0x67, 0x04, 0x00, 0x08, 0x05, 0x01, 0x0D, 0x0F, 0x03, 0x2B, 
0x2B, 0x2B, 0x30, 0x13, 0x21, 0x15, 0x21, 0x11, 0x21, 0x15, 0x21, 0x11, 0x21, 0x15, 0x21, 0xB0, 
0x04, 0x1D, 0xFC, 0xB0, 0x03, 0x10, 0xFC, 0xF0, 0x03, 0x5A, 0xFB, 0xD9, 0x05, 0xBA, 0xB8, 0xFE, 
0x52, 0xB8, 0xFE, 0x1C, 0xB8, 0x00, 0x00, 0x01, 0x00, 0xB0, 0x00, 0x00, 0x04, 0x9C, 0x05, 0xBA, 
0x00, 0x09, 0x00, 0x25, 0x40, 0x1E, 0x02, 0x1F, 0x01, 0x0C, 0x00, 0x08, 0x1E, 0x04, 0x06, 0x00, 
0x06, 0x02, 0x04, 0x09, 0x09, 0x06, 0x02, 0x02, 0x12, 0x07, 0x01, 0x67, 0x04, 0x00, 0x08, 0x05, 
0x01, 0x0B, 0x0F, 0x03, 0x2B, 0x2B, 0x3F, 0x2B, 0x30, 0x13, 0x21, 0x15, 0x21, 0x11, 0x21, 0x15, 
0x21, 0x11, 0x23, 0xB0, 0x03, 0xEC, 0xFC, 0xE1, 0x02, 0xBC, 0xFD, 0x44, 0xCD, 0x05, 0xBA, 0xB8, 
0xFE, 0x4A, 0xB9, 0xFD, 0x6D, 0x00, 0x00, 0x01, 0x00, 0x48, 0xFF, 0xE5, 0x05, 0x6F, 0x05, 0xD7, 
0x00, 0x2B, 0x00, 0x33, 0x40, 0x2C, 0x01, 0x01, 0x03, 0x16, 0x09, 0x03, 0x1F, 0x28, 0x0C, 0x00, 
0x08, 0x21, 0x16, 0x13, 0x00, 0x06, 0x19, 0x01, 0x1B, 0x18, 0x02, 0x0B, 0x1E, 0x1D, 0x09, 0x11, 
0x07, 0x03, 0x04, 0x17, 0x15, 0x13, 0x00, 0x04, 0x12, 0x63, 0x07, 0x23, 0x00, 0x05, 0x01, 0x2D, 
0x0F, 0x03, 0x2B, 0x2B, 0x2B, 0x2B, 0x30, 0x01, 0x23, 0x02, 0x21, 0x22, 0x07, 0x06, 0x11, 0x10, 
0x17, 0x16, 0x33, 0x32, 0x37, 0x36, 0x37, 0x36, 0x37, 0x36, 0x37, 0x21, 0x35, 0x21, 0x11, 0x23, 
0x27, 0x06, 0x07, 0x06, 0x23, 0x22, 0x27, 0x26, 0x27, 0x26, 0x35, 0x34, 0x12, 0x37, 0x36, 0x33, 
0x32, 0x17, 0x16, 0x05, 0x60, 0xD3, 0x54, 0xFE, 0xC7, 0xE5, 0x7D, 0x7F, 0x81, 0x7F, 0xDF, 0x68, 
0x5D, 0x5A, 0x41, 0x2F, 0x13, 0x10, 0x06, 0xFE, 0x38, 0x02, 0x81, 0x83, 0x30, 0x68, 0x6B, 0x6A, 
0x96, 0xC6, 0x9A, 0x9B, 0x52, 0x54, 0xAC, 0x9F, 0x9E, 0xD3, 0xF4, 0x9B, 0x9C, 0x03, 0xF6, 0x01, 
0x29, 0x9A, 0x9C, 0xFE, 0xEE, 0xFE, 0xF6, 0x98, 0x97, 0x2B, 0x29, 0x52, 0x47, 0x3A, 0x37, 0x6E, 
0xAA, 0xFC, 0xF4, 0xB4, 0x76, 0x2F, 0x32, 0x5D, 0x5A, 0xAA, 0xA8, 0xE5, 0xE7, 0x01, 0x5F, 0x60, 
0x5E, 0x79, 0x79, 0x00, 0x00, 0x01, 0x00, 0xB0, 0x00, 0x00, 0x04, 0xFE, 0x05, 0xBA, 0x00, 0x0B, 
0x00, 0x2C, 0x40, 0x21, 0x1F, 0x03, 0x09, 0x00, 0x06, 0x01, 0x04, 0x0B, 0x09, 0x07, 0x09, 0x05, 
0x0C, 0x01, 0x0C, 0x07, 0x01, 0x67, 0x06, 0x03, 0x02, 0x05, 0x09, 0x01, 0x67, 0x01, 0x00, 0x08, 
0x06, 0x02, 0x0D, 0x0F, 0x03, 0x2B, 0x31, 0x00, 0x3F, 0x3F, 0x3F, 0x3F, 0x2B, 0x30, 0x13, 0x33, 
0x11, 0x21, 0x11, 0x33, 0x11, 0x23, 0x11, 0x21, 0x11, 0x23, 0xB0, 0xCD, 0x02, 0xB4, 0xCD, 0xCD, 
0xFD, 0x4C, 0xCD, 0x05, 0xBA, 0xFD, 0xA4, 0x02, 0x5C, 0xFA, 0x46, 0x02, 0xA6, 0xFD, 0x5A, 0x00, 
0x00, 0x01, 0x00, 0xB0, 0x00, 0x00, 0x01, 0x7D, 0x05, 0xBA, 0x00, 0x03, 0x00, 0x15, 0x40, 0x0D, 
0x03, 0x09, 0x01, 0x0C, 0x67, 0x02, 0x00, 0x00, 0x05, 0x01, 0x05, 0x0F, 0x03, 0x2B, 0x31, 0x00, 
0x3F, 0x3F, 0x30, 0x13, 0x33, 0x11, 0x23, 0xB0, 0xCD, 0xCD, 0x05, 0xBA, 0xFA, 0x46, 0x00, 0x01, 
0x00, 0x1B, 0xFF, 0xE5, 0x03, 0x54, 0x05, 0xBA, 0x00, 0x18, 0x00, 0x1F, 0x40, 0x17, 0x07, 0x1E, 
0x13, 0x09, 0x00, 0x07, 0x01, 0x04, 0x01, 0x0D, 0x0C, 0x00, 0x01, 0x12, 0x67, 0x0E, 0x0B, 0x00, 
0x05, 0x01, 0x1A, 0x0F, 0x03, 0x2B, 0x2B, 0x3F, 0x2E, 0x2B, 0x30, 0x13, 0x33, 0x14, 0x17, 0x16, 
0x17, 0x16, 0x33, 0x32, 0x37, 0x36, 0x35, 0x11, 0x33, 0x11, 0x14, 0x07, 0x0E, 0x01, 0x23, 0x22, 
0x27, 0x2E, 0x01, 0x35, 0x1B, 0xCA, 0x0D, 0x0C, 0x2D, 0x2D, 0x5C, 0x73, 0x31, 0x2F, 0xCD, 0x4C, 
0x37, 0xB4, 0x69, 0xE5, 0x69, 0x2B, 0x20, 0x01, 0xE9, 0x66, 0x41, 0x44, 0x2F, 0x31, 0x47, 0x46, 
0xA4, 0x03, 0xEB, 0xFC, 0x15, 0xE8, 0x64, 0x4C, 0x52, 0x98, 0x39, 0x90, 0x91, 0x00, 0x00, 0x01, 
0x00, 0xB0, 0x00, 0x00, 0x05, 0x3D, 0x05, 0xBA, 0x00, 0x0B, 0x00, 0x25, 0x40, 0x1A, 0x08, 0x02, 
0x0B, 0x09, 0x07, 0x09, 0x04, 0x0C, 0x01, 0x0C, 0x06, 0x05, 0x04, 0x03, 0x12, 0x09, 0x01, 0x67, 
0x01, 0x00, 0x08, 0x05, 0x01, 0x0D, 0x0F, 0x03, 0x2B, 0x2B, 0x3F, 0x3F, 0x3F, 0x3F, 0x2E, 0x2E, 
0x30, 0x13, 0x33, 0x11, 0x01, 0x21, 0x09, 0x01, 0x23, 0x01, 0x07, 0x11, 0x23, 0xB0, 0xCD, 0x02, 
0xB2, 0x01, 0x0E, 0xFD, 0xB1, 0x02, 0x4B, 0xF1, 0xFE, 0x1A, 0xE5, 0xCD, 0x05, 0xBA, 0xFD, 0x34, 
0x02, 0xCC, 0xFD, 0xA8, 0xFC, 0x9E, 0x02, 0xDF, 0xE3, 0xFE, 0x04, 0x00, 0x00, 0x01, 0x00, 0xB0, 
0x00, 0x00, 0x04, 0x5C, 0x05, 0xBA, 0x00, 0x05, 0x00, 0x1D, 0x40, 0x16, 0x02, 0x1F, 0x05, 0x09, 
0x00, 0x07, 0x01, 0x04, 0x01, 0x0C, 0x04, 0x01, 0x12, 0x67, 0x01, 0x00, 0x00, 0x05, 0x01, 0x07, 
0x0F, 0x03, 0x2B, 0x2B, 0x3F, 0x2B, 0x30, 0x13, 0x33, 0x11, 0x21, 0x15, 0x21, 0xB0, 0xCD, 0x02, 
0xDF, 0xFC, 0x54, 0x05, 0xBA, 0xFA, 0xFE, 0xB8, 0x00, 0x01, 0x00, 0xB0, 0x00, 0x00, 0x05, 0xDB, 
0x05, 0xBA, 0x00, 0x0C, 0x00, 0x31, 0x40, 0x24, 0x0A, 0x07, 0x02, 0x03, 0x13, 0x0C, 0x09, 0x09, 
0x09, 0x06, 0x09, 0x04, 0x0C, 0x01, 0x0C, 0x03, 0x02, 0x01, 0x03, 0x06, 0x0A, 0x09, 0x66, 0x05, 
0x06, 0x00, 0x05, 0x67, 0x0A, 0x00, 0x00, 0x06, 0x02, 0x0E, 0x0F, 0x03, 0x2B, 0x2B, 0x31, 0x00, 
0x3F, 0x3F, 0x3F, 0x3F, 0x3F, 0x2A, 0x30, 0x13, 0x21, 0x09, 0x01, 0x21, 0x11, 0x23, 0x11, 0x01, 
0x23, 0x01, 0x11, 0x23, 0xB0, 0x01, 0x23, 0x01, 0x75, 0x01, 0x72, 0x01, 0x21, 0xCF, 0xFE, 0x96, 
0xBF, 0xFE, 0x9A, 0xCD, 0x05, 0xBA, 0xFB, 0x38, 0x04, 0xC8, 0xFA, 0x46, 0x04, 0x98, 0xFB, 0x68, 
0x04, 0x9C, 0xFB, 0x64, 0x00, 0x01, 0x00, 0xB0, 0x00, 0x00, 0x04, 0xFE, 0x05, 0xBA, 0x00, 0x09, 
0x00, 0x2B, 0x40, 0x1E, 0x07, 0x02, 0x09, 0x09, 0x06, 0x09, 0x04, 0x0C, 0x01, 0x0C, 0x06, 0x01, 
0x02, 0x02, 0x07, 0x09, 0x67, 0x05, 0x02, 0x00, 0x05, 0x67, 0x07, 0x00, 0x00, 0x06, 0x02, 0x0B, 
0x0F, 0x03, 0x2B, 0x2B, 0x31, 0x00, 0x3F, 0x3F, 0x3F, 0x3F, 0x2E, 0x2E, 0x30, 0x13, 0x33, 0x01, 
0x11, 0x33, 0x11, 0x23, 0x01, 0x11, 0x23, 0xB0, 0xE8, 0x02, 0x99, 0xCD, 0xE5, 0xFD, 0x64, 0xCD, 
0x05, 0xBA, 0xFB, 0x7F, 0x04, 0x81, 0xFA, 0x46, 0x04, 0x89, 0xFB, 0x77, 0x00, 0x02, 0x00, 0x48, 
0xFF, 0xE5, 0x05, 0xD5, 0x05, 0xD7, 0x00, 0x17, 0x00, 0x27, 0x00, 0x23, 0x40, 0x1C, 0x25, 0x1F, 
0x06, 0x0C, 0x00, 0x08, 0x1C, 0x1E, 0x12, 0x09, 0x00, 0x07, 0x02, 0x04, 0x64, 0x0C, 0x1F, 0x00, 
0x05, 0x63, 0x18, 0x00, 0x00, 0x06, 0x02, 0x29, 0x0F, 0x03, 0x2B, 0x31, 0x00, 0x2B, 0x30, 0x13, 
0x34, 0x37, 0x36, 0x37, 0x36, 0x33, 0x32, 0x04, 0x16, 0x17, 0x16, 0x15, 0x14, 0x07, 0x06, 0x07, 
0x06, 0x23, 0x22, 0x27, 0x26, 0x27, 0x26, 0x37, 0x10, 0x17, 0x16, 0x33, 0x32, 0x00, 0x11, 0x34, 
0x27, 0x26, 0x27, 0x26, 0x23, 0x22, 0x00, 0x48, 0x58, 0x56, 0xA4, 0xA1, 0xD9, 0xA0, 0x01, 0x06, 
0xB9, 0x31, 0x31, 0x54, 0x54, 0xA2, 0xA4, 0xDF, 0xD9, 0x9E, 0x9F, 0x54, 0x56, 0xD7, 0x85, 0x85, 
0xE7, 0xEC, 0x01, 0x06, 0x3B, 0x3E, 0x70, 0x73, 0x96, 0xEB, 0xFE, 0xFA, 0x02, 0xCF, 0xEB, 0xB0, 
0xB1, 0x5E, 0x5E, 0x66, 0xC7, 0x87, 0x89, 0xB1, 0xD9, 0xB0, 0xB2, 0x64, 0x65, 0x5A, 0x5B, 0xAC, 
0xAA, 0xE3, 0xFE, 0xFA, 0x98, 0x97, 0x01, 0x35, 0x01, 0x16, 0xAD, 0x81, 0x81, 0x43, 0x44, 0xFE, 
0xC8, 0x00, 0x00, 0x02, 0x00, 0xB0, 0x00, 0x00, 0x04, 0xF6, 0x05, 0xBA, 0x00, 0x10, 0x00, 0x1B, 
0x00, 0x35, 0x40, 0x2C, 0x05, 0x03, 0x02, 0x1B, 0x1F, 0x01, 0x0C, 0x01, 0x08, 0x0B, 0x01, 0x1E, 
0x12, 0x0D, 0x01, 0x06, 0x02, 0x04, 0x10, 0x09, 0x0B, 0x03, 0x02, 0x16, 0x0E, 0x09, 0x05, 0x01, 
0x63, 0x07, 0x16, 0x01, 0x05, 0x11, 0x01, 0x67, 0x0E, 0x00, 0x08, 0x06, 0x02, 0x1D, 0x0F, 0x03, 
0x2B, 0x2B, 0x31, 0x00, 0x3F, 0x2B, 0x30, 0x13, 0x21, 0x32, 0x17, 0x16, 0x17, 0x16, 0x15, 0x14, 
0x07, 0x06, 0x07, 0x06, 0x23, 0x21, 0x11, 0x23, 0x13, 0x21, 0x32, 0x37, 0x36, 0x35, 0x34, 0x27, 
0x26, 0x23, 0x21, 0xB0, 0x02, 0x33, 0x96, 0x52, 0x50, 0x39, 0xA2, 0x44, 0x43, 0x79, 0x50, 0xA6, 
0xFE, 0x7D, 0xCD, 0xCD, 0x01, 0x3F, 0xAC, 0x5D, 0x5A, 0x54, 0x56, 0x96, 0xFE, 0x9E, 0x05, 0xBA, 
0x10, 0x12, 0x2E, 0x74, 0xDD, 0x92, 0x6A, 0x6D, 0x2B, 0x1F, 0xFD, 0x9A, 0x03, 0x1F, 0x2D, 0x2D, 
0x97, 0x8C, 0x33, 0x33, 0x00, 0x02, 0x00, 0x48, 0xFF, 0x93, 0x05, 0xD5, 0x05, 0xD7, 0x00, 0x16, 
0x00, 0x2A, 0x00, 0x41, 0x40, 0x38, 0x2A, 0x29, 0x28, 0x00, 0x04, 0x1E, 0x26, 0x09, 0x1E, 0x1F, 
0x10, 0x0C, 0x00, 0x08, 0x17, 0x01, 0x02, 0x01, 0x03, 0x01, 0x02, 0x26, 0x1E, 0x05, 0x09, 0x15, 
0x07, 0x02, 0x04, 0x2A, 0x29, 0x28, 0x17, 0x03, 0x05, 0x19, 0x22, 0x09, 0x02, 0x01, 0x00, 0x03, 
0x64, 0x13, 0x19, 0x01, 0x05, 0x63, 0x22, 0x0B, 0x00, 0x06, 0x02, 0x2C, 0x0F, 0x03, 0x2B, 0x2B, 
0x31, 0x00, 0x2B, 0x2B, 0x30, 0x25, 0x17, 0x07, 0x27, 0x06, 0x23, 0x22, 0x27, 0x26, 0x27, 0x26, 
0x35, 0x34, 0x12, 0x37, 0x36, 0x33, 0x20, 0x00, 0x11, 0x14, 0x07, 0x06, 0x27, 0x36, 0x11, 0x34, 
0x27, 0x2E, 0x01, 0x23, 0x22, 0x07, 0x06, 0x11, 0x10, 0x17, 0x16, 0x33, 0x32, 0x37, 0x27, 0x37, 
0x05, 0x04, 0xBD, 0x65, 0xD7, 0x93, 0xEA, 0xDB, 0xA0, 0x9F, 0x52, 0x54, 0xB0, 0xA2, 0x9F, 0xDB, 
0x01, 0x48, 0x01, 0x79, 0x35, 0x38, 0xF9, 0x93, 0x3B, 0x3C, 0xE5, 0x96, 0xEB, 0x83, 0x83, 0x87, 
0x85, 0xE5, 0x71, 0x5E, 0x93, 0x6A, 0xAE, 0x9C, 0x7F, 0xB1, 0x5F, 0x63, 0x60, 0xAC, 0xAA, 0xD5, 
0xEB, 0x01, 0x5D, 0x5E, 0x5E, 0xFE, 0x6D, 0xFE, 0xA5, 0xB0, 0x93, 0x94, 0x17, 0xA0, 0x01, 0x20, 
0xAD, 0x81, 0x7F, 0x89, 0x9A, 0x9C, 0xFE, 0xEE, 0xFE, 0xF8, 0x98, 0x99, 0x2B, 0x74, 0x7F, 0x00, 
0x00, 0x02, 0x00, 0xB0, 0x00, 0x00, 0x05, 0x4A, 0x05, 0xBA, 0x00, 0x1A, 0x00, 0x24, 0x00, 0x3C, 
0x40, 0x32, 0x05, 0x03, 0x02, 0x1B, 0x1F, 0x01, 0x0C, 0x01, 0x08, 0x09, 0x01, 0x1F, 0x1D, 0x18, 
0x01, 0x06, 0x02, 0x04, 0x1A, 0x09, 0x10, 0x09, 0x03, 0x01, 0x12, 0x18, 0x09, 0x0F, 0x01, 0x20, 
0x10, 0x09, 0x05, 0x04, 0x5D, 0x07, 0x12, 0x11, 0x05, 0x1C, 0x01, 0x67, 0x18, 0x00, 0x08, 0x06, 
0x02, 0x26, 0x0F, 0x03, 0x2B, 0x2B, 0x31, 0x00, 0x3F, 0x3F, 0x2B, 0x30, 0x13, 0x21, 0x32, 0x17, 
0x16, 0x17, 0x16, 0x15, 0x14, 0x07, 0x1E, 0x01, 0x1D, 0x01, 0x14, 0x17, 0x23, 0x26, 0x3D, 0x01, 
0x34, 0x27, 0x26, 0x23, 0x21, 0x11, 0x23, 0x13, 0x11, 0x21, 0x32, 0x36, 0x35, 0x34, 0x27, 0x26, 
0x23, 0xB0, 0x02, 0x60, 0xA0, 0x50, 0x4E, 0x3B, 0x96, 0xCF, 0x6E, 0x46, 0x46, 0xF2, 0x23, 0x47, 
0x48, 0xA2, 0xFE, 0x79, 0xCD, 0xCD, 0x01, 0x81, 0x9E, 0xB0, 0x52, 0x52, 0x9C, 0x05, 0xBA, 0x0E, 
0x10, 0x2D, 0x6D, 0xD7, 0xF6, 0x5E, 0x25, 0x83, 0xA8, 0xA2, 0x85, 0x60, 0x85, 0x4A, 0xB8, 0x94, 
0x2B, 0x29, 0xFD, 0x91, 0x05, 0x02, 0xFE, 0x25, 0x5E, 0x8F, 0x92, 0x2F, 0x2D, 0x00, 0x00, 0x01, 
0x00, 0x56, 0xFF, 0xE5, 0x04, 0xE7, 0x05, 0xD7, 0x00, 0x39, 0x00, 0x40, 0x40, 0x36, 0x2C, 0x1F, 
0x0F, 0x05, 0x01, 0x05, 0x24, 0x07, 0x09, 0x24, 0x1F, 0x1A, 0x0C, 0x00, 0x08, 0x07, 0x1E, 0x35, 
0x09, 0x00, 0x07, 0x02, 0x04, 0x18, 0x0C, 0x2C, 0x1F, 0x18, 0x0F, 0x05, 0x05, 0x0D, 0x28, 0x09, 
0x1E, 0x01, 0x63, 0x2F, 0x0D, 0x01, 0x05, 0x00, 0x01, 0x01, 0x01, 0x64, 0x28, 0x12, 0x05, 0x06, 
0x02, 0x3B, 0x0F, 0x03, 0x2B, 0x2B, 0x31, 0x00, 0x3F, 0x2B, 0x2B, 0x30, 0x13, 0x33, 0x16, 0x17, 
0x16, 0x17, 0x16, 0x33, 0x32, 0x37, 0x36, 0x37, 0x36, 0x35, 0x34, 0x27, 0x25, 0x24, 0x35, 0x34, 
0x37, 0x36, 0x37, 0x36, 0x37, 0x36, 0x33, 0x20, 0x17, 0x16, 0x17, 0x23, 0x26, 0x27, 0x2E, 0x01, 
0x23, 0x22, 0x07, 0x06, 0x15, 0x14, 0x17, 0x16, 0x17, 0x05, 0x04, 0x15, 0x14, 0x07, 0x06, 0x07, 
0x06, 0x23, 0x20, 0x27, 0x26, 0x35, 0x56, 0xD7, 0x04, 0x13, 0x10, 0x44, 0x6C, 0xAA, 0x6D, 0x4F, 
0x50, 0x2B, 0x2B, 0xB2, 0xFE, 0x44, 0xFE, 0xED, 0x2D, 0x2D, 0x4E, 0x4C, 0x5C, 0x5C, 0x61, 0x01, 
0x47, 0x8C, 0x3B, 0x08, 0xD7, 0x04, 0x1D, 0x22, 0xA0, 0x60, 0x8A, 0x56, 0x56, 0x21, 0x21, 0x58, 
0x01, 0xD5, 0x01, 0x16, 0x33, 0x33, 0x5E, 0x85, 0xF8, 0xFE, 0xE1, 0x97, 0x9A, 0x01, 0xE9, 0x70, 
0x35, 0x36, 0x2D, 0x43, 0x1C, 0x1D, 0x35, 0x33, 0x46, 0x73, 0x3D, 0xA6, 0x64, 0xF0, 0x6B, 0x52, 
0x4F, 0x36, 0x35, 0x18, 0x19, 0xC7, 0x54, 0xBE, 0x75, 0x33, 0x33, 0x46, 0x40, 0x3F, 0x5E, 0x42, 
0x23, 0x25, 0x20, 0xAF, 0x66, 0xE7, 0x6B, 0x58, 0x5A, 0x40, 0x5A, 0x79, 0x79, 0xE1, 0x00, 0x01, 
0x00, 0x1B, 0x00, 0x00, 0x04, 0xB2, 0x05, 0xBA, 0x00, 0x07, 0x00, 0x20, 0x40, 0x19, 0x06, 0x01, 
0x02, 0x1F, 0x01, 0x0C, 0x02, 0x08, 0x01, 0x04, 0x05, 0x09, 0x02, 0x00, 0x02, 0x12, 0x65, 0x03, 
0x05, 0x00, 0x05, 0x01, 0x09, 0x0F, 0x03, 0x2B, 0x2B, 0x3F, 0x2B, 0x30, 0x13, 0x21, 0x15, 0x21, 
0x11, 0x23, 0x11, 0x21, 0x1B, 0x04, 0x97, 0xFE, 0x1B, 0xD1, 0xFE, 0x1F, 0x05, 0xBA, 0xB8, 0xFA, 
0xFE, 0x05, 0x02, 0x00, 0x00, 0x01, 0x00, 0x9E, 0xFF, 0xE5, 0x05, 0x10, 0x05, 0xBA, 0x00, 0x11, 
0x00, 0x23, 0x40, 0x1A, 0x04, 0x1E, 0x0E, 0x09, 0x00, 0x07, 0x01, 0x04, 0x09, 0x0C, 0x01, 0x0C, 
0x68, 0x0A, 0x07, 0x00, 0x05, 0x67, 0x01, 0x00, 0x00, 0x06, 0x02, 0x13, 0x0F, 0x03, 0x2B, 0x31, 
0x00, 0x3F, 0x3F, 0x2B, 0x30, 0x13, 0x33, 0x11, 0x10, 0x21, 0x32, 0x36, 0x35, 0x11, 0x33, 0x11, 
0x10, 0x07, 0x06, 0x21, 0x20, 0x00, 0x11, 0x9E, 0xCC, 0x01, 0x71, 0xB0, 0xBB, 0xCA, 0x97, 0x98, 
0xFE, 0xF6, 0xFE, 0xF0, 0xFE, 0xD7, 0x05, 0xBA, 0xFC, 0x6F, 0xFE, 0x75, 0xD3, 0xB2, 0x03, 0x97, 
0xFC, 0x69, 0xFE, 0xF8, 0x9A, 0x9C, 0x01, 0x1F, 0x01, 0x0E, 0x00, 0x01, 0x00, 0x00, 0x00, 0x00, 
0x05, 0x3D, 0x05, 0xBA, 0x00, 0x06, 0x00, 0x1A, 0x40, 0x10, 0x02, 0x06, 0x09, 0x04, 0x0C, 0x01, 
0x0C, 0x3D, 0x04, 0x00, 0x00, 0x05, 0x01, 0x08, 0x0F, 0x03, 0x2B, 0x31, 0x00, 0x3F, 0x3F, 0x3F, 
0x2E, 0x30, 0x11, 0x33, 0x09, 0x01, 0x33, 0x01, 0x23, 0xE1, 0x01, 0xC1, 0x01, 0xBA, 0xE1, 0xFD, 
0xCB, 0xD3, 0x05, 0xBA, 0xFB, 0x2F, 0x04, 0xD1, 0xFA, 0x46, 0x00, 0x01, 0x00, 0x0E, 0x00, 0x00, 
0x07, 0x5C, 0x05, 0xBA, 0x00, 0x19, 0x00, 0x24, 0x40, 0x18, 0x17, 0x10, 0x04, 0x03, 0x13, 0x19, 
0x09, 0x16, 0x09, 0x14, 0x0C, 0x09, 0x0C, 0x01, 0x0C, 0x3B, 0x14, 0x00, 0x00, 0x05, 0x01, 0x1B, 
0x0F, 0x03, 0x2B, 0x31, 0x00, 0x3F, 0x3F, 0x3F, 0x3F, 0x3F, 0x2A, 0x30, 0x13, 0x33, 0x13, 0x16, 
0x17, 0x3E, 0x01, 0x37, 0x01, 0x33, 0x01, 0x16, 0x17, 0x16, 0x17, 0x16, 0x17, 0x36, 0x37, 0x13, 
0x33, 0x01, 0x23, 0x09, 0x01, 0x23, 0x0E, 0xDB, 0xD8, 0x14, 0x25, 0x25, 0x14, 0x0A, 0x01, 0x07, 
0xD0, 0x01, 0x05, 0x0A, 0x0C, 0x0A, 0x0F, 0x0C, 0x0C, 0x23, 0x19, 0xE1, 0xDF, 0xFE, 0x6D, 0xCB, 
0xFE, 0xAC, 0xFE, 0xB4, 0xD7, 0x05, 0xBA, 0xFC, 0x96, 0x3C, 0xEB, 0x9E, 0x5A, 0x2F, 0x03, 0x6A, 
0xFC, 0x96, 0x21, 0x2D, 0x2D, 0x3B, 0x3C, 0x35, 0xCB, 0x5C, 0x03, 0x6A, 0xFA, 0x46, 0x04, 0xA6, 
0xFB, 0x5A, 0x00, 0x01, 0x00, 0x0E, 0x00, 0x00, 0x05, 0x2F, 0x05, 0xBA, 0x00, 0x0B, 0x00, 0x27, 
0x40, 0x1B, 0x0A, 0x04, 0x09, 0x09, 0x06, 0x0C, 0x03, 0x0C, 0x00, 0x09, 0x07, 0x06, 0x05, 0x04, 
0x03, 0x02, 0x01, 0x07, 0x3E, 0x08, 0x00, 0x01, 0x05, 0x01, 0x0D, 0x0F, 0x03, 0x2B, 0x31, 0x00, 
0x3F, 0x3F, 0x3F, 0x3F, 0x2E, 0x2E, 0x30, 0x33, 0x09, 0x01, 0x33, 0x09, 0x01, 0x33, 0x09, 0x01, 
0x23, 0x01, 0x01, 0x0E, 0x02, 0x19, 0xFE, 0x12, 0xF8, 0x01, 0x79, 0x01, 0x87, 0xF2, 0xFE, 0x00, 
0x02, 0x0C, 0xFE, 0xFE, 0x71, 0xFE, 0x5A, 0x02, 0xE9, 0x02, 0xD1, 0xFD, 0xD1, 0x02, 0x2F, 0xFD, 
0x38, 0xFD, 0x0E, 0x02, 0x54, 0xFD, 0xAC, 0x00, 0x00, 0x01, 0x00, 0x00, 0x00, 0x00, 0x05, 0x3D, 
0x05, 0xBA, 0x00, 0x08, 0x00, 0x1F, 0x40, 0x16, 0x02, 0x07, 0x09, 0x04, 0x0C, 0x01, 0x0C, 0x04, 
0x00, 0x02, 0x12, 0x02, 0x01, 0x66, 0x05, 0x07, 0x01, 0x05, 0x01, 0x0A, 0x0F, 0x03, 0x2B, 0x2B, 
0x3F, 0x3F, 0x3F, 0x2E, 0x30, 0x11, 0x33, 0x09, 0x01, 0x33, 0x01, 0x11, 0x23, 0x11, 0xF2, 0x01, 
0xB4, 0x01, 0xA6, 0xF1, 0xFD, 0xCF, 0xCF, 0x05, 0xBA, 0xFD, 0x4A, 0x02, 0xB6, 0xFC, 0x8A, 0xFD, 
0xBC, 0x02, 0x44, 0x00, 0x00, 0x01, 0x00, 0x31, 0x00, 0x00, 0x04, 0x9C, 0x05, 0xBA, 0x00, 0x09, 
0x00, 0x28, 0x40, 0x21, 0x05, 0x01, 0x01, 0x1F, 0x04, 0x0C, 0x01, 0x08, 0x00, 0x01, 0x06, 0x1F, 
0x09, 0x09, 0x01, 0x07, 0x02, 0x04, 0x08, 0x01, 0x06, 0x03, 0x01, 0x03, 0x43, 0x05, 0x00, 0x09, 
0x05, 0x01, 0x0B, 0x0F, 0x03, 0x2B, 0x31, 0x00, 0x2B, 0x30, 0x37, 0x01, 0x21, 0x35, 0x21, 0x15, 
0x01, 0x21, 0x15, 0x21, 0x31, 0x03, 0x71, 0xFC, 0xCB, 0x04, 0x2F, 0xFC, 0x8D, 0x03, 0x73, 0xFB, 
0x95, 0xB4, 0x04, 0x4E, 0xB8, 0xB6, 0xFB, 0xB4, 0xB8, 0x00, 0x00, 0x01, 0x00, 0x83, 0xFE, 0x48, 
0x01, 0xE5, 0x05, 0xBA, 0x00, 0x07, 0x00, 0x21, 0x40, 0x1A, 0x02, 0x1F, 0x01, 0x0C, 0x00, 0x08, 
0x04, 0x1F, 0x07, 0x07, 0x00, 0x07, 0x02, 0x04, 0x06, 0x02, 0x02, 0x6F, 0x04, 0x00, 0x10, 0x05, 
0x01, 0x09, 0x0F, 0x03, 0x2B, 0x31, 0x00, 0x2B, 0x30, 0x13, 0x21, 0x15, 0x23, 0x11, 0x33, 0x15, 
0x21, 0x83, 0x01, 0x62, 0xA8, 0xA8, 0xFE, 0x9E, 0x05, 0xBA, 0xB8, 0xF9, 0xFE, 0xB8, 0x00, 0x01, 
0x00, 0x0E, 0xFE, 0xD9, 0x02, 0x5E, 0x05, 0xBA, 0x00, 0x03, 0x00, 0x14, 0x40, 0x0C, 0x02, 0x00, 
0x0C, 0x54, 0x01, 0x03, 0x00, 0x06, 0x01, 0x05, 0x10, 0x03, 0x2B, 0x31, 0x00, 0x3F, 0x2E, 0x30, 
0x13, 0x01, 0x23, 0x01, 0xC1, 0x01, 0x9D, 0xB0, 0xFE, 0x60, 0x05, 0xBA, 0xF9, 0x1F, 0x06, 0xE1, 
0x00, 0x01, 0x00, 0x48, 0xFE, 0x48, 0x01, 0xAA, 0x05, 0xBA, 0x00, 0x07, 0x00, 0x21, 0x40, 0x1A, 
0x04, 0x1F, 0x07, 0x0C, 0x00, 0x08, 0x02, 0x1F, 0x01, 0x07, 0x00, 0x07, 0x02, 0x04, 0x06, 0x02, 
0x02, 0x70, 0x00, 0x04, 0x04, 0x05, 0x01, 0x09, 0x0F, 0x03, 0x2B, 0x31, 0x00, 0x2B, 0x30, 0x01, 
0x21, 0x35, 0x33, 0x11, 0x23, 0x35, 0x21, 0x01, 0xAA, 0xFE, 0x9E, 0xAA, 0xAA, 0x01, 0x62, 0xFE, 
0x48, 0xB8, 0x06, 0x02, 0xB8, 0x00, 0x00, 0x01, 0x00, 0xAE, 0x03, 0xFE, 0x03, 0x04, 0x05, 0xBE, 
0x00, 0x06, 0x00, 0x18, 0x40, 0x10, 0x06, 0x05, 0x01, 0x03, 0x13, 0x03, 0x0C, 0x52, 0x04, 0x01, 
0x00, 0x05, 0x01, 0x08, 0x0F, 0x03, 0x2B, 0x31, 0x00, 0x3F, 0x2A, 0x30, 0x01, 0x23, 0x13, 0x33, 
0x13, 0x23, 0x03, 0x01, 0x29, 0x7B, 0xF0, 0x74, 0xF2, 0x7D, 0xB0, 0x03, 0xFE, 0x01, 0xC0, 0xFE, 
0x40, 0x01, 0x31, 0x00, 0x00, 0x01, 0x00, 0x00, 0xFE, 0xB4, 0x04, 0x5C, 0xFF, 0x50, 0x00, 0x03, 
0x00, 0x17, 0x40, 0x10, 0x27, 0x01, 0x03, 0x00, 0x06, 0x01, 0x04, 0x44, 0x02, 0x00, 0x00, 0x05, 
0x01, 0x05, 0x0F, 0x03, 0x2B, 0x31, 0x00, 0x2B, 0x30, 0x15, 0x21, 0x15, 0x21, 0x04, 0x5C, 0xFB, 
0xA4, 0xB0, 0x9C, 0x00, 0x00, 0x01, 0x00, 0x93, 0x04, 0xBC, 0x02, 0x0C, 0x05, 0xE3, 0x00, 0x03, 
0x00, 0x18, 0x40, 0x11, 0x02, 0x14, 0x00, 0x0C, 0x00, 0x08, 0x01, 0x04, 0x5A, 0x01, 0x03, 0x00, 
0x05, 0x01, 0x05, 0x0F, 0x03, 0x2B, 0x31, 0x00, 0x2B, 0x30, 0x01, 0x13, 0x23, 0x03, 0x01, 0x81, 
0x8B, 0x97, 0xE2, 0x05, 0xE3, 0xFE, 0xD9, 0x01, 0x27, 0x00, 0x00, 0x02, 0x00, 0x56, 0xFF, 0xE5, 
0x04, 0x42, 0x04, 0x4C, 0x00, 0x28, 0x00, 0x34, 0x00, 0x47, 0x40, 0x3D, 0x2B, 0x29, 0x1F, 0x1D, 
0x0A, 0x05, 0x24, 0x0C, 0x09, 0x00, 0x01, 0x24, 0x21, 0x04, 0x0A, 0x04, 0x08, 0x15, 0x10, 0x02, 
0x31, 0x01, 0x11, 0x01, 0x0C, 0x23, 0x17, 0x09, 0x19, 0x07, 0x02, 0x04, 0x13, 0x09, 0x28, 0x01, 
0x29, 0x2D, 0x09, 0x11, 0x01, 0x20, 0x15, 0x02, 0x6F, 0x07, 0x29, 0x11, 0x05, 0x1D, 0x00, 0x02, 
0x69, 0x2D, 0x1B, 0x01, 0x06, 0x02, 0x36, 0x0F, 0x03, 0x2B, 0x2B, 0x31, 0x00, 0x3F, 0x2B, 0x2B, 
0x30, 0x13, 0x36, 0x37, 0x36, 0x21, 0x32, 0x16, 0x15, 0x11, 0x14, 0x17, 0x16, 0x33, 0x36, 0x37, 
0x32, 0x33, 0x15, 0x06, 0x23, 0x22, 0x27, 0x06, 0x23, 0x22, 0x27, 0x26, 0x35, 0x34, 0x37, 0x36, 
0x25, 0x35, 0x34, 0x27, 0x26, 0x23, 0x22, 0x07, 0x06, 0x07, 0x05, 0x04, 0x07, 0x06, 0x15, 0x14, 
0x17, 0x16, 0x33, 0x32, 0x36, 0x35, 0x83, 0x0A, 0x34, 0x6C, 0x01, 0x04, 0xC5, 0xD7, 0x0E, 0x0C, 
0x25, 0x0B, 0x08, 0x08, 0x1B, 0x46, 0x2B, 0x9C, 0x0E, 0x9C, 0xD7, 0x99, 0x63, 0x62, 0xBA, 0xB9, 
0x01, 0x4E, 0x34, 0x35, 0x7D, 0x73, 0x39, 0x3B, 0x06, 0x01, 0xD0, 0xFE, 0xC3, 0x48, 0x70, 0x35, 
0x35, 0x5A, 0x7D, 0xB4, 0x02, 0xE3, 0x87, 0x4C, 0x96, 0x98, 0xBE, 0xFE, 0x06, 0x39, 0x1B, 0x1D, 
0x02, 0x02, 0x8B, 0x16, 0xA1, 0xAA, 0x58, 0x59, 0x8D, 0xE3, 0x42, 0x3F, 0x1F, 0x35, 0x6B, 0x2F, 
0x2D, 0x2D, 0x2D, 0x65, 0xCC, 0x2E, 0x24, 0x27, 0x6D, 0x4E, 0x2B, 0x2D, 0x94, 0x66, 0x00, 0x02, 
0x00, 0x83, 0xFF, 0xE5, 0x04, 0x14, 0x05, 0xBA, 0x00, 0x14, 0x00, 0x20, 0x00, 0x2E, 0x40, 0x26, 
0x02, 0x01, 0x15, 0x21, 0x06, 0x0A, 0x01, 0x08, 0x14, 0x12, 0x02, 0x1B, 0x23, 0x10, 0x09, 0x01, 
0x07, 0x02, 0x04, 0x01, 0x0C, 0x6B, 0x0B, 0x1E, 0x00, 0x05, 0x18, 0x12, 0x02, 0x6F, 0x01, 0x00, 
0x01, 0x06, 0x02, 0x22, 0x0F, 0x03, 0x2B, 0x31, 0x00, 0x3F, 0x2B, 0x30, 0x13, 0x33, 0x11, 0x36, 
0x37, 0x36, 0x33, 0x32, 0x17, 0x1E, 0x01, 0x15, 0x14, 0x07, 0x0E, 0x01, 0x23, 0x22, 0x27, 0x15, 
0x23, 0x01, 0x22, 0x06, 0x15, 0x14, 0x16, 0x33, 0x32, 0x36, 0x35, 0x34, 0x26, 0x83, 0xBA, 0x50, 
0x4A, 0x48, 0x5A, 0x7B, 0x5E, 0x5C, 0x66, 0x35, 0x37, 0xC1, 0x81, 0xAE, 0x87, 0xAE, 0x01, 0xBA, 
0x78, 0x94, 0x94, 0x78, 0x7F, 0x94, 0x94, 0x05, 0xBA, 0xFD, 0xEC, 0x5A, 0x27, 0x25, 0x44, 0x43, 
0xFA, 0xA4, 0xAC, 0x83, 0x83, 0x90, 0x94, 0x75, 0x03, 0x9E, 0xD3, 0xB8, 0xB7, 0xD5, 0xD5, 0xB7, 
0xB8, 0xD3, 0x00, 0x01, 0x00, 0x48, 0xFF, 0xDD, 0x03, 0xF2, 0x04, 0x4C, 0x00, 0x1E, 0x00, 0x29, 
0x40, 0x22, 0x11, 0x03, 0x01, 0x03, 0x15, 0x1D, 0x09, 0x15, 0x21, 0x0D, 0x0A, 0x00, 0x08, 0x1D, 
0x21, 0x05, 0x09, 0x00, 0x07, 0x02, 0x04, 0x10, 0x01, 0x02, 0x12, 0x6B, 0x19, 0x09, 0x00, 0x05, 
0x01, 0x20, 0x0F, 0x03, 0x2B, 0x2B, 0x2B, 0x2B, 0x30, 0x01, 0x33, 0x06, 0x07, 0x06, 0x23, 0x22, 
0x27, 0x26, 0x11, 0x10, 0x37, 0x36, 0x33, 0x32, 0x16, 0x17, 0x23, 0x26, 0x27, 0x26, 0x23, 0x22, 
0x07, 0x06, 0x15, 0x14, 0x17, 0x16, 0x33, 0x32, 0x03, 0x31, 0xC1, 0x15, 0x3D, 0x8C, 0xDB, 0xEB, 
0x83, 0x83, 0x83, 0x81, 0xE9, 0xBB, 0xEB, 0x17, 0xC1, 0x14, 0x42, 0x43, 0x63, 0x8B, 0x4E, 0x50, 
0x50, 0x4E, 0x8B, 0xC3, 0x01, 0x81, 0xA0, 0x56, 0xAE, 0x94, 0x91, 0x01, 0x06, 0x01, 0x11, 0x99, 
0x9A, 0xD3, 0xBD, 0x6F, 0x3B, 0x3C, 0x65, 0x66, 0xB4, 0xC5, 0x6A, 0x6D, 0x00, 0x02, 0x00, 0x48, 
0xFF, 0xE5, 0x03, 0xDB, 0x05, 0xBA, 0x00, 0x15, 0x00, 0x23, 0x00, 0x2F, 0x40, 0x27, 0x00, 0x01, 
0x20, 0x21, 0x12, 0x0A, 0x01, 0x08, 0x16, 0x01, 0x04, 0x01, 0x05, 0x23, 0x09, 0x09, 0x09, 0x07, 
0x02, 0x04, 0x02, 0x0C, 0x1A, 0x04, 0x02, 0x70, 0x03, 0x00, 0x01, 0x05, 0x6B, 0x22, 0x0E, 0x00, 
0x06, 0x02, 0x25, 0x0F, 0x03, 0x2B, 0x31, 0x00, 0x3F, 0x2B, 0x30, 0x01, 0x11, 0x33, 0x11, 0x23, 
0x35, 0x06, 0x07, 0x06, 0x23, 0x22, 0x27, 0x2E, 0x01, 0x35, 0x10, 0x37, 0x36, 0x33, 0x32, 0x17, 
0x16, 0x03, 0x32, 0x37, 0x36, 0x35, 0x34, 0x27, 0x26, 0x27, 0x26, 0x23, 0x20, 0x11, 0x10, 0x03, 
0x23, 0xB8, 0xB0, 0x4E, 0x45, 0x46, 0x60, 0x7B, 0x63, 0x62, 0x6A, 0x79, 0x76, 0xC5, 0x5E, 0x3E, 
0x3D, 0xB6, 0x83, 0x45, 0x46, 0x1F, 0x1E, 0x3C, 0x3B, 0x5A, 0xFE, 0xED, 0x03, 0xC5, 0x01, 0xF5, 
0xFA, 0x4A, 0x87, 0x5E, 0x23, 0x25, 0x44, 0x44, 0xF7, 0xA4, 0x01, 0x00, 0xA2, 0xA2, 0x1B, 0x1A, 
0xFC, 0x74, 0x67, 0x64, 0xC1, 0x81, 0x58, 0x58, 0x2D, 0x2D, 0xFE, 0x79, 0xFE, 0x70, 0x00, 0x02, 
0x00, 0x48, 0xFF, 0xE5, 0x04, 0x14, 0x04, 0x48, 0x00, 0x14, 0x00, 0x1B, 0x00, 0x2B, 0x40, 0x24, 
0x19, 0x23, 0x11, 0x0A, 0x00, 0x08, 0x06, 0x01, 0x23, 0x15, 0x00, 0x04, 0x06, 0x03, 0x23, 0x0A, 
0x09, 0x00, 0x07, 0x03, 0x04, 0x1B, 0x15, 0x06, 0x05, 0x01, 0x05, 0x4B, 0x00, 0x0E, 0x01, 0x05, 
0x01, 0x1D, 0x0F, 0x03, 0x2B, 0x31, 0x00, 0x2B, 0x30, 0x01, 0x21, 0x12, 0x21, 0x32, 0x37, 0x33, 
0x06, 0x07, 0x06, 0x23, 0x22, 0x27, 0x26, 0x11, 0x10, 0x00, 0x33, 0x32, 0x12, 0x15, 0x27, 0x26, 
0x27, 0x26, 0x23, 0x22, 0x03, 0x04, 0x14, 0xFC, 0xF4, 0x17, 0x01, 0x1A, 0xDB, 0x30, 0xC0, 0x25, 
0x7D, 0x7D, 0xB4, 0xE5, 0x81, 0x83, 0x01, 0x0E, 0xE7, 0xEE, 0xE9, 0xBC, 0x0A, 0x4A, 0x4C, 0x7F, 
0xFE, 0x2D, 0x01, 0xDF, 0xFE, 0xAC, 0xD7, 0xB2, 0x64, 0x67, 0x98, 0x95, 0x01, 0x05, 0x01, 0x04, 
0x01, 0x2D, 0xFE, 0xDB, 0xF2, 0x54, 0x89, 0x4A, 0x4A, 0xFE, 0xE3, 0x00, 0x00, 0x01, 0x00, 0x0E, 
0x00, 0x00, 0x02, 0x08, 0x05, 0xD7, 0x00, 0x1A, 0x00, 0x31, 0x40, 0x26, 0x00, 0x01, 0x19, 0x01, 
0x15, 0x26, 0x13, 0x0A, 0x0A, 0x08, 0x01, 0x04, 0x0B, 0x09, 0x18, 0x09, 0x06, 0x0C, 0x15, 0x09, 
0x02, 0x16, 0x01, 0x00, 0x01, 0x18, 0x01, 0x04, 0x01, 0x6F, 0x13, 0x01, 0x1F, 0x05, 0x01, 0x1C, 
0x0F, 0x03, 0x2B, 0x31, 0x00, 0x3F, 0x3F, 0x2E, 0x2E, 0x2B, 0x30, 0x13, 0x33, 0x35, 0x34, 0x37, 
0x36, 0x33, 0x32, 0x17, 0x15, 0x26, 0x23, 0x22, 0x07, 0x06, 0x15, 0x14, 0x07, 0x06, 0x15, 0x33, 
0x15, 0x23, 0x11, 0x23, 0x11, 0x23, 0x0E, 0x85, 0x32, 0x47, 0x87, 0x46, 0x2F, 0x23, 0x24, 0x3E, 
0x16, 0x19, 0x04, 0x04, 0xBC, 0xBC, 0xB9, 0x85, 0x04, 0x31, 0x4C, 0xAE, 0x4C, 0x60, 0x0E, 0xA6, 
0x0C, 0x21, 0x20, 0x56, 0x0F, 0x23, 0x22, 0x13, 0x9E, 0xFC, 0x6D, 0x03, 0x93, 0x00, 0x00, 0x02, 
0x00, 0x48, 0xFE, 0x48, 0x03, 0xD7, 0x04, 0x4C, 0x00, 0x21, 0x00, 0x31, 0x00, 0x41, 0x40, 0x37, 
0x0E, 0x01, 0x18, 0x11, 0x09, 0x00, 0x01, 0x2E, 0x21, 0x20, 0x0A, 0x04, 0x08, 0x15, 0x01, 0x26, 
0x23, 0x18, 0x09, 0x01, 0x07, 0x11, 0x21, 0x09, 0x07, 0x00, 0x07, 0x03, 0x04, 0x02, 0x0A, 0x0E, 
0x01, 0x15, 0x22, 0x09, 0x2A, 0x00, 0x02, 0x6D, 0x03, 0x15, 0x01, 0x05, 0x0D, 0x01, 0x6B, 0x22, 
0x1C, 0x01, 0x06, 0x02, 0x33, 0x0F, 0x03, 0x2B, 0x2B, 0x31, 0x00, 0x3F, 0x2B, 0x2B, 0x30, 0x01, 
0x35, 0x33, 0x11, 0x14, 0x07, 0x06, 0x07, 0x06, 0x23, 0x22, 0x27, 0x26, 0x27, 0x33, 0x1E, 0x01, 
0x33, 0x32, 0x37, 0x36, 0x35, 0x0E, 0x01, 0x23, 0x22, 0x27, 0x26, 0x11, 0x10, 0x37, 0x36, 0x33, 
0x32, 0x01, 0x14, 0x17, 0x16, 0x33, 0x32, 0x37, 0x36, 0x35, 0x34, 0x27, 0x26, 0x23, 0x22, 0x07, 
0x06, 0x03, 0x23, 0xB4, 0x23, 0x23, 0x64, 0x66, 0xBB, 0xC2, 0x61, 0x62, 0x16, 0xB8, 0x16, 0x63, 
0x66, 0x96, 0x3D, 0x3C, 0x44, 0x89, 0x61, 0xC0, 0x71, 0x70, 0x70, 0x71, 0xC5, 0xC4, 0xFE, 0x5A, 
0x4A, 0x48, 0x79, 0x76, 0x4A, 0x48, 0x48, 0x48, 0x78, 0x7B, 0x48, 0x48, 0x03, 0xA0, 0x91, 0xFC, 
0x75, 0xC1, 0x81, 0x83, 0x4B, 0x4E, 0x4E, 0x4B, 0xAE, 0x5A, 0x43, 0x58, 0x56, 0xE1, 0x56, 0x46, 
0x92, 0x91, 0x01, 0x00, 0x01, 0x08, 0x9E, 0x9E, 0xFD, 0xCB, 0xB3, 0x6C, 0x6D, 0x6D, 0x6C, 0xB3, 
0xB6, 0x6A, 0x6B, 0x6B, 0x6A, 0x00, 0x00, 0x01, 0x00, 0x83, 0x00, 0x00, 0x03, 0xDB, 0x05, 0xBA, 
0x00, 0x15, 0x00, 0x2A, 0x40, 0x20, 0x02, 0x01, 0x0E, 0x21, 0x04, 0x0A, 0x01, 0x08, 0x01, 0x04, 
0x15, 0x09, 0x0A, 0x09, 0x01, 0x0C, 0x70, 0x09, 0x0A, 0x00, 0x05, 0x13, 0x01, 0x6F, 0x01, 0x00, 
0x08, 0x06, 0x02, 0x17, 0x0F, 0x03, 0x2B, 0x31, 0x00, 0x3F, 0x3F, 0x3F, 0x2B, 0x30, 0x13, 0x33, 
0x11, 0x36, 0x33, 0x32, 0x17, 0x16, 0x15, 0x11, 0x23, 0x11, 0x34, 0x26, 0x23, 0x22, 0x07, 0x0E, 
0x01, 0x15, 0x11, 0x23, 0x83, 0xBA, 0x8E, 0xB6, 0xBC, 0x50, 0x4E, 0xB8, 0x5E, 0x6D, 0x93, 0x50, 
0x23, 0x15, 0xBA, 0x05, 0xBA, 0xFE, 0x02, 0x90, 0x65, 0x66, 0xC0, 0xFD, 0x3F, 0x02, 0x98, 0x91, 
0x79, 0x71, 0x2B, 0x62, 0x6B, 0xFD, 0xC7, 0x00, 0x00, 0x02, 0x00, 0x83, 0x00, 0x00, 0x01, 0x3D, 
0x05, 0xBA, 0x00, 0x03, 0x00, 0x07, 0x00, 0x22, 0x40, 0x19, 0x03, 0x1A, 0x01, 0x0C, 0x00, 0x08, 
0x01, 0x04, 0x07, 0x09, 0x05, 0x0A, 0x06, 0x01, 0x04, 0x01, 0x6F, 0x02, 0x00, 0x0A, 0x05, 0x01, 
0x09, 0x0F, 0x03, 0x2B, 0x31, 0x00, 0x3F, 0x3F, 0x2B, 0x30, 0x13, 0x33, 0x15, 0x23, 0x15, 0x33, 
0x11, 0x23, 0x83, 0xBA, 0xBA, 0xBA, 0xBA, 0x05, 0xBA, 0xD3, 0xB6, 0xFB, 0xCF, 0x00, 0x00, 0x02, 
0xFF, 0xD7, 0xFE, 0x48, 0x01, 0x3D, 0x05, 0xBA, 0x00, 0x0E, 0x00, 0x12, 0x00, 0x28, 0x40, 0x1D, 
0x12, 0x1A, 0x10, 0x0C, 0x00, 0x08, 0x01, 0x04, 0x02, 0x00, 0x0B, 0x07, 0x08, 0x0A, 0x11, 0x01, 
0x00, 0x01, 0x0F, 0x01, 0x6F, 0x09, 0x06, 0x0E, 0x05, 0x01, 0x14, 0x0F, 0x03, 0x2B, 0x31, 0x00, 
0x3F, 0x3F, 0x2E, 0x2E, 0x2B, 0x30, 0x03, 0x16, 0x33, 0x32, 0x37, 0x36, 0x35, 0x11, 0x33, 0x11, 
0x10, 0x23, 0x2E, 0x01, 0x23, 0x13, 0x33, 0x15, 0x23, 0x29, 0x25, 0x27, 0x3B, 0x13, 0x12, 0xBA, 
0xF9, 0x19, 0x3B, 0x19, 0xAC, 0xBA, 0xBA, 0xFE, 0xFC, 0x0A, 0x20, 0x21, 0x6B, 0x04, 0x93, 0xFB, 
0x52, 0xFE, 0xC5, 0x02, 0x04, 0x07, 0x6C, 0xD3, 0x00, 0x01, 0x00, 0x83, 0x00, 0x00, 0x03, 0xEE, 
0x05, 0xBA, 0x00, 0x0B, 0x00, 0x25, 0x40, 0x1A, 0x08, 0x02, 0x0B, 0x09, 0x07, 0x09, 0x04, 0x0A, 
0x01, 0x0C, 0x06, 0x05, 0x04, 0x03, 0x12, 0x09, 0x01, 0x6F, 0x01, 0x00, 0x08, 0x05, 0x01, 0x0D, 
0x0F, 0x03, 0x2B, 0x2B, 0x3F, 0x3F, 0x3F, 0x3F, 0x2E, 0x2E, 0x30, 0x13, 0x33, 0x11, 0x01, 0x33, 
0x09, 0x01, 0x23, 0x01, 0x07, 0x11, 0x23, 0x83, 0xBA, 0x01, 0xB5, 0xF1, 0xFE, 0x69, 0x01, 0xA2, 
0xE2, 0xFE, 0xC3, 0x92, 0xBA, 0x05, 0xBA, 0xFC, 0xC7, 0x01, 0xB0, 0xFE, 0x71, 0xFD, 0x5E, 0x02, 
0x23, 0x87, 0xFE, 0x64, 0x00, 0x01, 0x00, 0x83, 0x00, 0x00, 0x01, 0x3D, 0x05, 0xBA, 0x00, 0x03, 
0x00, 0x15, 0x40, 0x0D, 0x03, 0x09, 0x01, 0x0C, 0x6F, 0x02, 0x00, 0x00, 0x05, 0x01, 0x05, 0x0F, 
0x03, 0x2B, 0x31, 0x00, 0x3F, 0x3F, 0x30, 0x13, 0x33, 0x11, 0x23, 0x83, 0xBA, 0xBA, 0x05, 0xBA, 
0xFA, 0x46, 0x00, 0x01, 0x00, 0x83, 0x00, 0x00, 0x06, 0x06, 0x04, 0x4C, 0x00, 0x29, 0x00, 0x39, 
0x40, 0x2E, 0x05, 0x01, 0x21, 0x01, 0x08, 0x02, 0x02, 0x14, 0x21, 0x0B, 0x0A, 0x0B, 0x08, 0x01, 
0x04, 0x29, 0x09, 0x1C, 0x09, 0x0F, 0x09, 0x01, 0x0A, 0x6F, 0x0E, 0x0F, 0x00, 0x05, 0x08, 0x01, 
0x6E, 0x1A, 0x1C, 0x01, 0x06, 0x27, 0x01, 0x6F, 0x01, 0x00, 0x08, 0x06, 0x03, 0x2B, 0x0F, 0x03, 
0x2B, 0x31, 0x00, 0x3F, 0x3F, 0x3F, 0x3F, 0x2B, 0x30, 0x13, 0x33, 0x15, 0x3E, 0x01, 0x33, 0x32, 
0x16, 0x17, 0x3E, 0x01, 0x33, 0x20, 0x19, 0x01, 0x23, 0x11, 0x34, 0x27, 0x26, 0x23, 0x22, 0x07, 
0x06, 0x07, 0x06, 0x15, 0x11, 0x23, 0x11, 0x34, 0x27, 0x26, 0x23, 0x22, 0x07, 0x06, 0x07, 0x06, 
0x15, 0x11, 0x23, 0x83, 0xBA, 0x52, 0x8C, 0x5A, 0x60, 0x7D, 0x2F, 0x52, 0x8F, 0x5F, 0x01, 0x45, 
0xBA, 0x29, 0x2B, 0x60, 0x48, 0x42, 0x41, 0x13, 0x1A, 0xBB, 0x1E, 0x21, 0x5E, 0x54, 0x46, 0x46, 
0x1C, 0x0F, 0xBA, 0x04, 0x31, 0x87, 0x58, 0x4A, 0x4E, 0x54, 0x58, 0x4A, 0xFE, 0x8F, 0xFD, 0x25, 
0x02, 0xBC, 0x77, 0x37, 0x38, 0x2B, 0x2D, 0x3E, 0x35, 0x9E, 0xFD, 0xC7, 0x02, 0xA2, 0x95, 0x36, 
0x35, 0x2F, 0x31, 0x50, 0x2D, 0x88, 0xFD, 0xC3, 0x00, 0x01, 0x00, 0x83, 0x00, 0x00, 0x03, 0xDB, 
0x04, 0x4C, 0x00, 0x1C, 0x00, 0x2E, 0x40, 0x24, 0x12, 0x01, 0x08, 0x01, 0x02, 0x21, 0x06, 0x0A, 
0x03, 0x08, 0x01, 0x04, 0x1C, 0x09, 0x0E, 0x09, 0x01, 0x0A, 0x08, 0x01, 0x70, 0x0D, 0x0E, 0x01, 
0x05, 0x1A, 0x01, 0x6F, 0x01, 0x00, 0x08, 0x06, 0x02, 0x1E, 0x0F, 0x03, 0x2B, 0x31, 0x00, 0x3F, 
0x3F, 0x3F, 0x2B, 0x30, 0x13, 0x33, 0x15, 0x36, 0x37, 0x36, 0x33, 0x32, 0x17, 0x16, 0x17, 0x16, 
0x15, 0x11, 0x23, 0x11, 0x34, 0x26, 0x23, 0x22, 0x07, 0x06, 0x07, 0x06, 0x07, 0x06, 0x15, 0x11, 
0x23, 0x83, 0xBA, 0x50, 0x4A, 0x48, 0x68, 0x71, 0x56, 0x54, 0x1F, 0x1A, 0xB8, 0x62, 0x71, 0x5C, 
0x44, 0x46, 0x16, 0x10, 0x02, 0x05, 0xBA, 0x04, 0x31, 0x8F, 0x5E, 0x27, 0x25, 0x33, 0x36, 0x58, 
0x4C, 0x95, 0xFD, 0x56, 0x02, 0x8B, 0x9A, 0x7D, 0x2D, 0x2D, 0x4A, 0x2B, 0x1F, 0x1E, 0x65, 0xFD, 
0xCF, 0x00, 0x00, 0x02, 0x00, 0x48, 0xFF, 0xE5, 0x04, 0x14, 0x04, 0x4C, 0x00, 0x0F, 0x00, 0x20, 
0x00, 0x23, 0x40, 0x1C, 0x1C, 0x21, 0x04, 0x0A, 0x00, 0x08, 0x13, 0x23, 0x0C, 0x09, 0x00, 0x07, 
0x02, 0x04, 0x6B, 0x08, 0x17, 0x00, 0x05, 0x6B, 0x10, 0x00, 0x00, 0x06, 0x02, 0x22, 0x0F, 0x03, 
0x2B, 0x31, 0x00, 0x2B, 0x30, 0x13, 0x10, 0x37, 0x36, 0x33, 0x32, 0x17, 0x16, 0x11, 0x10, 0x07, 
0x06, 0x23, 0x22, 0x27, 0x26, 0x13, 0x14, 0x16, 0x33, 0x32, 0x37, 0x36, 0x35, 0x34, 0x26, 0x27, 
0x26, 0x23, 0x22, 0x07, 0x06, 0x06, 0x48, 0x83, 0x81, 0xE1, 0xE3, 0x83, 0x81, 0x81, 0x83, 0xE3, 
0xE1, 0x81, 0x83, 0xC4, 0x9C, 0x85, 0x8B, 0x4C, 0x4C, 0x46, 0x41, 0x44, 0x58, 0x5A, 0x40, 0x41, 
0x46, 0x02, 0x17, 0x01, 0x08, 0x97, 0x96, 0x94, 0x95, 0xFE, 0xF4, 0xFE, 0xF7, 0x93, 0x96, 0x98, 
0x95, 0x01, 0x05, 0xBB, 0xD1, 0x6B, 0x68, 0xC1, 0x79, 0xB0, 0x2D, 0x2D, 0x2D, 0x2F, 0xB5, 0x00, 
0x00, 0x02, 0x00, 0x83, 0xFE, 0x62, 0x04, 0x14, 0x04, 0x4C, 0x00, 0x12, 0x00, 0x22, 0x00, 0x31, 
0x40, 0x28, 0x02, 0x01, 0x13, 0x21, 0x06, 0x0A, 0x01, 0x08, 0x10, 0x01, 0x1B, 0x23, 0x0C, 0x09, 
0x01, 0x07, 0x02, 0x04, 0x12, 0x07, 0x01, 0x0A, 0x6B, 0x09, 0x1F, 0x00, 0x05, 0x10, 0x01, 0x17, 
0x01, 0x6F, 0x01, 0x00, 0x09, 0x06, 0x02, 0x24, 0x0F, 0x03, 0x2B, 0x31, 0x00, 0x3F, 0x3F, 0x2B, 
0x30, 0x13, 0x33, 0x15, 0x36, 0x37, 0x36, 0x33, 0x32, 0x12, 0x11, 0x10, 0x02, 0x23, 0x22, 0x27, 
0x26, 0x27, 0x11, 0x23, 0x01, 0x22, 0x07, 0x06, 0x15, 0x14, 0x17, 0x16, 0x33, 0x32, 0x37, 0x36, 
0x35, 0x34, 0x27, 0x26, 0x83, 0xBA, 0x46, 0x48, 0x45, 0x61, 0xC6, 0xDD, 0xE5, 0xC5, 0x62, 0x43, 
0x46, 0x42, 0xBA, 0x01, 0xC1, 0x7D, 0x48, 0x4A, 0x4A, 0x48, 0x7D, 0x7A, 0x4A, 0x48, 0x48, 0x4A, 
0x04, 0x31, 0x7F, 0x52, 0x25, 0x23, 0xFE, 0xDB, 0xFE, 0xFC, 0xFE, 0xFA, 0xFE, 0xC8, 0x21, 0x21, 
0x4A, 0xFD, 0xF1, 0x05, 0x40, 0x69, 0x6A, 0xB8, 0xB5, 0x6A, 0x6D, 0x69, 0x68, 0xBB, 0xBC, 0x68, 
0x67, 0x00, 0x00, 0x02, 0x00, 0x48, 0xFE, 0x62, 0x03, 0xDB, 0x04, 0x4C, 0x00, 0x12, 0x00, 0x22, 
0x00, 0x30, 0x40, 0x27, 0x00, 0x01, 0x1F, 0x21, 0x11, 0x0A, 0x01, 0x08, 0x05, 0x01, 0x17, 0x23, 
0x07, 0x09, 0x01, 0x07, 0x02, 0x04, 0x04, 0x07, 0x02, 0x0A, 0x04, 0x00, 0x02, 0x6B, 0x03, 0x1B, 
0x01, 0x05, 0x6A, 0x13, 0x0B, 0x00, 0x06, 0x02, 0x24, 0x0F, 0x03, 0x2B, 0x31, 0x00, 0x3F, 0x3F, 
0x2B, 0x30, 0x01, 0x35, 0x33, 0x11, 0x23, 0x11, 0x06, 0x23, 0x22, 0x27, 0x26, 0x35, 0x34, 0x37, 
0x36, 0x37, 0x36, 0x33, 0x32, 0x01, 0x14, 0x17, 0x16, 0x33, 0x32, 0x37, 0x36, 0x35, 0x34, 0x27, 
0x26, 0x23, 0x22, 0x07, 0x06, 0x03, 0x23, 0xB8, 0xB8, 0x7B, 0xBF, 0xBE, 0x71, 0x72, 0x35, 0x35, 
0x62, 0x63, 0x7F, 0xCF, 0xFE, 0x49, 0x48, 0x46, 0x76, 0x77, 0x48, 0x46, 0x48, 0x48, 0x75, 0x74, 
0x48, 0x48, 0x03, 0xAA, 0x87, 0xFA, 0x31, 0x02, 0x21, 0x9E, 0x96, 0x93, 0xFE, 0xAC, 0x83, 0x81, 
0x48, 0x48, 0xFD, 0xCB, 0xB1, 0x6C, 0x6F, 0x6F, 0x6C, 0xB1, 0xB2, 0x6C, 0x6D, 0x6D, 0x6C, 0x00, 
0x00, 0x01, 0x00, 0x83, 0x00, 0x00, 0x02, 0x8F, 0x04, 0x4C, 0x00, 0x13, 0x00, 0x2B, 0x40, 0x21, 
0x0B, 0x02, 0x02, 0x0D, 0x1B, 0x06, 0x0A, 0x04, 0x08, 0x01, 0x04, 0x13, 0x09, 0x0A, 0x0A, 0x08, 
0x0A, 0x01, 0x0A, 0x0B, 0x01, 0x12, 0x11, 0x01, 0x6F, 0x01, 0x00, 0x08, 0x05, 0x01, 0x15, 0x0F, 
0x03, 0x2B, 0x2B, 0x3F, 0x3F, 0x3F, 0x3F, 0x2B, 0x30, 0x13, 0x33, 0x15, 0x36, 0x33, 0x32, 0x33, 
0x16, 0x33, 0x16, 0x17, 0x15, 0x26, 0x23, 0x22, 0x07, 0x06, 0x15, 0x11, 0x23, 0x83, 0xBA, 0x67, 
0xA0, 0x0E, 0x08, 0x08, 0x0F, 0x0E, 0x10, 0x1E, 0x19, 0xA2, 0x3B, 0x3E, 0xBA, 0x04, 0x31, 0xB0, 
0xCB, 0x02, 0x02, 0x02, 0xC5, 0x04, 0x62, 0x65, 0xAC, 0xFD, 0xEE, 0x00, 0x00, 0x01, 0x00, 0x48, 
0xFF, 0xE5, 0x03, 0xA2, 0x04, 0x4C, 0x00, 0x31, 0x00, 0x32, 0x40, 0x2A, 0x01, 0x01, 0x1E, 0x2A, 
0x09, 0x1C, 0x01, 0x17, 0x01, 0x1E, 0x21, 0x15, 0x0A, 0x05, 0x08, 0x05, 0x01, 0x2A, 0x23, 0x2E, 
0x09, 0x08, 0x07, 0x02, 0x04, 0x22, 0x1C, 0x1B, 0x17, 0x11, 0x08, 0x01, 0x07, 0x4E, 0x28, 0x00, 
0x01, 0x05, 0x01, 0x33, 0x0F, 0x03, 0x2B, 0x31, 0x00, 0x2B, 0x2B, 0x30, 0x13, 0x33, 0x16, 0x17, 
0x16, 0x33, 0x32, 0x36, 0x35, 0x34, 0x27, 0x26, 0x27, 0x25, 0x26, 0x27, 0x26, 0x35, 0x34, 0x37, 
0x36, 0x33, 0x32, 0x17, 0x16, 0x17, 0x16, 0x15, 0x23, 0x26, 0x23, 0x22, 0x07, 0x06, 0x15, 0x14, 
0x17, 0x05, 0x1E, 0x01, 0x15, 0x14, 0x07, 0x06, 0x07, 0x06, 0x23, 0x22, 0x27, 0x26, 0x48, 0xC0, 
0x04, 0x3C, 0x39, 0x79, 0x66, 0x7F, 0x14, 0x15, 0x3D, 0xFE, 0xB0, 0x66, 0x2B, 0x2B, 0x6E, 0x6D, 
0xB2, 0x6E, 0x5B, 0x5A, 0x35, 0x33, 0xB8, 0x06, 0xD5, 0x5A, 0x38, 0x37, 0x5C, 0x01, 0x3C, 0x7E, 
0x63, 0x33, 0x36, 0x60, 0x62, 0x81, 0xCD, 0x71, 0x70, 0x01, 0x5E, 0x6E, 0x32, 0x33, 0x56, 0x46, 
0x25, 0x14, 0x15, 0x1A, 0x90, 0x2F, 0x39, 0x3A, 0x53, 0x8A, 0x58, 0x56, 0x25, 0x27, 0x4E, 0x50, 
0x6C, 0xAC, 0x23, 0x23, 0x39, 0x3A, 0x24, 0x7D, 0x36, 0x72, 0x63, 0x66, 0x4C, 0x4E, 0x2B, 0x2D, 
0x63, 0x62, 0x00, 0x01, 0x00, 0x1B, 0xFF, 0xE5, 0x02, 0x12, 0x05, 0x35, 0x00, 0x16, 0x00, 0x2D, 
0x40, 0x25, 0x00, 0x01, 0x15, 0x01, 0x06, 0x26, 0x04, 0x0A, 0x0A, 0x08, 0x0C, 0x24, 0x10, 0x09, 
0x00, 0x07, 0x02, 0x04, 0x03, 0x0E, 0x06, 0x02, 0x08, 0x01, 0x00, 0x01, 0x14, 0x01, 0x70, 0x03, 
0x01, 0x1E, 0x05, 0x01, 0x18, 0x0F, 0x03, 0x2B, 0x31, 0x00, 0x2E, 0x2B, 0x30, 0x13, 0x33, 0x11, 
0x33, 0x11, 0x33, 0x15, 0x23, 0x11, 0x14, 0x17, 0x16, 0x3B, 0x01, 0x15, 0x06, 0x23, 0x22, 0x27, 
0x26, 0x35, 0x11, 0x23, 0x1B, 0x8F, 0xB8, 0xB0, 0xB0, 0x19, 0x16, 0x46, 0x3B, 0x5A, 0x29, 0x85, 
0x2F, 0x31, 0x8F, 0x04, 0x31, 0x01, 0x04, 0xFE, 0xFC, 0x9E, 0xFD, 0x75, 0x4E, 0x18, 0x1B, 0x99, 
0x09, 0x42, 0x3F, 0xB5, 0x02, 0x78, 0x00, 0x01, 0x00, 0x83, 0xFF, 0xE5, 0x03, 0xDB, 0x04, 0x31, 
0x00, 0x14, 0x00, 0x29, 0x40, 0x20, 0x0F, 0x01, 0x0E, 0x01, 0x06, 0x23, 0x11, 0x09, 0x11, 0x07, 
0x01, 0x04, 0x0C, 0x0A, 0x01, 0x0A, 0x0E, 0x01, 0x70, 0x0D, 0x0A, 0x01, 0x05, 0x6F, 0x01, 0x00, 
0x00, 0x06, 0x02, 0x16, 0x0F, 0x03, 0x2B, 0x31, 0x00, 0x3F, 0x3F, 0x2B, 0x30, 0x13, 0x33, 0x11, 
0x14, 0x17, 0x16, 0x33, 0x32, 0x37, 0x36, 0x35, 0x11, 0x33, 0x11, 0x23, 0x35, 0x06, 0x23, 0x22, 
0x26, 0x35, 0x83, 0xBA, 0x30, 0x2D, 0x72, 0x8A, 0x4F, 0x3E, 0xB8, 0xAE, 0x62, 0xEC, 0xC0, 0x9C, 
0x04, 0x31, 0xFD, 0x56, 0x8F, 0x35, 0x38, 0x71, 0x56, 0xBE, 0x02, 0x21, 0xFB, 0xD3, 0xA6, 0xC5, 
0xD1, 0xC7, 0x00, 0x01, 0x00, 0x0E, 0x00, 0x00, 0x03, 0xDF, 0x04, 0x31, 0x00, 0x06, 0x00, 0x1A, 
0x40, 0x10, 0x01, 0x05, 0x09, 0x03, 0x0A, 0x00, 0x0A, 0x49, 0x03, 0x06, 0x00, 0x05, 0x01, 0x08, 
0x0F, 0x03, 0x2B, 0x31, 0x00, 0x3F, 0x3F, 0x3F, 0x2E, 0x30, 0x13, 0x09, 0x01, 0x33, 0x01, 0x23, 
0x01, 0xE1, 0x01, 0x19, 0x01, 0x1A, 0xCB, 0xFE, 0x71, 0xB8, 0xFE, 0x76, 0x04, 0x31, 0xFC, 0xB0, 
0x03, 0x50, 0xFB, 0xCF, 0x04, 0x31, 0x00, 0x01, 0x00, 0x0E, 0x00, 0x00, 0x05, 0xA0, 0x04, 0x31, 
0x00, 0x14, 0x00, 0x24, 0x40, 0x18, 0x12, 0x0B, 0x04, 0x03, 0x13, 0x14, 0x09, 0x11, 0x09, 0x0F, 
0x0A, 0x08, 0x0A, 0x01, 0x0A, 0x3C, 0x0F, 0x00, 0x00, 0x05, 0x01, 0x16, 0x0F, 0x03, 0x2B, 0x31, 
0x00, 0x3F, 0x3F, 0x3F, 0x3F, 0x3F, 0x2A, 0x30, 0x13, 0x33, 0x13, 0x16, 0x17, 0x36, 0x37, 0x13, 
0x33, 0x13, 0x16, 0x17, 0x36, 0x37, 0x13, 0x33, 0x01, 0x23, 0x0B, 0x01, 0x23, 0x0E, 0xCD, 0x9A, 
0x1E, 0x0F, 0x12, 0x1B, 0xA0, 0xD3, 0x99, 0x13, 0x1A, 0x1B, 0x12, 0xA6, 0xC5, 0xFE, 0xBC, 0xBA, 
0xCF, 0xD3, 0xBC, 0x04, 0x31, 0xFD, 0x8B, 0x76, 0x58, 0x76, 0x58, 0x02, 0x75, 0xFD, 0x94, 0x42, 
0x8B, 0x87, 0x46, 0x02, 0x6C, 0xFB, 0xCF, 0x03, 0x39, 0xFC, 0xC7, 0x00, 0x00, 0x01, 0x00, 0x0E, 
0x00, 0x00, 0x03, 0xDF, 0x04, 0x31, 0x00, 0x0B, 0x00, 0x27, 0x40, 0x1B, 0x09, 0x03, 0x0B, 0x09, 
0x08, 0x09, 0x05, 0x0A, 0x02, 0x0A, 0x06, 0x05, 0x04, 0x03, 0x02, 0x01, 0x00, 0x07, 0x49, 0x07, 
0x0B, 0x01, 0x05, 0x01, 0x0D, 0x0F, 0x03, 0x2B, 0x31, 0x00, 0x3F, 0x3F, 0x3F, 0x3F, 0x2E, 0x2E, 
0x30, 0x09, 0x01, 0x33, 0x1B, 0x01, 0x33, 0x09, 0x01, 0x23, 0x09, 0x01, 0x23, 0x01, 0x81, 0xFE, 
0xA2, 0xE5, 0xEA, 0xF1, 0xE6, 0xFE, 0x9D, 0x01, 0x79, 0xED, 0xFF, 0x00, 0xFE, 0xFC, 0xE0, 0x02, 
0x27, 0x02, 0x0A, 0xFE, 0x8B, 0x01, 0x75, 0xFE, 0x00, 0xFD, 0xCF, 0x01, 0x9C, 0xFE, 0x64, 0x00, 
0x00, 0x01, 0x00, 0x0E, 0xFE, 0x48, 0x03, 0xDF, 0x04, 0x31, 0x00, 0x12, 0x00, 0x21, 0x40, 0x17, 
0x0D, 0x0B, 0x01, 0x03, 0x13, 0x08, 0x07, 0x03, 0x0A, 0x00, 0x0A, 0x11, 0x0B, 0x02, 0x49, 0x03, 
0x12, 0x01, 0x05, 0x01, 0x14, 0x0F, 0x03, 0x2B, 0x31, 0x00, 0x3F, 0x3F, 0x3F, 0x2A, 0x30, 0x13, 
0x09, 0x01, 0x33, 0x01, 0x06, 0x07, 0x06, 0x23, 0x22, 0x27, 0x35, 0x16, 0x33, 0x32, 0x37, 0x36, 
0x37, 0x01, 0xDF, 0x01, 0x1D, 0x01, 0x1B, 0xC8, 0xFE, 0x52, 0x3D, 0x3C, 0x3B, 0x71, 0x47, 0x50, 
0x43, 0x29, 0x44, 0x23, 0x20, 0x34, 0xFE, 0x72, 0x04, 0x31, 0xFC, 0xAE, 0x03, 0x52, 0xFB, 0x56, 
0x9B, 0x52, 0x52, 0x12, 0xAE, 0x16, 0x2D, 0x2D, 0xA2, 0x04, 0x43, 0x00, 0x00, 0x01, 0x00, 0x48, 
0x00, 0x00, 0x03, 0xA2, 0x04, 0x31, 0x00, 0x09, 0x00, 0x27, 0x40, 0x20, 0x05, 0x01, 0x01, 0x22, 
0x04, 0x0A, 0x01, 0x08, 0x00, 0x01, 0x06, 0x21, 0x09, 0x09, 0x01, 0x07, 0x02, 0x04, 0x06, 0x05, 
0x03, 0x01, 0x04, 0x4E, 0x08, 0x00, 0x01, 0x05, 0x01, 0x0B, 0x0F, 0x03, 0x2B, 0x31, 0x00, 0x2B, 
0x30, 0x37, 0x01, 0x21, 0x35, 0x21, 0x15, 0x01, 0x21, 0x15, 0x21, 0x48, 0x02, 0x5A, 0xFD, 0xD7, 
0x03, 0x1A, 0xFD, 0xA6, 0x02, 0x69, 0xFC, 0xA6, 0x93, 0x02, 0xF6, 0xA8, 0x95, 0xFD, 0x0E, 0xAA, 
0x00, 0x01, 0x00, 0x50, 0xFE, 0x4C, 0x02, 0x5A, 0x05, 0xBA, 0x00, 0x20, 0x00, 0x20, 0x40, 0x18, 
0x16, 0x0C, 0x06, 0x07, 0x16, 0x06, 0x02, 0x1C, 0x01, 0x0E, 0x01, 0x10, 0x01, 0x00, 0x01, 0x70, 
0x03, 0x0B, 0x1F, 0x05, 0x01, 0x22, 0x0F, 0x03, 0x2B, 0x31, 0x00, 0x3F, 0x3F, 0x30, 0x13, 0x1E, 
0x01, 0x15, 0x11, 0x14, 0x17, 0x22, 0x26, 0x27, 0x26, 0x35, 0x11, 0x34, 0x27, 0x36, 0x35, 0x11, 
0x34, 0x37, 0x36, 0x3B, 0x01, 0x06, 0x07, 0x06, 0x07, 0x06, 0x15, 0x11, 0x14, 0x07, 0x06, 0xFC, 
0x64, 0x4E, 0xAC, 0x7F, 0x91, 0x29, 0x2B, 0xA6, 0xA6, 0x56, 0x54, 0x95, 0x25, 0x4E, 0x18, 0x19, 
0x16, 0x17, 0x27, 0x27, 0x01, 0xFC, 0x19, 0x6A, 0x71, 0xFE, 0x17, 0xAE, 0x25, 0x23, 0x3B, 0x3B, 
0x79, 0x01, 0xD7, 0xA6, 0x21, 0x2B, 0xA2, 0x01, 0xF8, 0x8D, 0x37, 0x35, 0x1E, 0x0F, 0x0E, 0x25, 
0x27, 0x50, 0xFE, 0x02, 0x64, 0x31, 0x33, 0x00, 0x00, 0x01, 0x00, 0xB8, 0xFE, 0xD9, 0x01, 0x56, 
0x05, 0xBA, 0x00, 0x03, 0x00, 0x14, 0x40, 0x0C, 0x03, 0x01, 0x0C, 0x76, 0x02, 0x00, 0x00, 0x05, 
0x01, 0x05, 0x0F, 0x03, 0x2B, 0x31, 0x00, 0x3F, 0x2E, 0x30, 0x13, 0x33, 0x11, 0x23, 0xB8, 0x9E, 
0x9E, 0x05, 0xBA, 0xF9, 0x1F, 0x00, 0x00, 0x01, 0x00, 0x48, 0xFE, 0x4C, 0x02, 0x50, 0x05, 0xBA, 
0x00, 0x1A, 0x00, 0x20, 0x40, 0x18, 0x15, 0x07, 0x08, 0x0C, 0x0E, 0x01, 0x10, 0x01, 0x15, 0x08, 
0x02, 0x17, 0x01, 0x00, 0x01, 0x70, 0x0B, 0x03, 0x1F, 0x05, 0x01, 0x1C, 0x0F, 0x03, 0x2B, 0x31, 
0x00, 0x3F, 0x3F, 0x30, 0x01, 0x2E, 0x01, 0x35, 0x11, 0x34, 0x27, 0x26, 0x27, 0x32, 0x16, 0x15, 
0x11, 0x14, 0x17, 0x06, 0x15, 0x11, 0x14, 0x07, 0x06, 0x23, 0x36, 0x35, 0x11, 0x34, 0x36, 0x01, 
0xA2, 0x63, 0x4D, 0x27, 0x29, 0x5A, 0xAE, 0xB4, 0xA6, 0xA6, 0x52, 0x54, 0xBC, 0xAA, 0x4D, 0x01, 
0xFC, 0x21, 0x66, 0x62, 0x01, 0xFE, 0x61, 0x29, 0x29, 0x24, 0x56, 0xA3, 0xFE, 0x08, 0xA0, 0x2D, 
0x21, 0xA6, 0xFE, 0x29, 0xAC, 0x33, 0x33, 0x25, 0xAE, 0x01, 0xE9, 0x6D, 0x6E, 0x00, 0x00, 0x01, 
0x00, 0x66, 0x04, 0x1B, 0x04, 0x35, 0x05, 0x60, 0x00, 0x1A, 0x00, 0x20, 0x40, 0x19, 0x0C, 0x05, 
0x02, 0x18, 0x14, 0x12, 0x01, 0x00, 0x05, 0x21, 0x10, 0x08, 0x05, 0x06, 0x01, 0x04, 0x4A, 0x01, 
0x0D, 0x00, 0x05, 0x01, 0x1C, 0x0F, 0x03, 0x2B, 0x31, 0x00, 0x2B, 0x30, 0x01, 0x17, 0x06, 0x07, 
0x06, 0x23, 0x22, 0x24, 0x23, 0x22, 0x07, 0x06, 0x07, 0x27, 0x3E, 0x01, 0x33, 0x32, 0x17, 0x16, 
0x17, 0x16, 0x17, 0x16, 0x33, 0x32, 0x36, 0x03, 0xE7, 0x4E, 0x49, 0x32, 0x33, 0x5A, 0x4E, 0xFE, 
0xE6, 0x54, 0x3C, 0x2B, 0x2D, 0x2D, 0x4A, 0x5F, 0x62, 0x4E, 0x39, 0x2F, 0x2F, 0x38, 0x37, 0x43, 
0x44, 0x2B, 0x40, 0x4B, 0x05, 0x5C, 0x39, 0x7D, 0x3E, 0x3D, 0x8B, 0x23, 0x22, 0x56, 0x3D, 0xA6, 
0x62, 0x10, 0x13, 0x1A, 0x1D, 0x1A, 0x1B, 0x39, 0x00, 0x02, 0x00, 0x12, 0x00, 0x00, 0x05, 0x2B, 
0x05, 0xBA, 0x00, 0x07, 0x00, 0x0A, 0x00, 0x26, 0x40, 0x1B, 0x23, 0x0A, 0x05, 0x00, 0x06, 0x01, 
0x04, 0x08, 0x07, 0x09, 0x03, 0x09, 0x01, 0x0C, 0x0A, 0x09, 0x08, 0x03, 0x3F, 0x02, 0x07, 0x01, 
0x05, 0x01, 0x0C, 0x0F, 0x03, 0x2B, 0x31, 0x00, 0x3F, 0x3F, 0x3F, 0x2E, 0x2B, 0x30, 0x01, 0x33, 
0x01, 0x23, 0x03, 0x21, 0x03, 0x23, 0x01, 0x03, 0x21, 0x02, 0x48, 0xD7, 0x02, 0x0C, 0xDF, 0x92, 
0xFD, 0xCD, 0x99, 0xDC, 0x02, 0x98, 0xDF, 0x01, 0xB6, 0x05, 0xBA, 0xFA, 0x46, 0x01, 0xB4, 0xFE, 
0x4C, 0x04, 0xDB, 0xFD, 0x7F, 0x00, 0x00, 0x02, 0x00, 0xB0, 0x00, 0x00, 0x04, 0xF6, 0x05, 0xBA, 
0x00, 0x12, 0x00, 0x1A, 0x00, 0x37, 0x40, 0x2F, 0x01, 0x1F, 0x00, 0x0C, 0x00, 0x08, 0x06, 0x01, 
0x1F, 0x03, 0x13, 0x01, 0x06, 0x0E, 0x01, 0x15, 0x1F, 0x11, 0x09, 0x01, 0x07, 0x03, 0x04, 0x0E, 
0x06, 0x02, 0x18, 0x03, 0x09, 0x01, 0x01, 0x63, 0x0A, 0x18, 0x01, 0x05, 0x14, 0x01, 0x67, 0x03, 
0x12, 0x08, 0x06, 0x02, 0x1C, 0x0F, 0x03, 0x2B, 0x2B, 0x31, 0x00, 0x2B, 0x30, 0x01, 0x15, 0x21, 
0x11, 0x21, 0x32, 0x17, 0x16, 0x17, 0x16, 0x15, 0x14, 0x07, 0x06, 0x07, 0x06, 0x23, 0x21, 0x11, 
0x13, 0x11, 0x21, 0x32, 0x36, 0x35, 0x34, 0x21, 0x04, 0x31, 0xFD, 0x4C, 0x01, 0x5A, 0xB0, 0x7B, 
0x79, 0x3D, 0x3E, 0xA2, 0x3D, 0x50, 0x52, 0x9A, 0xFD, 0xD5, 0xCD, 0x01, 0x4C, 0x9D, 0xB9, 0xFE, 
0xBC, 0x05, 0xBA, 0xB8, 0xFE, 0x56, 0x37, 0x3A, 0x62, 0x62, 0x7D, 0xDD, 0x79, 0x2D, 0x11, 0x12, 
0x05, 0xBA, 0xFC, 0xE6, 0xFE, 0x18, 0x67, 0x8B, 0xF6, 0x00, 0x00, 0x03, 0x00, 0xB0, 0x00, 0x00, 
0x04, 0xF6, 0x05, 0xBA, 0x00, 0x14, 0x00, 0x1E, 0x00, 0x26, 0x00, 0x41, 0x40, 0x39, 0x05, 0x03, 
0x02, 0x15, 0x1F, 0x01, 0x0C, 0x01, 0x08, 0x09, 0x01, 0x1F, 0x17, 0x1F, 0x01, 0x06, 0x11, 0x01, 
0x21, 0x1F, 0x14, 0x09, 0x01, 0x07, 0x03, 0x04, 0x11, 0x03, 0x02, 0x1A, 0x16, 0x09, 0x05, 0x01, 
0x63, 0x0D, 0x24, 0x01, 0x05, 0x09, 0x01, 0x63, 0x07, 0x1A, 0x01, 0x06, 0x20, 0x01, 0x67, 0x16, 
0x00, 0x08, 0x06, 0x03, 0x28, 0x0F, 0x03, 0x2B, 0x2B, 0x31, 0x00, 0x2B, 0x30, 0x13, 0x21, 0x32, 
0x17, 0x16, 0x17, 0x16, 0x15, 0x14, 0x07, 0x16, 0x17, 0x16, 0x15, 0x14, 0x07, 0x06, 0x07, 0x06, 
0x23, 0x21, 0x13, 0x11, 0x21, 0x32, 0x36, 0x35, 0x34, 0x27, 0x26, 0x23, 0x01, 0x11, 0x21, 0x32, 
0x36, 0x35, 0x34, 0x21, 0xB0, 0x02, 0x1D, 0x89, 0x4A, 0x47, 0x3C, 0x93, 0xC0, 0x79, 0x43, 0x44, 
0xA2, 0x3D, 0x50, 0x52, 0x9A, 0xFD, 0xD5, 0xCD, 0x01, 0x5A, 0x89, 0x7F, 0x41, 0x42, 0x97, 0xFE, 
0xB8, 0x01, 0x4C, 0x9D, 0xB9, 0xFE, 0xBC, 0x05, 0xBA, 0x10, 0x10, 0x30, 0x70, 0xB8, 0xD5, 0x56, 
0x25, 0x63, 0x62, 0x87, 0xDD, 0x79, 0x2D, 0x11, 0x12, 0x05, 0x02, 0xFE, 0x56, 0x62, 0x69, 0x77, 
0x35, 0x33, 0xFD, 0x9E, 0xFE, 0x18, 0x67, 0x8B, 0xF6, 0x00, 0x00, 0x01, 0x00, 0xB0, 0x00, 0x00, 
0x04, 0x04, 0x05, 0xBA, 0x00, 0x05, 0x00, 0x1D, 0x40, 0x16, 0x02, 0x1F, 0x01, 0x0C, 0x00, 0x08, 
0x01, 0x04, 0x05, 0x09, 0x02, 0x01, 0x12, 0x67, 0x03, 0x00, 0x00, 0x05, 0x01, 0x07, 0x0F, 0x03, 
0x2B, 0x2B, 0x3F, 0x2B, 0x30, 0x13, 0x21, 0x15, 0x21, 0x11, 0x23, 0xB0, 0x03, 0x54, 0xFD, 0x79, 
0xCD, 0x05, 0xBA, 0xB8, 0xFA, 0xFE, 0x00, 0x02, 0x00, 0x3B, 0x00, 0x00, 0x05, 0x4A, 0x05, 0xBA, 
0x00, 0x0C, 0x00, 0x14, 0x00, 0x2A, 0x40, 0x23, 0x10, 0x1F, 0x07, 0x0C, 0x00, 0x08, 0x0E, 0x0C, 
0x02, 0x08, 0x1F, 0x0B, 0x09, 0x08, 0x07, 0x02, 0x04, 0x0A, 0x01, 0x68, 0x07, 0x0F, 0x10, 0x05, 
0x0C, 0x01, 0x67, 0x0D, 0x00, 0x04, 0x06, 0x02, 0x16, 0x0F, 0x03, 0x2B, 0x31, 0x00, 0x2B, 0x30, 
0x37, 0x11, 0x34, 0x37, 0x3E, 0x01, 0x33, 0x21, 0x11, 0x33, 0x15, 0x21, 0x35, 0x29, 0x01, 0x11, 
0x21, 0x22, 0x07, 0x06, 0x15, 0xB0, 0x8F, 0x42, 0x8F, 0x8C, 0x02, 0x29, 0x85, 0xFA, 0xF1, 0x01, 
0x42, 0x02, 0x7D, 0xFE, 0xA8, 0x98, 0x45, 0x48, 0xB8, 0x03, 0x8A, 0xB6, 0x72, 0x30, 0x20, 0xFA, 
0xFE, 0xB8, 0xB8, 0x04, 0x4A, 0x31, 0x31, 0x71, 0x00, 0x01, 0x00, 0xB0, 0x00, 0x00, 0x04, 0xD7, 
0x05, 0xBA, 0x00, 0x0B, 0x00, 0x29, 0x40, 0x23, 0x02, 0x1F, 0x01, 0x0C, 0x00, 0x08, 0x1F, 0x04, 
0x06, 0x00, 0x06, 0x08, 0x1F, 0x0B, 0x09, 0x00, 0x07, 0x03, 0x04, 0x0A, 0x06, 0x02, 0x03, 0x12, 
0x08, 0x01, 0x67, 0x04, 0x00, 0x08, 0x05, 0x01, 0x0D, 0x0F, 0x03, 0x2B, 0x2B, 0x2B, 0x30, 0x13, 
0x21, 0x15, 0x21, 0x11, 0x21, 0x15, 0x21, 0x11, 0x21, 0x15, 0x21, 0xB0, 0x04, 0x1D, 0xFC, 0xB0, 
0x03, 0x10, 0xFC, 0xF0, 0x03, 0x5A, 0xFB, 0xD9, 0x05, 0xBA, 0xB8, 0xFE, 0x52, 0xB8, 0xFE, 0x1C, 
0xB8, 0x00, 0x00, 0x01, 0x00, 0x3F, 0x00, 0x00, 0x08, 0x8D, 0x05, 0xBA, 0x00, 0x13, 0x00, 0x33, 
0x40, 0x27, 0x11, 0x0B, 0x08, 0x02, 0x04, 0x13, 0x10, 0x09, 0x0D, 0x0C, 0x0A, 0x0C, 0x07, 0x0C, 
0x04, 0x09, 0x00, 0x09, 0x0F, 0x0E, 0x0D, 0x06, 0x05, 0x04, 0x06, 0x12, 0x12, 0x01, 0x00, 0x01, 
0x67, 0x0A, 0x08, 0x0A, 0x05, 0x01, 0x15, 0x0F, 0x03, 0x2B, 0x2B, 0x3F, 0x3F, 0x3F, 0x3F, 0x3F, 
0x3F, 0x2A, 0x30, 0x21, 0x11, 0x27, 0x01, 0x23, 0x09, 0x01, 0x21, 0x01, 0x11, 0x33, 0x11, 0x01, 
0x21, 0x09, 0x01, 0x23, 0x01, 0x07, 0x11, 0x04, 0x00, 0xE5, 0xFE, 0x1A, 0xF1, 0x02, 0x4B, 0xFD, 
0xB0, 0x01, 0x15, 0x02, 0xAC, 0xCD, 0x02, 0xB2, 0x01, 0x0E, 0xFD, 0xB0, 0x02, 0x4C, 0xF1, 0xFE, 
0x1A, 0xE5, 0x01, 0xFC, 0xE3, 0xFD, 0x21, 0x03, 0x62, 0x02, 0x58, 0xFD, 0x34, 0x02, 0xCC, 0xFD, 
0x34, 0x02, 0xCC, 0xFD, 0xA8, 0xFC, 0x9E, 0x02, 0xDF, 0xE3, 0xFE, 0x04, 0x00, 0x01, 0x00, 0x75, 
0x00, 0x00, 0x04, 0x93, 0x05, 0xBA, 0x00, 0x2E, 0x00, 0x38, 0x40, 0x31, 0x05, 0x01, 0x12, 0x09, 
0x09, 0x1A, 0x1F, 0x24, 0x0C, 0x00, 0x08, 0x1E, 0x01, 0x29, 0x01, 0x1F, 0x14, 0x12, 0x11, 0x06, 
0x09, 0x1F, 0x00, 0x09, 0x00, 0x07, 0x03, 0x04, 0x1E, 0x14, 0x04, 0x03, 0x12, 0x64, 0x2B, 0x0E, 
0x00, 0x05, 0x29, 0x01, 0x64, 0x27, 0x18, 0x01, 0x06, 0x02, 0x30, 0x0F, 0x03, 0x2B, 0x2B, 0x2B, 
0x2B, 0x30, 0x21, 0x22, 0x27, 0x26, 0x35, 0x33, 0x14, 0x17, 0x16, 0x33, 0x32, 0x36, 0x37, 0x36, 
0x35, 0x34, 0x27, 0x26, 0x2B, 0x01, 0x35, 0x33, 0x32, 0x36, 0x35, 0x34, 0x23, 0x22, 0x06, 0x15, 
0x23, 0x34, 0x37, 0x36, 0x37, 0x36, 0x33, 0x32, 0x16, 0x15, 0x14, 0x07, 0x16, 0x11, 0x14, 0x07, 
0x06, 0x02, 0x81, 0xF4, 0x8B, 0x8D, 0xD3, 0x5E, 0x5C, 0x7F, 0x54, 0x93, 0x2E, 0x2B, 0x48, 0x4A, 
0x7D, 0x89, 0x89, 0x54, 0x7F, 0xFA, 0x7D, 0x87, 0xD7, 0x2D, 0x2D, 0x6B, 0x68, 0xA8, 0xD9, 0xFA, 
0xC0, 0xFB, 0x91, 0x93, 0x83, 0x81, 0xA2, 0x6B, 0x41, 0x42, 0x46, 0x3B, 0x3A, 0x45, 0x77, 0x39, 
0x38, 0xB8, 0x69, 0x62, 0xDF, 0x73, 0x6C, 0x52, 0x60, 0x5E, 0x44, 0x43, 0xD1, 0xA7, 0xD5, 0x56, 
0x4E, 0xFE, 0xEF, 0xAE, 0x85, 0x85, 0x00, 0x01, 0x00, 0xC5, 0x00, 0x00, 0x05, 0x10, 0x05, 0xBA, 
0x00, 0x09, 0x00, 0x2B, 0x40, 0x1E, 0x08, 0x03, 0x07, 0x0C, 0x05, 0x09, 0x02, 0x09, 0x00, 0x0C, 
0x09, 0x04, 0x02, 0x02, 0x07, 0x09, 0x68, 0x01, 0x02, 0x00, 0x05, 0x66, 0x07, 0x06, 0x00, 0x06, 
0x02, 0x0B, 0x0F, 0x03, 0x2B, 0x2B, 0x31, 0x00, 0x3F, 0x3F, 0x3F, 0x3F, 0x2E, 0x2E, 0x30, 0x01, 
0x11, 0x23, 0x11, 0x01, 0x23, 0x11, 0x33, 0x11, 0x01, 0x05, 0x10, 0xCA, 0xFD, 0x64, 0xE5, 0xCE, 
0x02, 0x9C, 0x05, 0xBA, 0xFA, 0x46, 0x04, 0x89, 0xFB, 0x77, 0x05, 0xBA, 0xFB, 0x7F, 0x04, 0x81, 
0x00, 0x02, 0x00, 0xC5, 0x00, 0x00, 0x05, 0x10, 0x06, 0xDB, 0x00, 0x09, 0x00, 0x1D, 0x00, 0x38, 
0x40, 0x2C, 0x1A, 0x14, 0x0F, 0x0A, 0x08, 0x03, 0x06, 0x13, 0x07, 0x0C, 0x05, 0x09, 0x02, 0x09, 
0x00, 0x0C, 0x19, 0x12, 0x10, 0x0F, 0x09, 0x04, 0x06, 0x02, 0x07, 0x09, 0x1A, 0x01, 0x68, 0x01, 
0x02, 0x04, 0x05, 0x0E, 0x01, 0x66, 0x07, 0x06, 0x10, 0x06, 0x02, 0x1F, 0x0F, 0x03, 0x2B, 0x2B, 
0x31, 0x00, 0x3F, 0x3F, 0x3F, 0x3F, 0x2A, 0x30, 0x01, 0x11, 0x23, 0x11, 0x01, 0x23, 0x11, 0x33, 
0x11, 0x01, 0x25, 0x22, 0x27, 0x26, 0x35, 0x33, 0x07, 0x14, 0x17, 0x16, 0x33, 0x32, 0x37, 0x36, 
0x3D, 0x01, 0x33, 0x14, 0x07, 0x06, 0x05, 0x10, 0xCA, 0xFD, 0x64, 0xE5, 0xCE, 0x02, 0x9C, 0xFE, 
0xA8, 0x68, 0x50, 0x50, 0xB6, 0x04, 0x1D, 0x1A, 0x23, 0x23, 0x16, 0x17, 0xB4, 0x4E, 0x4F, 0x05, 
0xBA, 0xFA, 0x46, 0x04, 0x89, 0xFB, 0x77, 0x05, 0xBA, 0xFB, 0x7F, 0x04, 0x81, 0x48, 0x3D, 0x3E, 
0x5E, 0x06, 0x1B, 0x10, 0x12, 0x12, 0x12, 0x19, 0x06, 0x5E, 0x3E, 0x3D, 0x00, 0x01, 0x00, 0xB0, 
0x00, 0x00, 0x05, 0x3D, 0x05, 0xBA, 0x00, 0x0B, 0x00, 0x25, 0x40, 0x1A, 0x08, 0x02, 0x0B, 0x09, 
0x07, 0x09, 0x04, 0x0C, 0x01, 0x0C, 0x06, 0x05, 0x04, 0x03, 0x12, 0x09, 0x01, 0x67, 0x01, 0x00, 
0x08, 0x05, 0x01, 0x0D, 0x0F, 0x03, 0x2B, 0x2B, 0x3F, 0x3F, 0x3F, 0x3F, 0x2E, 0x2E, 0x30, 0x13, 
0x33, 0x11, 0x01, 0x21, 0x09, 0x01, 0x23, 0x01, 0x07, 0x11, 0x23, 0xB0, 0xCD, 0x02, 0xB2, 0x01, 
0x0E, 0xFD, 0xB1, 0x02, 0x4B, 0xF1, 0xFE, 0x1A, 0xE5, 0xCD, 0x05, 0xBA, 0xFD, 0x34, 0x02, 0xCC, 
0xFD, 0xA8, 0xFC, 0x9E, 0x02, 0xDF, 0xE3, 0xFE, 0x04, 0x00, 0x00, 0x01, 0x00, 0xB0, 0x00, 0x00, 
0x04, 0xFE, 0x05, 0xBA, 0x00, 0x10, 0x00, 0x23, 0x40, 0x1A, 0x01, 0x1F, 0x0E, 0x0C, 0x00, 0x08, 
0x01, 0x04, 0x10, 0x09, 0x07, 0x09, 0x67, 0x0F, 0x10, 0x00, 0x05, 0x67, 0x05, 0x08, 0x00, 0x06, 
0x02, 0x12, 0x0F, 0x03, 0x2B, 0x31, 0x00, 0x3F, 0x3F, 0x2B, 0x30, 0x01, 0x21, 0x22, 0x07, 0x06, 
0x15, 0x11, 0x23, 0x11, 0x34, 0x37, 0x3E, 0x01, 0x33, 0x21, 0x11, 0x23, 0x04, 0x31, 0xFE, 0x71, 
0x98, 0x45, 0x48, 0xCD, 0x8F, 0x42, 0x8F, 0x8C, 0x02, 0x62, 0xCD, 0x05, 0x02, 0x31, 0x31, 0x71, 
0xFB, 0xD1, 0x04, 0x42, 0xB6, 0x72, 0x30, 0x20, 0xFA, 0x46, 0x00, 0x01, 0x00, 0xB0, 0x00, 0x00, 
0x05, 0xDB, 0x05, 0xBA, 0x00, 0x0C, 0x00, 0x31, 0x40, 0x24, 0x0A, 0x07, 0x02, 0x03, 0x13, 0x0C, 
0x09, 0x09, 0x09, 0x06, 0x09, 0x04, 0x0C, 0x01, 0x0C, 0x03, 0x02, 0x01, 0x03, 0x06, 0x0A, 0x09, 
0x66, 0x05, 0x06, 0x00, 0x05, 0x67, 0x0A, 0x00, 0x00, 0x06, 0x02, 0x0E, 0x0F, 0x03, 0x2B, 0x2B, 
0x31, 0x00, 0x3F, 0x3F, 0x3F, 0x3F, 0x3F, 0x2A, 0x30, 0x13, 0x21, 0x09, 0x01, 0x21, 0x11, 0x23, 
0x11, 0x01, 0x23, 0x01, 0x11, 0x23, 0xB0, 0x01, 0x23, 0x01, 0x75, 0x01, 0x72, 0x01, 0x21, 0xCF, 
0xFE, 0x96, 0xBF, 0xFE, 0x9A, 0xCD, 0x05, 0xBA, 0xFB, 0x38, 0x04, 0xC8, 0xFA, 0x46, 0x04, 0x98, 
0xFB, 0x68, 0x04, 0x9C, 0xFB, 0x64, 0x00, 0x01, 0x00, 0xB0, 0x00, 0x00, 0x04, 0xFE, 0x05, 0xBA, 
0x00, 0x0B, 0x00, 0x2C, 0x40, 0x21, 0x1F, 0x03, 0x09, 0x00, 0x06, 0x01, 0x04, 0x0B, 0x09, 0x07, 
0x09, 0x05, 0x0C, 0x01, 0x0C, 0x07, 0x01, 0x67, 0x06, 0x03, 0x02, 0x05, 0x09, 0x01, 0x67, 0x01, 
0x00, 0x08, 0x06, 0x02, 0x0D, 0x0F, 0x03, 0x2B, 0x31, 0x00, 0x3F, 0x3F, 0x3F, 0x3F, 0x2B, 0x30, 
0x13, 0x33, 0x11, 0x21, 0x11, 0x33, 0x11, 0x23, 0x11, 0x21, 0x11, 0x23, 0xB0, 0xCD, 0x02, 0xB4, 
0xCD, 0xCD, 0xFD, 0x4C, 0xCD, 0x05, 0xBA, 0xFD, 0xA4, 0x02, 0x5C, 0xFA, 0x46, 0x02, 0xA6, 0xFD, 
0x5A, 0x00, 0x00, 0x02, 0x00, 0x48, 0xFF, 0xE5, 0x05, 0xD5, 0x05, 0xD7, 0x00, 0x17, 0x00, 0x27, 
0x00, 0x23, 0x40, 0x1C, 0x25, 0x1F, 0x06, 0x0C, 0x00, 0x08, 0x1C, 0x1E, 0x12, 0x09, 0x00, 0x07, 
0x02, 0x04, 0x64, 0x0C, 0x1F, 0x00, 0x05, 0x63, 0x18, 0x00, 0x00, 0x06, 0x02, 0x29, 0x0F, 0x03, 
0x2B, 0x31, 0x00, 0x2B, 0x30, 0x13, 0x34, 0x37, 0x36, 0x37, 0x36, 0x33, 0x32, 0x04, 0x16, 0x17, 
0x16, 0x15, 0x14, 0x07, 0x06, 0x07, 0x06, 0x23, 0x22, 0x27, 0x26, 0x27, 0x26, 0x37, 0x10, 0x17, 
0x16, 0x33, 0x32, 0x00, 0x11, 0x34, 0x27, 0x26, 0x27, 0x26, 0x23, 0x22, 0x00, 0x48, 0x58, 0x56, 
0xA4, 0xA1, 0xD9, 0xA0, 0x01, 0x06, 0xB9, 0x31, 0x31, 0x54, 0x54, 0xA2, 0xA4, 0xDF, 0xD9, 0x9E, 
0x9F, 0x54, 0x56, 0xD7, 0x85, 0x85, 0xE7, 0xEC, 0x01, 0x06, 0x3B, 0x3E, 0x70, 0x73, 0x96, 0xEB, 
0xFE, 0xFA, 0x02, 0xCF, 0xEB, 0xB0, 0xB1, 0x5E, 0x5E, 0x66, 0xC7, 0x87, 0x89, 0xB1, 0xD9, 0xB0, 
0xB2, 0x64, 0x65, 0x5A, 0x5B, 0xAC, 0xAA, 0xE3, 0xFE, 0xFA, 0x98, 0x97, 0x01, 0x35, 0x01, 0x16, 
0xAD, 0x81, 0x81, 0x43, 0x44, 0xFE, 0xC8, 0x00, 0x00, 0x01, 0x00, 0xB0, 0x00, 0x00, 0x04, 0xFE, 
0x05, 0xBA, 0x00, 0x07, 0x00, 0x23, 0x40, 0x1A, 0x05, 0x1F, 0x01, 0x0C, 0x00, 0x08, 0x01, 0x04, 
0x07, 0x09, 0x03, 0x09, 0x67, 0x02, 0x03, 0x00, 0x05, 0x67, 0x05, 0x00, 0x00, 0x06, 0x02, 0x09, 
0x0F, 0x03, 0x2B, 0x31, 0x00, 0x3F, 0x3F, 0x2B, 0x30, 0x13, 0x21, 0x11, 0x23, 0x11, 0x21, 0x11, 
0x23, 0xB0, 0x04, 0x4E, 0xCD, 0xFD, 0x4C, 0xCD, 0x05, 0xBA, 0xFA, 0x46, 0x05, 0x02, 0xFA, 0xFE, 
0x00, 0x02, 0x00, 0xB0, 0x00, 0x00, 0x04, 0xF6, 0x05, 0xBA, 0x00, 0x10, 0x00, 0x1B, 0x00, 0x35, 
0x40, 0x2C, 0x05, 0x03, 0x02, 0x1B, 0x1F, 0x01, 0x0C, 0x01, 0x08, 0x0B, 0x01, 0x1E, 0x12, 0x0D, 
0x01, 0x06, 0x02, 0x04, 0x10, 0x09, 0x0B, 0x03, 0x02, 0x16, 0x0E, 0x09, 0x05, 0x01, 0x63, 0x07, 
0x16, 0x01, 0x05, 0x11, 0x01, 0x67, 0x0E, 0x00, 0x08, 0x06, 0x02, 0x1D, 0x0F, 0x03, 0x2B, 0x2B, 
0x31, 0x00, 0x3F, 0x2B, 0x30, 0x13, 0x21, 0x32, 0x17, 0x16, 0x17, 0x16, 0x15, 0x14, 0x07, 0x06, 
0x07, 0x06, 0x23, 0x21, 0x11, 0x23, 0x13, 0x21, 0x32, 0x37, 0x36, 0x35, 0x34, 0x27, 0x26, 0x23, 
0x21, 0xB0, 0x02, 0x33, 0x96, 0x52, 0x50, 0x39, 0xA2, 0x44, 0x43, 0x79, 0x50, 0xA6, 0xFE, 0x7D, 
0xCD, 0xCD, 0x01, 0x3F, 0xAC, 0x5D, 0x5A, 0x54, 0x56, 0x96, 0xFE, 0x9E, 0x05, 0xBA, 0x10, 0x12, 
0x2E, 0x74, 0xDD, 0x92, 0x6A, 0x6D, 0x2B, 0x1F, 0xFD, 0x9A, 0x03, 0x1F, 0x2D, 0x2D, 0x97, 0x8C, 
0x33, 0x33, 0x00, 0x01, 0x00, 0x48, 0xFF, 0xE5, 0x05, 0x50, 0x05, 0xD7, 0x00, 0x20, 0x00, 0x28, 
0x40, 0x21, 0x0F, 0x01, 0x02, 0x03, 0x0B, 0x09, 0x03, 0x1F, 0x1B, 0x0C, 0x00, 0x08, 0x0B, 0x1E, 
0x13, 0x09, 0x00, 0x07, 0x02, 0x04, 0x0F, 0x00, 0x02, 0x12, 0x63, 0x07, 0x17, 0x00, 0x05, 0x01, 
0x22, 0x0F, 0x03, 0x2B, 0x2B, 0x2B, 0x2B, 0x30, 0x01, 0x23, 0x02, 0x21, 0x22, 0x07, 0x06, 0x11, 
0x10, 0x17, 0x16, 0x33, 0x32, 0x36, 0x37, 0x33, 0x06, 0x07, 0x06, 0x21, 0x22, 0x24, 0x02, 0x35, 
0x10, 0x37, 0x36, 0x21, 0x32, 0x17, 0x16, 0x17, 0x16, 0x05, 0x50, 0xC7, 0x50, 0xFE, 0xB9, 0xDB, 
0x7B, 0x7D, 0x79, 0x76, 0xD5, 0xAA, 0xDD, 0x1F, 0xC7, 0x1D, 0xA4, 0xA6, 0xFF, 0x00, 0xD0, 0xFE, 
0xD3, 0xA4, 0xB0, 0xB0, 0x01, 0x46, 0xAC, 0x87, 0x85, 0x50, 0x4E, 0x03, 0xF2, 0x01, 0x2D, 0x9C, 
0x9C, 0xFE, 0xF0, 0xFE, 0xF4, 0x96, 0x97, 0xC8, 0xB9, 0xFC, 0x9E, 0xA0, 0xB3, 0x01, 0x54, 0xE3, 
0x01, 0x4C, 0xDF, 0xDD, 0x3B, 0x3C, 0x6E, 0x71, 0x00, 0x01, 0x00, 0x1B, 0x00, 0x00, 0x04, 0xB2, 
0x05, 0xBA, 0x00, 0x07, 0x00, 0x20, 0x40, 0x19, 0x06, 0x01, 0x02, 0x1F, 0x01, 0x0C, 0x02, 0x08, 
0x01, 0x04, 0x05, 0x09, 0x02, 0x00, 0x02, 0x12, 0x65, 0x03, 0x05, 0x00, 0x05, 0x01, 0x09, 0x0F, 
0x03, 0x2B, 0x2B, 0x3F, 0x2B, 0x30, 0x13, 0x21, 0x15, 0x21, 0x11, 0x23, 0x11, 0x21, 0x1B, 0x04, 
0x97, 0xFE, 0x1B, 0xD1, 0xFE, 0x1F, 0x05, 0xBA, 0xB8, 0xFA, 0xFE, 0x05, 0x02, 0x00, 0x00, 0x01, 
0x00, 0x39, 0x00, 0x00, 0x05, 0x23, 0x05, 0xBA, 0x00, 0x07, 0x00, 0x1E, 0x40, 0x14, 0x06, 0x05, 
0x0C, 0x02, 0x09, 0x00, 0x0C, 0x03, 0x02, 0x01, 0x03, 0x40, 0x00, 0x04, 0x01, 0x05, 0x01, 0x09, 
0x0F, 0x03, 0x2B, 0x31, 0x00, 0x3F, 0x3F, 0x3F, 0x2E, 0x30, 0x09, 0x01, 0x23, 0x09, 0x01, 0x33, 
0x01, 0x01, 0x05, 0x23, 0xFC, 0xE5, 0xED, 0x01, 0x1E, 0xFE, 0x00, 0xF8, 0x01, 0x7D, 0x01, 0x83, 
0x05, 0xBA, 0xFA, 0x46, 0x01, 0xEE, 0x03, 0xCC, 0xFC, 0xFC, 0x03, 0x04, 0x00, 0x03, 0x00, 0x48, 
0xFF, 0x4C, 0x06, 0xEC, 0x06, 0x58, 0x00, 0x18, 0x00, 0x21, 0x00, 0x2A, 0x00, 0x3A, 0x40, 0x33, 
0x01, 0x01, 0x02, 0x01, 0x22, 0x01, 0x19, 0x1D, 0x18, 0x0C, 0x1A, 0x08, 0x2A, 0x01, 0x0F, 0x01, 
0x0D, 0x01, 0x1A, 0x1E, 0x10, 0x09, 0x0E, 0x07, 0x02, 0x04, 0x64, 0x0A, 0x1E, 0x00, 0x05, 0x1A, 
0x01, 0x02, 0x22, 0x18, 0x02, 0x66, 0x0D, 0x0F, 0x0A, 0x06, 0x63, 0x26, 0x13, 0x00, 0x06, 0x03, 
0x2C, 0x0F, 0x03, 0x2B, 0x31, 0x00, 0x2B, 0x30, 0x01, 0x33, 0x15, 0x32, 0x17, 0x16, 0x17, 0x16, 
0x17, 0x16, 0x15, 0x10, 0x00, 0x21, 0x15, 0x23, 0x35, 0x20, 0x00, 0x11, 0x34, 0x37, 0x36, 0x24, 
0x33, 0x17, 0x11, 0x32, 0x37, 0x36, 0x11, 0x10, 0x27, 0x26, 0x21, 0x22, 0x07, 0x06, 0x11, 0x10, 
0x17, 0x16, 0x33, 0x03, 0x31, 0xCF, 0xA8, 0x87, 0x87, 0x67, 0x64, 0x35, 0x36, 0xFE, 0x5E, 0xFE, 
0xB6, 0xCF, 0xFE, 0xB8, 0xFE, 0x5F, 0x5E, 0x5E, 0x01, 0x54, 0xD9, 0xCF, 0xEE, 0x95, 0x96, 0x94, 
0x93, 0xFE, 0x3F, 0xEF, 0x92, 0x91, 0x93, 0x94, 0xEB, 0x06, 0x58, 0x7D, 0x35, 0x37, 0x65, 0x66, 
0x90, 0x8F, 0xB6, 0xFE, 0xAC, 0xFE, 0x6A, 0x99, 0x99, 0x01, 0x96, 0x01, 0x54, 0xED, 0xB3, 0xB0, 
0xBC, 0xBC, 0xFB, 0x7F, 0x9B, 0x9A, 0x01, 0x00, 0x01, 0x12, 0x9E, 0x9C, 0x9E, 0x9E, 0xFE, 0xF0, 
0xFE, 0xFE, 0x9A, 0x99, 0x00, 0x01, 0x00, 0x0E, 0x00, 0x00, 0x05, 0x2F, 0x05, 0xBA, 0x00, 0x0B, 
0x00, 0x27, 0x40, 0x1B, 0x0A, 0x04, 0x09, 0x09, 0x06, 0x0C, 0x03, 0x0C, 0x00, 0x09, 0x07, 0x06, 
0x05, 0x04, 0x03, 0x02, 0x01, 0x07, 0x3E, 0x08, 0x00, 0x01, 0x05, 0x01, 0x0D, 0x0F, 0x03, 0x2B, 
0x31, 0x00, 0x3F, 0x3F, 0x3F, 0x3F, 0x2E, 0x2E, 0x30, 0x33, 0x09, 0x01, 0x33, 0x09, 0x01, 0x33, 
0x09, 0x01, 0x23, 0x01, 0x01, 0x0E, 0x02, 0x19, 0xFE, 0x12, 0xF8, 0x01, 0x79, 0x01, 0x87, 0xF2, 
0xFE, 0x00, 0x02, 0x0C, 0xFE, 0xFE, 0x71, 0xFE, 0x5A, 0x02, 0xE9, 0x02, 0xD1, 0xFD, 0xD1, 0x02, 
0x2F, 0xFD, 0x38, 0xFD, 0x0E, 0x02, 0x54, 0xFD, 0xAC, 0x00, 0x00, 0x01, 0x00, 0xB0, 0x00, 0x00, 
0x05, 0x85, 0x05, 0xBA, 0x00, 0x09, 0x00, 0x27, 0x40, 0x1E, 0x07, 0x01, 0x04, 0x1F, 0x00, 0x09, 
0x08, 0x07, 0x01, 0x04, 0x06, 0x0C, 0x02, 0x0C, 0x09, 0x01, 0x67, 0x06, 0x04, 0x10, 0x05, 0x67, 
0x02, 0x01, 0x00, 0x06, 0x02, 0x0B, 0x0F, 0x03, 0x2B, 0x31, 0x00, 0x3F, 0x3F, 0x2B, 0x30, 0x33, 
0x11, 0x33, 0x11, 0x21, 0x11, 0x33, 0x11, 0x33, 0x15, 0xB0, 0xCD, 0x02, 0xB4, 0xCD, 0x87, 0x05, 
0xBA, 0xFA, 0xFE, 0x05, 0x02, 0xFA, 0xFE, 0xB8, 0x00, 0x01, 0x00, 0xB0, 0x00, 0x00, 0x04, 0xFE, 
0x05, 0xBA, 0x00, 0x11, 0x00, 0x2F, 0x40, 0x24, 0x0E, 0x01, 0x1F, 0x06, 0x0B, 0x01, 0x06, 0x01, 
0x04, 0x0A, 0x09, 0x08, 0x0C, 0x02, 0x0C, 0x0E, 0x01, 0x06, 0x02, 0x09, 0x0A, 0x01, 0x67, 0x09, 
0x06, 0x02, 0x05, 0x67, 0x02, 0x01, 0x00, 0x06, 0x02, 0x13, 0x0F, 0x03, 0x2B, 0x2B, 0x31, 0x00, 
0x3F, 0x3F, 0x3F, 0x2B, 0x30, 0x13, 0x11, 0x33, 0x11, 0x14, 0x33, 0x21, 0x11, 0x33, 0x11, 0x23, 
0x11, 0x21, 0x22, 0x27, 0x26, 0x27, 0x26, 0xB0, 0xCD, 0xC7, 0x01, 0xED, 0xCD, 0xCD, 0xFE, 0x0C, 
0x5C, 0x58, 0x58, 0x3F, 0x42, 0x04, 0x00, 0x01, 0xBA, 0xFE, 0x69, 0xC5, 0x02, 0x5C, 0xFA, 0x46, 
0x02, 0xA6, 0x1F, 0x1C, 0x4E, 0x4C, 0x00, 0x01, 0x00, 0xB0, 0x00, 0x00, 0x07, 0x5C, 0x05, 0xBA, 
0x00, 0x0B, 0x00, 0x2D, 0x40, 0x23, 0x08, 0x01, 0x04, 0x1F, 0x00, 0x09, 0x08, 0x07, 0x01, 0x04, 
0x0A, 0x0C, 0x06, 0x0C, 0x02, 0x0C, 0x68, 0x0B, 0x08, 0x00, 0x05, 0x66, 0x06, 0x04, 0x00, 0x06, 
0x67, 0x02, 0x01, 0x00, 0x06, 0x03, 0x0D, 0x0F, 0x03, 0x2B, 0x31, 0x00, 0x3F, 0x3F, 0x3F, 0x2B, 
0x30, 0x33, 0x11, 0x33, 0x11, 0x21, 0x11, 0x33, 0x11, 0x21, 0x11, 0x33, 0x11, 0xB0, 0xCD, 0x02, 
0x23, 0xCF, 0x02, 0x22, 0xCB, 0x05, 0xBA, 0xFA, 0xFE, 0x05, 0x02, 0xFA, 0xFE, 0x05, 0x02, 0xFA, 
0x46, 0x00, 0x00, 0x01, 0x00, 0xB0, 0x00, 0x00, 0x07, 0xE3, 0x05, 0xBA, 0x00, 0x0D, 0x00, 0x30, 
0x40, 0x26, 0x0B, 0x08, 0x02, 0x04, 0x1F, 0x00, 0x09, 0x08, 0x07, 0x01, 0x04, 0x0A, 0x0C, 0x06, 
0x0C, 0x02, 0x0C, 0x0D, 0x01, 0x68, 0x0A, 0x08, 0x10, 0x05, 0x66, 0x06, 0x04, 0x00, 0x06, 0x67, 
0x02, 0x01, 0x00, 0x06, 0x03, 0x0F, 0x0F, 0x03, 0x2B, 0x31, 0x00, 0x3F, 0x3F, 0x3F, 0x2B, 0x30, 
0x33, 0x11, 0x33, 0x11, 0x21, 0x11, 0x33, 0x11, 0x21, 0x11, 0x33, 0x11, 0x33, 0x15, 0xB0, 0xCD, 
0x02, 0x23, 0xCF, 0x02, 0x22, 0xCB, 0x87, 0x05, 0xBA, 0xFA, 0xFE, 0x05, 0x02, 0xFA, 0xFE, 0x05, 
0x02, 0xFA, 0xFE, 0xB8, 0x00, 0x02, 0x00, 0x1B, 0x00, 0x00, 0x06, 0x42, 0x05, 0xBA, 0x00, 0x12, 
0x00, 0x1B, 0x00, 0x37, 0x40, 0x30, 0x00, 0x1F, 0x03, 0x0C, 0x00, 0x08, 0x07, 0x01, 0x1F, 0x04, 
0x13, 0x01, 0x06, 0x0F, 0x01, 0x15, 0x1F, 0x12, 0x09, 0x01, 0x07, 0x03, 0x04, 0x02, 0x01, 0x12, 
0x0F, 0x07, 0x02, 0x19, 0x03, 0x09, 0x64, 0x0B, 0x19, 0x00, 0x05, 0x14, 0x01, 0x65, 0x03, 0x12, 
0x08, 0x06, 0x02, 0x1D, 0x0F, 0x03, 0x2B, 0x2B, 0x2B, 0x2B, 0x30, 0x01, 0x21, 0x35, 0x21, 0x11, 
0x21, 0x32, 0x17, 0x16, 0x17, 0x16, 0x15, 0x14, 0x07, 0x06, 0x07, 0x06, 0x23, 0x21, 0x13, 0x11, 
0x21, 0x32, 0x37, 0x36, 0x35, 0x34, 0x21, 0x01, 0xFC, 0xFE, 0x1F, 0x02, 0xB2, 0x01, 0x56, 0xB0, 
0x7B, 0x79, 0x3D, 0x3E, 0x9E, 0x42, 0x4E, 0x4D, 0x9C, 0xFD, 0xD1, 0xD1, 0x01, 0x47, 0x9C, 0x60, 
0x5F, 0xFE, 0xBC, 0x05, 0x02, 0xB8, 0xFD, 0x9E, 0x37, 0x3A, 0x62, 0x62, 0x7D, 0xDB, 0x7B, 0x2F, 
0x11, 0x10, 0x02, 0xA0, 0xFE, 0x18, 0x34, 0x31, 0x8D, 0xF6, 0x00, 0x03, 0x00, 0xB0, 0x00, 0x00, 
0x06, 0x81, 0x05, 0xBA, 0x00, 0x10, 0x00, 0x18, 0x00, 0x1C, 0x00, 0x3C, 0x40, 0x32, 0x04, 0x01, 
0x1F, 0x01, 0x11, 0x01, 0x06, 0x19, 0x01, 0x0C, 0x01, 0x13, 0x1F, 0x0F, 0x09, 0x03, 0x07, 0x02, 
0x04, 0x1B, 0x0C, 0x00, 0x0C, 0x0C, 0x04, 0x02, 0x16, 0x00, 0x09, 0x68, 0x1C, 0x1A, 0x00, 0x05, 
0x63, 0x08, 0x16, 0x00, 0x06, 0x12, 0x01, 0x67, 0x00, 0x10, 0x08, 0x06, 0x03, 0x1E, 0x0F, 0x03, 
0x2B, 0x2B, 0x31, 0x00, 0x3F, 0x3F, 0x2B, 0x30, 0x01, 0x11, 0x21, 0x32, 0x17, 0x16, 0x17, 0x16, 
0x15, 0x14, 0x07, 0x06, 0x07, 0x06, 0x23, 0x21, 0x11, 0x13, 0x11, 0x21, 0x32, 0x36, 0x35, 0x34, 
0x21, 0x01, 0x11, 0x33, 0x11, 0x01, 0x7D, 0x01, 0x5A, 0xB0, 0x7B, 0x79, 0x3D, 0x3E, 0xA2, 0x3D, 
0x50, 0x52, 0x9A, 0xFD, 0xD5, 0xCD, 0x01, 0x4C, 0x9D, 0xB9, 0xFE, 0xBC, 0x02, 0xDB, 0xCB, 0x05, 
0xBA, 0xFD, 0x9E, 0x37, 0x3A, 0x62, 0x62, 0x7D, 0xDD, 0x79, 0x2D, 0x11, 0x12, 0x05, 0xBA, 0xFC, 
0xE6, 0xFE, 0x18, 0x67, 0x8B, 0xF6, 0xFD, 0x60, 0x05, 0xBA, 0xFA, 0x46, 0x00, 0x02, 0x00, 0xB0, 
0x00, 0x00, 0x04, 0xF6, 0x05, 0xBA, 0x00, 0x10, 0x00, 0x18, 0x00, 0x32, 0x40, 0x29, 0x04, 0x01, 
0x1F, 0x01, 0x11, 0x01, 0x06, 0x0C, 0x01, 0x13, 0x1F, 0x0F, 0x09, 0x01, 0x07, 0x02, 0x04, 0x00, 
0x0C, 0x0C, 0x04, 0x02, 0x16, 0x00, 0x09, 0x63, 0x08, 0x16, 0x00, 0x05, 0x12, 0x01, 0x67, 0x00, 
0x10, 0x08, 0x06, 0x02, 0x1A, 0x0F, 0x03, 0x2B, 0x2B, 0x31, 0x00, 0x3F, 0x2B, 0x30, 0x01, 0x11, 
0x21, 0x32, 0x17, 0x16, 0x17, 0x16, 0x15, 0x14, 0x07, 0x06, 0x07, 0x06, 0x23, 0x21, 0x11, 0x13, 
0x11, 0x21, 0x32, 0x36, 0x35, 0x34, 0x21, 0x01, 0x7D, 0x01, 0x5A, 0xB0, 0x7B, 0x79, 0x3D, 0x3E, 
0xA2, 0x3D, 0x50, 0x52, 0x9A, 0xFD, 0xD5, 0xCD, 0x01, 0x4C, 0x9D, 0xB9, 0xFE, 0xBC, 0x05, 0xBA, 
0xFD, 0x9E, 0x37, 0x3A, 0x62, 0x62, 0x7D, 0xDD, 0x79, 0x2D, 0x11, 0x12, 0x05, 0xBA, 0xFC, 0xE6, 
0xFE, 0x18, 0x67, 0x8B, 0xF6, 0x00, 0x00, 0x01, 0x00, 0x52, 0xFF, 0xE5, 0x05, 0x60, 0x05, 0xD7, 
0x00, 0x25, 0x00, 0x2D, 0x40, 0x27, 0x07, 0x1F, 0x0E, 0x0C, 0x00, 0x08, 0x0A, 0x01, 0x1E, 0x01, 
0x1F, 0x02, 0x00, 0x14, 0x06, 0x22, 0x1E, 0x18, 0x09, 0x00, 0x07, 0x03, 0x04, 0x1D, 0x0A, 0x02, 
0x03, 0x12, 0x00, 0x01, 0x5E, 0x13, 0x03, 0x01, 0x05, 0x01, 0x27, 0x0F, 0x03, 0x2B, 0x2B, 0x2B, 
0x30, 0x01, 0x21, 0x35, 0x21, 0x34, 0x27, 0x26, 0x23, 0x20, 0x03, 0x23, 0x36, 0x37, 0x36, 0x21, 
0x32, 0x04, 0x17, 0x16, 0x15, 0x14, 0x07, 0x06, 0x04, 0x23, 0x22, 0x27, 0x26, 0x02, 0x27, 0x33, 
0x16, 0x17, 0x16, 0x33, 0x32, 0x37, 0x36, 0x04, 0x85, 0xFD, 0xD5, 0x02, 0x1F, 0x7F, 0x81, 0xC7, 
0xFE, 0xBD, 0x50, 0xCD, 0x18, 0xA4, 0xA2, 0x01, 0x06, 0xDB, 0x01, 0x34, 0x4D, 0x4E, 0x52, 0x54, 
0xFE, 0xD1, 0xCF, 0xA8, 0x83, 0x85, 0xA4, 0x16, 0xCD, 0x1A, 0x71, 0x6F, 0xAC, 0xC8, 0x7D, 0x7B, 
0x02, 0xA6, 0xB8, 0xCD, 0x7B, 0x79, 0xFE, 0xD3, 0xDF, 0x83, 0x83, 0xD1, 0xAE, 0xB0, 0xD9, 0xE3, 
0xAA, 0xAA, 0xB3, 0x4A, 0x48, 0x01, 0x02, 0xA6, 0xB7, 0x64, 0x66, 0x8F, 0x8F, 0x00, 0x00, 0x02, 
0x00, 0xB0, 0xFF, 0xE5, 0x07, 0xF6, 0x05, 0xD7, 0x00, 0x1A, 0x00, 0x2B, 0x00, 0x38, 0x40, 0x2E, 
0x29, 0x1F, 0x0D, 0x0C, 0x00, 0x08, 0x1F, 0x07, 0x01, 0x00, 0x06, 0x1F, 0x1E, 0x16, 0x09, 0x00, 
0x07, 0x03, 0x04, 0x05, 0x0C, 0x03, 0x09, 0x1B, 0x07, 0x00, 0x03, 0x23, 0x01, 0x09, 0x64, 0x11, 
0x23, 0x00, 0x05, 0x05, 0x01, 0x67, 0x01, 0x04, 0x08, 0x06, 0x02, 0x2D, 0x0F, 0x03, 0x2B, 0x2B, 
0x31, 0x00, 0x3F, 0x3F, 0x2B, 0x30, 0x01, 0x23, 0x11, 0x23, 0x11, 0x33, 0x11, 0x33, 0x36, 0x37, 
0x36, 0x37, 0x36, 0x33, 0x20, 0x17, 0x16, 0x11, 0x14, 0x07, 0x06, 0x04, 0x23, 0x22, 0x24, 0x27, 
0x26, 0x13, 0x10, 0x17, 0x16, 0x33, 0x32, 0x37, 0x36, 0x11, 0x34, 0x27, 0x26, 0x27, 0x26, 0x23, 
0x22, 0x00, 0x02, 0x6A, 0xED, 0xCD, 0xCD, 0xF4, 0x18, 0x5C, 0x5D, 0x97, 0x98, 0xC4, 0x01, 0x44, 
0xBE, 0xBF, 0x54, 0x54, 0xFE, 0xBC, 0xDF, 0xCF, 0xFE, 0xC3, 0x56, 0x58, 0xD1, 0x85, 0x85, 0xE7, 
0xEC, 0x83, 0x81, 0x3C, 0x3B, 0x73, 0x72, 0x94, 0xEB, 0xFE, 0xFA, 0x02, 0xA6, 0xFD, 0x5A, 0x05, 
0xBA, 0xFD, 0xA4, 0xC5, 0x8F, 0x8D, 0x4C, 0x4C, 0xC9, 0xCA, 0xFE, 0xA5, 0xD9, 0xB0, 0xB2, 0xC9, 
0xAC, 0xA0, 0x9E, 0x01, 0x04, 0xFE, 0xFA, 0x98, 0x97, 0x99, 0x9A, 0x01, 0x18, 0xAD, 0x81, 0x7F, 
0x45, 0x44, 0xFE, 0xC8, 0x00, 0x02, 0x00, 0x7D, 0x00, 0x00, 0x05, 0x14, 0x05, 0xBA, 0x00, 0x1D, 
0x00, 0x29, 0x00, 0x3A, 0x40, 0x30, 0x1B, 0x01, 0x1F, 0x1F, 0x00, 0x0C, 0x01, 0x08, 0x15, 0x01, 
0x1F, 0x29, 0x04, 0x01, 0x06, 0x02, 0x04, 0x0C, 0x09, 0x02, 0x09, 0x1B, 0x01, 0x02, 0x08, 0x09, 
0x1E, 0x01, 0x67, 0x01, 0x02, 0x02, 0x05, 0x0C, 0x01, 0x23, 0x15, 0x0B, 0x03, 0x5D, 0x08, 0x17, 
0x05, 0x06, 0x02, 0x2B, 0x0F, 0x03, 0x2B, 0x2B, 0x31, 0x00, 0x3F, 0x3F, 0x2B, 0x30, 0x01, 0x11, 
0x23, 0x11, 0x21, 0x22, 0x07, 0x06, 0x1D, 0x01, 0x14, 0x07, 0x23, 0x36, 0x3D, 0x01, 0x34, 0x37, 
0x36, 0x37, 0x36, 0x37, 0x26, 0x35, 0x34, 0x37, 0x36, 0x37, 0x36, 0x33, 0x05, 0x21, 0x22, 0x07, 
0x06, 0x15, 0x14, 0x16, 0x17, 0x16, 0x33, 0x21, 0x05, 0x14, 0xCC, 0xFE, 0x7D, 0x9E, 0x4A, 0x4A, 
0x26, 0xF0, 0x44, 0x10, 0x0E, 0x27, 0x25, 0x4A, 0xCB, 0x93, 0x40, 0x4E, 0x4C, 0x9F, 0x01, 0x92, 
0xFE, 0x74, 0x9B, 0x54, 0x54, 0x5A, 0x48, 0x45, 0x6D, 0x01, 0x7B, 0x05, 0xBA, 0xFA, 0x46, 0x02, 
0x6F, 0x29, 0x2B, 0x94, 0xB8, 0x46, 0x89, 0x5C, 0x89, 0xA2, 0x71, 0x3F, 0x40, 0x23, 0x22, 0x1B, 
0x5C, 0xF8, 0xD3, 0x71, 0x2D, 0x10, 0x0E, 0xB8, 0x2D, 0x2F, 0x92, 0x62, 0x6A, 0x11, 0x10, 0x00, 
0x00, 0x01, 0x00, 0x48, 0xFE, 0xCF, 0x04, 0x14, 0x05, 0xBA, 0x00, 0x0B, 0x00, 0x28, 0x40, 0x20, 
0x00, 0x01, 0x0A, 0x01, 0x06, 0x21, 0x04, 0x0A, 0x0A, 0x08, 0x01, 0x04, 0x09, 0x03, 0x0C, 0x06, 
0x00, 0x02, 0x12, 0x07, 0x01, 0x09, 0x01, 0x70, 0x03, 0x01, 0x0A, 0x05, 0x01, 0x0D, 0x0F, 0x03, 
0x2B, 0x2B, 0x3F, 0x2E, 0x2B, 0x30, 0x13, 0x21, 0x11, 0x33, 0x11, 0x21, 0x15, 0x21, 0x11, 0x23, 
0x11, 0x21, 0x48, 0x01, 0x87, 0xB8, 0x01, 0x8D, 0xFE, 0x73, 0xB8, 0xFE, 0x79, 0x04, 0x14, 0x01, 
0xA6, 0xFE, 0x5A, 0xAA, 0xFB, 0x65, 0x04, 0x9B, 0x00, 0x02, 0x00, 0x48, 0x03, 0x3D, 0x02, 0xE5, 
0x05, 0xD7, 0x00, 0x10, 0x00, 0x1F, 0x00, 0x22, 0x40, 0x1B, 0x14, 0x32, 0x0D, 0x0C, 0x00, 0x08, 
0x32, 0x1C, 0x03, 0x00, 0x06, 0x02, 0x04, 0x80, 0x00, 0x11, 0x00, 0x05, 0x7F, 0x18, 0x07, 0x00, 
0x06, 0x02, 0x21, 0x0F, 0x03, 0x2B, 0x31, 0x00, 0x2B, 0x30, 0x01, 0x14, 0x06, 0x23, 0x22, 0x27, 
0x26, 0x35, 0x34, 0x37, 0x36, 0x37, 0x36, 0x33, 0x32, 0x17, 0x16, 0x07, 0x34, 0x26, 0x23, 0x22, 
0x07, 0x06, 0x15, 0x14, 0x17, 0x16, 0x33, 0x32, 0x37, 0x36, 0x02, 0xE5, 0xC0, 0x8D, 0x8A, 0x62, 
0x64, 0x2F, 0x2F, 0x4E, 0x4B, 0x5D, 0x8B, 0x60, 0x5E, 0x7B, 0x76, 0x58, 0x58, 0x40, 0x3F, 0x41, 
0x40, 0x56, 0x56, 0x3D, 0x3B, 0x04, 0x89, 0x8B, 0xC1, 0x65, 0x62, 0x85, 0x5C, 0x4E, 0x4C, 0x2D, 
0x2B, 0x60, 0x63, 0x8B, 0x5A, 0x7F, 0x3F, 0x40, 0x5A, 0x5A, 0x3D, 0x40, 0x40, 0x3D, 0x00, 0x02, 
0x00, 0x6D, 0x00, 0x00, 0x03, 0xF2, 0x05, 0xBA, 0x00, 0x1C, 0x00, 0x25, 0x00, 0x32, 0x40, 0x29, 
0x25, 0x1D, 0x0F, 0x0B, 0x0A, 0x08, 0x06, 0x13, 0x13, 0x09, 0x02, 0x0C, 0x0F, 0x07, 0x02, 0x12, 
0x16, 0x01, 0x00, 0x21, 0x09, 0x11, 0x0B, 0x02, 0x1D, 0x13, 0x02, 0x85, 0x02, 0x00, 0x0A, 0x05, 
0x6F, 0x21, 0x1A, 0x00, 0x06, 0x02, 0x27, 0x0F, 0x03, 0x2B, 0x2B, 0x2B, 0x3F, 0x3F, 0x2A, 0x30, 
0x01, 0x35, 0x33, 0x15, 0x16, 0x17, 0x16, 0x17, 0x23, 0x26, 0x27, 0x11, 0x3E, 0x01, 0x37, 0x33, 
0x02, 0x05, 0x15, 0x23, 0x35, 0x26, 0x27, 0x26, 0x27, 0x26, 0x35, 0x34, 0x12, 0x17, 0x06, 0x07, 
0x06, 0x15, 0x14, 0x17, 0x16, 0x17, 0x02, 0x10, 0x69, 0xAA, 0x64, 0x65, 0x06, 0xA6, 0x2D, 0xA6, 
0x50, 0x5A, 0x25, 0xAA, 0x3C, 0xFE, 0xC3, 0x69, 0x76, 0x44, 0x44, 0x3B, 0x6A, 0xD7, 0xCC, 0x76, 
0x3A, 0x39, 0x39, 0x38, 0x78, 0x05, 0x27, 0x93, 0x93, 0x19, 0x66, 0x66, 0xAA, 0xDB, 0x0E, 0xFC, 
0xE9, 0x13, 0x6A, 0x77, 0xFE, 0x98, 0x31, 0xC5, 0xC5, 0x12, 0x25, 0x23, 0x52, 0x8F, 0xE3, 0xF8, 
0x01, 0x27, 0x81, 0x29, 0x64, 0x67, 0xAA, 0x9F, 0x5D, 0x5C, 0x25, 0x00, 0x00, 0x01, 0x00, 0x3F, 
0xFF, 0xE5, 0x04, 0x1B, 0x05, 0xBA, 0x00, 0x34, 0x00, 0x4C, 0x40, 0x44, 0x01, 0x01, 0x03, 0x09, 
0x09, 0x03, 0x2A, 0x32, 0x0C, 0x00, 0x08, 0x2A, 0x01, 0x28, 0x01, 0x2E, 0x09, 0x0B, 0x0A, 0x06, 
0x1A, 0x14, 0x12, 0x03, 0x23, 0x20, 0x1B, 0x03, 0x18, 0x23, 0x1D, 0x09, 0x11, 0x07, 0x03, 0x04, 
0x22, 0x09, 0x1B, 0x0B, 0x00, 0x03, 0x12, 0x12, 0x0C, 0x09, 0x03, 0x75, 0x0E, 0x26, 0x01, 0x05, 
0x2A, 0x23, 0x02, 0x2B, 0x28, 0x22, 0x03, 0x6F, 0x07, 0x2D, 0x05, 0x06, 0x02, 0x36, 0x0F, 0x03, 
0x2B, 0x2B, 0x3F, 0x2B, 0x2B, 0x30, 0x01, 0x23, 0x02, 0x21, 0x22, 0x07, 0x06, 0x15, 0x14, 0x17, 
0x21, 0x15, 0x21, 0x16, 0x15, 0x14, 0x07, 0x06, 0x07, 0x36, 0x33, 0x32, 0x17, 0x16, 0x33, 0x32, 
0x37, 0x17, 0x06, 0x23, 0x22, 0x24, 0x23, 0x22, 0x07, 0x27, 0x3E, 0x01, 0x35, 0x34, 0x27, 0x23, 
0x35, 0x33, 0x26, 0x35, 0x34, 0x37, 0x3E, 0x01, 0x33, 0x32, 0x12, 0x03, 0xF6, 0xAE, 0x11, 0xFE, 
0xEC, 0x77, 0x50, 0x50, 0x65, 0x01, 0x66, 0xFE, 0xD7, 0x17, 0x21, 0x23, 0x54, 0x4C, 0x48, 0x3B, 
0x6C, 0x6D, 0x33, 0x65, 0x5C, 0x52, 0x69, 0xA6, 0x43, 0xFE, 0xF1, 0x4D, 0x52, 0x7D, 0x5F, 0x6B, 
0x75, 0x29, 0xB7, 0x75, 0x62, 0x3B, 0x3C, 0xCF, 0x8B, 0xDD, 0xF6, 0x03, 0xD7, 0x01, 0x50, 0x4A, 
0x4C, 0x76, 0x69, 0xC0, 0x7D, 0x4E, 0x39, 0x63, 0x47, 0x48, 0x4E, 0x17, 0x1D, 0x1D, 0x40, 0x83, 
0x63, 0x56, 0x4D, 0x8F, 0x54, 0xA8, 0x6A, 0x3E, 0x54, 0x7D, 0x9F, 0x83, 0x7B, 0x61, 0x60, 0x6A, 
0xFE, 0xFA, 0x00, 0x02, 0x00, 0x52, 0xFE, 0x7F, 0x04, 0x08, 0x05, 0xD7, 0x00, 0x3E, 0x00, 0x4A, 
0x00, 0x4E, 0x40, 0x44, 0x4A, 0x38, 0x36, 0x1C, 0x16, 0x00, 0x06, 0x0E, 0x2D, 0x09, 0x0E, 0x22, 
0x07, 0x0C, 0x00, 0x08, 0x25, 0x01, 0x2D, 0x23, 0x23, 0x07, 0x01, 0x07, 0x02, 0x04, 0x44, 0x3F, 
0x2A, 0x0C, 0x04, 0x13, 0x38, 0x36, 0x2A, 0x25, 0x16, 0x0C, 0x06, 0x46, 0x41, 0x09, 0x30, 0x1C, 
0x02, 0x1F, 0x0B, 0x02, 0x70, 0x18, 0x46, 0x05, 0x05, 0x11, 0x00, 0x02, 0x29, 0x03, 0x02, 0x6F, 
0x41, 0x3B, 0x11, 0x06, 0x02, 0x4C, 0x0F, 0x03, 0x2B, 0x2B, 0x31, 0x00, 0x2A, 0x2B, 0x2B, 0x30, 
0x01, 0x2E, 0x01, 0x35, 0x34, 0x37, 0x36, 0x33, 0x32, 0x17, 0x16, 0x17, 0x23, 0x26, 0x23, 0x22, 
0x06, 0x15, 0x14, 0x17, 0x16, 0x1F, 0x01, 0x04, 0x15, 0x14, 0x07, 0x06, 0x07, 0x1E, 0x01, 0x15, 
0x14, 0x07, 0x06, 0x23, 0x22, 0x27, 0x26, 0x27, 0x26, 0x27, 0x33, 0x1E, 0x01, 0x33, 0x32, 0x36, 
0x35, 0x34, 0x27, 0x26, 0x27, 0x26, 0x27, 0x26, 0x2F, 0x01, 0x24, 0x35, 0x34, 0x37, 0x36, 0x17, 
0x06, 0x15, 0x14, 0x17, 0x05, 0x36, 0x35, 0x34, 0x27, 0x26, 0x27, 0x01, 0x1F, 0x2F, 0x27, 0x68, 
0x67, 0xA1, 0xB7, 0x5A, 0x58, 0x04, 0xB8, 0x07, 0xBA, 0x4E, 0x5E, 0x29, 0x29, 0x66, 0xB5, 0x01, 
0x1A, 0x2D, 0x2F, 0x68, 0x35, 0x27, 0x69, 0x68, 0xA8, 0x66, 0x54, 0x56, 0x32, 0x39, 0x06, 0xBC, 
0x06, 0x63, 0x66, 0x50, 0x62, 0x14, 0x15, 0x18, 0x19, 0x2B, 0x2D, 0x1F, 0xB0, 0xFE, 0xF0, 0x2F, 
0x2D, 0xD9, 0x7B, 0x87, 0x01, 0x40, 0x7D, 0x2D, 0x2D, 0x6B, 0x03, 0xBA, 0x38, 0x5A, 0x3D, 0x94, 
0x5E, 0x5C, 0x64, 0x67, 0xB8, 0xDB, 0x52, 0x45, 0x34, 0x2D, 0x2F, 0x3B, 0x6B, 0x9D, 0xDC, 0x66, 
0x4A, 0x4B, 0x40, 0x37, 0x5E, 0x4A, 0x96, 0x5C, 0x5E, 0x29, 0x27, 0x43, 0x50, 0xA6, 0x79, 0x6A, 
0x56, 0x41, 0x29, 0x23, 0x21, 0x16, 0x17, 0x1D, 0x1C, 0x13, 0x6A, 0xA8, 0xD3, 0x67, 0x45, 0x44, 
0x1B, 0x58, 0x68, 0x73, 0x56, 0xCF, 0x58, 0x69, 0x45, 0x3A, 0x37, 0x46, 0x00, 0x01, 0x01, 0x8F, 
0x01, 0x7D, 0x03, 0x14, 0x03, 0x00, 0x00, 0x0D, 0x00, 0x17, 0x40, 0x10, 0x10, 0x03, 0x0A, 0x00, 
0x06, 0x01, 0x04, 0x59, 0x06, 0x00, 0x00, 0x05, 0x01, 0x0F, 0x0F, 0x03, 0x2B, 0x31, 0x00, 0x2B, 
0x30, 0x01, 0x34, 0x36, 0x33, 0x32, 0x16, 0x15, 0x14, 0x07, 0x06, 0x23, 0x22, 0x27, 0x26, 0x01, 
0x8F, 0x6F, 0x52, 0x56, 0x6E, 0x39, 0x39, 0x52, 0x4E, 0x39, 0x3A, 0x02, 0x3D, 0x50, 0x73, 0x73, 
0x50, 0x49, 0x3C, 0x3B, 0x3B, 0x3C, 0x00, 0x01, 0x00, 0x56, 0xFE, 0xDD, 0x04, 0x08, 0x05, 0xBA, 
0x00, 0x13, 0x00, 0x27, 0x40, 0x1F, 0x12, 0x01, 0x0D, 0x2B, 0x0C, 0x0C, 0x02, 0x08, 0x01, 0x04, 
0x10, 0x00, 0x05, 0x01, 0x12, 0x0D, 0x01, 0x72, 0x0E, 0x10, 0x10, 0x05, 0x70, 0x12, 0x00, 0x00, 
0x06, 0x02, 0x15, 0x0F, 0x03, 0x2B, 0x2B, 0x2E, 0x2E, 0x2B, 0x30, 0x01, 0x11, 0x22, 0x27, 0x26, 
0x35, 0x34, 0x37, 0x36, 0x37, 0x36, 0x33, 0x21, 0x15, 0x23, 0x11, 0x23, 0x11, 0x23, 0x11, 0x01, 
0xE9, 0xB8, 0x6C, 0x6F, 0x3D, 0x3C, 0x6A, 0x5A, 0xA6, 0x01, 0xCF, 0x35, 0xB0, 0x83, 0xFE, 0xDD, 
0x03, 0xD1, 0x62, 0x63, 0xB8, 0x79, 0x60, 0x5E, 0x2F, 0x29, 0x87, 0xF9, 0xAA, 0x06, 0x56, 0xF9, 
0xAA, 0x00, 0x00, 0x02, 0x00, 0xAA, 0x00, 0x00, 0x01, 0x85, 0x06, 0xF2, 0x00, 0x03, 0x00, 0x07, 
0x00, 0x20, 0x40, 0x17, 0x19, 0x05, 0x07, 0x00, 0x06, 0x01, 0x04, 0x03, 0x09, 0x01, 0x0C, 0x02, 
0x00, 0x02, 0x61, 0x06, 0x04, 0x01, 0x05, 0x01, 0x09, 0x0F, 0x03, 0x2B, 0x31, 0x00, 0x3F, 0x3F, 
0x2B, 0x30, 0x13, 0x33, 0x11, 0x23, 0x03, 0x33, 0x15, 0x23, 0xB0, 0xCD, 0xCD, 0x06, 0xDB, 0xDB, 
0x05, 0xBA, 0xFA, 0x46, 0x06, 0xF2, 0xE2, 0x00, 0x00, 0x04, 0xFF, 0xEE, 0xFF, 0xE5, 0x05, 0xDF, 
0x05, 0xD7, 0x00, 0x18, 0x00, 0x2E, 0x00, 0x46, 0x00, 0x51, 0x00, 0x48, 0x40, 0x40, 0x3F, 0x2F, 
0x02, 0x45, 0x29, 0x09, 0x1F, 0x34, 0x12, 0x0C, 0x00, 0x08, 0x31, 0x30, 0x47, 0x0A, 0x00, 0x07, 
0x38, 0x01, 0x30, 0x49, 0x45, 0x01, 0x06, 0x29, 0x34, 0x05, 0x09, 0x00, 0x07, 0x04, 0x04, 0x82, 
0x00, 0x19, 0x00, 0x05, 0x3E, 0x01, 0x3F, 0x38, 0x02, 0x7E, 0x35, 0x4D, 0x11, 0x06, 0x48, 0x01, 
0x7E, 0x45, 0x30, 0x08, 0x06, 0x82, 0x24, 0x0A, 0x00, 0x06, 0x04, 0x53, 0x0F, 0x03, 0x2B, 0x31, 
0x00, 0x2B, 0x2B, 0x30, 0x01, 0x14, 0x02, 0x07, 0x06, 0x23, 0x22, 0x24, 0x27, 0x26, 0x35, 0x34, 
0x37, 0x36, 0x37, 0x36, 0x37, 0x36, 0x33, 0x32, 0x04, 0x17, 0x16, 0x17, 0x16, 0x07, 0x34, 0x27, 
0x26, 0x27, 0x26, 0x23, 0x22, 0x07, 0x06, 0x02, 0x15, 0x14, 0x12, 0x17, 0x16, 0x33, 0x32, 0x37, 
0x36, 0x37, 0x36, 0x05, 0x11, 0x21, 0x32, 0x17, 0x16, 0x15, 0x14, 0x06, 0x07, 0x16, 0x17, 0x16, 
0x17, 0x16, 0x17, 0x23, 0x26, 0x35, 0x2E, 0x01, 0x2B, 0x01, 0x11, 0x19, 0x01, 0x33, 0x32, 0x37, 
0x36, 0x35, 0x34, 0x27, 0x26, 0x23, 0x05, 0xDF, 0xCD, 0xAE, 0xB0, 0xCF, 0xCE, 0xFE, 0xA1, 0x64, 
0x66, 0x3B, 0x3B, 0x69, 0x66, 0x8B, 0x8C, 0x9B, 0xA0, 0x01, 0x15, 0x68, 0x66, 0x3C, 0x3B, 0x70, 
0x56, 0x58, 0x96, 0x95, 0xB1, 0xAE, 0x95, 0x98, 0xAC, 0xAC, 0x98, 0x95, 0xAE, 0xB1, 0x95, 0x96, 
0x58, 0x56, 0xFC, 0x3B, 0x01, 0x6A, 0x94, 0x52, 0x52, 0x2B, 0x42, 0x4C, 0x0A, 0x08, 0x07, 0x04, 
0x2B, 0xA0, 0x10, 0x02, 0x3E, 0x77, 0xDF, 0xDB, 0x6B, 0x2B, 0x2B, 0x27, 0x27, 0x6B, 0x02, 0xDF, 
0xD1, 0xFE, 0xA4, 0x66, 0x67, 0xCD, 0xB0, 0xAE, 0xCF, 0x9E, 0x8B, 0x89, 0x69, 0x66, 0x3C, 0x3B, 
0x77, 0x66, 0x69, 0x89, 0x8B, 0x9E, 0xAE, 0x98, 0x97, 0x58, 0x56, 0x56, 0x58, 0xFE, 0xD5, 0xB2, 
0xB4, 0xFE, 0xD5, 0x56, 0x58, 0x58, 0x56, 0x98, 0x97, 0xFE, 0x03, 0x62, 0x2F, 0x31, 0x91, 0x48, 
0x4E, 0x29, 0x25, 0x2D, 0x2F, 0x76, 0x79, 0x42, 0x3C, 0x6E, 0x6F, 0x52, 0xFE, 0x95, 0x02, 0xEA, 
0xFE, 0xF9, 0x1F, 0x1D, 0x48, 0x4B, 0x1D, 0x1B, 0x00, 0x03, 0xFF, 0xEE, 0xFF, 0xE5, 0x05, 0xDF, 
0x05, 0xD7, 0x00, 0x18, 0x00, 0x2E, 0x00, 0x4F, 0x00, 0x47, 0x40, 0x3E, 0x3F, 0x01, 0x32, 0x3A, 
0x09, 0x1F, 0x34, 0x12, 0x0C, 0x00, 0x08, 0x30, 0x01, 0x4A, 0x31, 0x32, 0x0A, 0x04, 0x07, 0x44, 
0x2D, 0x02, 0x30, 0x3A, 0x42, 0x08, 0x06, 0x29, 0x34, 0x05, 0x09, 0x00, 0x07, 0x04, 0x04, 0x3F, 
0x3E, 0x30, 0x2F, 0x04, 0x19, 0x36, 0x09, 0x82, 0x00, 0x19, 0x00, 0x05, 0x7C, 0x36, 0x46, 0x00, 
0x06, 0x82, 0x24, 0x0A, 0x00, 0x06, 0x03, 0x51, 0x0F, 0x03, 0x2B, 0x2B, 0x31, 0x00, 0x2B, 0x2B, 
0x30, 0x01, 0x14, 0x02, 0x07, 0x06, 0x23, 0x22, 0x24, 0x27, 0x26, 0x35, 0x34, 0x37, 0x36, 0x37, 
0x36, 0x37, 0x36, 0x33, 0x32, 0x04, 0x17, 0x16, 0x17, 0x16, 0x07, 0x34, 0x27, 0x26, 0x27, 0x26, 
0x23, 0x22, 0x07, 0x06, 0x02, 0x15, 0x14, 0x12, 0x17, 0x16, 0x33, 0x32, 0x37, 0x36, 0x37, 0x36, 
0x01, 0x23, 0x26, 0x23, 0x22, 0x07, 0x06, 0x15, 0x14, 0x17, 0x16, 0x33, 0x32, 0x37, 0x36, 0x37, 
0x33, 0x0E, 0x01, 0x23, 0x22, 0x27, 0x26, 0x35, 0x34, 0x37, 0x36, 0x33, 0x32, 0x17, 0x16, 0x17, 
0x16, 0x05, 0xDF, 0xCD, 0xAE, 0xB0, 0xCF, 0xCE, 0xFE, 0xA1, 0x64, 0x66, 0x3B, 0x3B, 0x69, 0x66, 
0x8B, 0x8C, 0x9B, 0xA0, 0x01, 0x15, 0x68, 0x66, 0x3C, 0x3B, 0x70, 0x56, 0x58, 0x96, 0x95, 0xB1, 
0xAE, 0x95, 0x98, 0xAC, 0xAC, 0x98, 0x95, 0xAE, 0xB1, 0x95, 0x96, 0x58, 0x56, 0xFE, 0xE9, 0x81, 
0x29, 0xC0, 0x7D, 0x46, 0x48, 0x46, 0x44, 0x76, 0x63, 0x41, 0x40, 0x0C, 0x85, 0x12, 0xC3, 0x9A, 
0xB8, 0x6A, 0x6D, 0x6D, 0x6A, 0xB8, 0x69, 0x52, 0x50, 0x2F, 0x2D, 0x02, 0xDF, 0xD1, 0xFE, 0xA4, 
0x66, 0x67, 0xCD, 0xB0, 0xAE, 0xCF, 0x9E, 0x8B, 0x89, 0x69, 0x66, 0x3C, 0x3B, 0x77, 0x66, 0x69, 
0x89, 0x8B, 0x9E, 0xAE, 0x98, 0x97, 0x58, 0x56, 0x56, 0x58, 0xFE, 0xD5, 0xB2, 0xB4, 0xFE, 0xD5, 
0x56, 0x58, 0x58, 0x56, 0x98, 0x97, 0x01, 0x52, 0xAE, 0x58, 0x58, 0xA0, 0x99, 0x56, 0x58, 0x3D, 
0x3B, 0x69, 0xA2, 0xB8, 0x79, 0x76, 0xCD, 0xD3, 0x7D, 0x7B, 0x23, 0x23, 0x41, 0x42, 0x00, 0x02, 
0x00, 0x6D, 0x02, 0x4C, 0x07, 0x37, 0x05, 0xBA, 0x00, 0x0C, 0x00, 0x14, 0x00, 0x3E, 0x40, 0x36, 
0x0A, 0x00, 0x02, 0x06, 0x03, 0x02, 0x12, 0x01, 0x0E, 0x2C, 0x0D, 0x0C, 0x0E, 0x08, 0x01, 0x04, 
0x11, 0x0B, 0x08, 0x05, 0x02, 0x05, 0x13, 0x14, 0x01, 0x12, 0x0C, 0x0B, 0x0A, 0x03, 0x02, 0x06, 
0x09, 0x7B, 0x01, 0x02, 0x00, 0x05, 0x0E, 0x01, 0x7A, 0x06, 0x09, 0x04, 0x06, 0x77, 0x0F, 0x11, 
0x00, 0x06, 0x03, 0x16, 0x0F, 0x03, 0x2B, 0x2B, 0x2B, 0x2A, 0x2B, 0x30, 0x01, 0x11, 0x23, 0x11, 
0x01, 0x23, 0x01, 0x11, 0x23, 0x11, 0x33, 0x13, 0x13, 0x21, 0x15, 0x21, 0x11, 0x23, 0x11, 0x21, 
0x35, 0x07, 0x37, 0x8B, 0xFE, 0xE5, 0x54, 0xFE, 0xF4, 0x91, 0xE9, 0xE1, 0xEA, 0xFC, 0xB8, 0xFF, 
0x00, 0x9B, 0xFE, 0xFC, 0x05, 0xBA, 0xFC, 0x92, 0x02, 0xE3, 0xFD, 0x1D, 0x02, 0xE3, 0xFD, 0x1D, 
0x03, 0x6E, 0xFD, 0x9E, 0x02, 0x62, 0x81, 0xFD, 0x13, 0x02, 0xED, 0x81, 0x00, 0x07, 0x00, 0x23, 
0xFF, 0xF2, 0x07, 0xBE, 0x05, 0xAE, 0x00, 0x0B, 0x00, 0x15, 0x00, 0x19, 0x00, 0x24, 0x00, 0x2C, 
0x00, 0x38, 0x00, 0x40, 0x00, 0x52, 0x40, 0x4A, 0x17, 0x01, 0x12, 0x36, 0x02, 0x0C, 0x01, 0x08, 
0x35, 0x0E, 0x08, 0x00, 0x06, 0x2F, 0x01, 0x3F, 0x01, 0x36, 0x1C, 0x2B, 0x0A, 0x06, 0x3B, 0x01, 
0x37, 0x01, 0x27, 0x38, 0x23, 0x09, 0x0A, 0x07, 0x04, 0x04, 0x19, 0x09, 0x7F, 0x33, 0x3D, 0x00, 
0x05, 0x80, 0x39, 0x2D, 0x00, 0x06, 0x17, 0x01, 0x7F, 0x20, 0x29, 0x04, 0x06, 0x80, 0x25, 0x1A, 
0x00, 0x06, 0x7F, 0x04, 0x10, 0x00, 0x06, 0x19, 0x01, 0x80, 0x0C, 0x00, 0x10, 0x06, 0x06, 0x42, 
0x0F, 0x03, 0x2B, 0x31, 0x00, 0x3F, 0x2B, 0x30, 0x13, 0x10, 0x21, 0x20, 0x11, 0x14, 0x07, 0x06, 
0x23, 0x22, 0x27, 0x26, 0x37, 0x10, 0x33, 0x32, 0x11, 0x10, 0x23, 0x22, 0x07, 0x06, 0x25, 0x33, 
0x01, 0x23, 0x01, 0x10, 0x21, 0x32, 0x17, 0x16, 0x15, 0x14, 0x06, 0x23, 0x20, 0x13, 0x10, 0x33, 
0x32, 0x11, 0x10, 0x23, 0x22, 0x01, 0x10, 0x21, 0x32, 0x17, 0x16, 0x15, 0x14, 0x07, 0x06, 0x23, 
0x20, 0x13, 0x10, 0x33, 0x32, 0x11, 0x10, 0x23, 0x22, 0x23, 0x01, 0x0E, 0x01, 0x04, 0x45, 0x46, 
0x81, 0x81, 0x42, 0x43, 0x7B, 0x8B, 0x8F, 0x8B, 0x48, 0x22, 0x25, 0x03, 0x54, 0x74, 0xFC, 0xF4, 
0x75, 0x02, 0x2F, 0x01, 0x0F, 0x81, 0x43, 0x44, 0x8D, 0x83, 0xFE, 0xF9, 0x7B, 0x8C, 0x93, 0x8F, 
0x90, 0x02, 0x15, 0x01, 0x0E, 0x83, 0x46, 0x43, 0x47, 0x4A, 0x81, 0xFE, 0xF8, 0x7B, 0x8D, 0x96, 
0x94, 0x8F, 0x04, 0x1F, 0x01, 0x8F, 0xFE, 0x8F, 0xC0, 0x66, 0x69, 0x5E, 0x5C, 0xBB, 0xFE, 0xF1, 
0x01, 0x25, 0x01, 0x11, 0x4A, 0x4A, 0xEA, 0xFA, 0x60, 0x01, 0x66, 0x01, 0x88, 0x5D, 0x5C, 0xB4, 
0xC0, 0xCF, 0x01, 0x78, 0xFE, 0xE8, 0x01, 0x27, 0x01, 0x12, 0xFE, 0xDB, 0x01, 0x88, 0x5B, 0x5C, 
0xB6, 0xC0, 0x67, 0x68, 0x01, 0x78, 0xFE, 0xE8, 0x01, 0x2B, 0x01, 0x0E, 0x00, 0x01, 0x00, 0x8B, 
0x01, 0x1F, 0x03, 0xD3, 0x04, 0x5E, 0x00, 0x0B, 0x00, 0x1F, 0x40, 0x18, 0x09, 0x08, 0x07, 0x03, 
0x02, 0x01, 0x06, 0x13, 0x06, 0x01, 0x0A, 0x01, 0x0B, 0x05, 0x02, 0x4F, 0x04, 0x00, 0x0B, 0x05, 
0x01, 0x0D, 0x0F, 0x03, 0x2B, 0x31, 0x00, 0x2A, 0x30, 0x13, 0x37, 0x09, 0x01, 0x17, 0x09, 0x01, 
0x07, 0x09, 0x01, 0x27, 0x01, 0x8B, 0x6D, 0x01, 0x35, 0x01, 0x39, 0x6D, 0xFE, 0xC9, 0x01, 0x37, 
0x6D, 0xFE, 0xC7, 0xFE, 0xCB, 0x6D, 0x01, 0x36, 0x03, 0xF6, 0x68, 0xFE, 0xCD, 0x01, 0x33, 0x68, 
0xFE, 0xCB, 0xFE, 0xC6, 0x68, 0x01, 0x35, 0xFE, 0xCB, 0x68, 0x01, 0x3A, 0x00, 0x01, 0x00, 0x66, 
0xFE, 0xD9, 0x04, 0x31, 0x05, 0xBA, 0x00, 0x13, 0x00, 0x3A, 0x40, 0x31, 0x01, 0x01, 0x13, 0x01, 
0x29, 0x05, 0x07, 0x0A, 0x06, 0x11, 0x01, 0x0F, 0x01, 0x26, 0x09, 0x0B, 0x0A, 0x06, 0x02, 0x04, 
0x0E, 0x04, 0x0C, 0x0B, 0x01, 0x11, 0x01, 0x13, 0x12, 0x0F, 0x0E, 0x0D, 0x0C, 0x09, 0x08, 0x05, 
0x04, 0x03, 0x02, 0x0C, 0x4C, 0x07, 0x01, 0x0B, 0x05, 0x01, 0x15, 0x0F, 0x03, 0x2B, 0x31, 0x00, 
0x3F, 0x2E, 0x2B, 0x30, 0x13, 0x35, 0x21, 0x13, 0x33, 0x03, 0x21, 0x15, 0x21, 0x07, 0x21, 0x15, 
0x21, 0x03, 0x23, 0x13, 0x21, 0x35, 0x21, 0x37, 0x66, 0x01, 0xA2, 0x83, 0xB2, 0x81, 0x01, 0x75, 
0xFE, 0x67, 0x23, 0x01, 0xBC, 0xFE, 0x1F, 0xB2, 0xB5, 0xB3, 0xFE, 0xCA, 0x01, 0x5F, 0x1E, 0x03, 
0x04, 0x98, 0x02, 0x1E, 0xFD, 0xE2, 0x98, 0x83, 0x9E, 0xFC, 0xF6, 0x03, 0x0A, 0x9E, 0x83, 0x00, 
0x00, 0x02, 0x00, 0xB0, 0x00, 0x00, 0x04, 0x04, 0x07, 0x54, 0x00, 0x05, 0x00, 0x09, 0x00, 0x25, 
0x40, 0x1E, 0x15, 0x07, 0x09, 0x00, 0x06, 0x02, 0x1F, 0x01, 0x0C, 0x00, 0x08, 0x02, 0x04, 0x05, 
0x09, 0x07, 0x02, 0x02, 0x12, 0x09, 0x01, 0x67, 0x03, 0x00, 0x10, 0x05, 0x01, 0x0B, 0x0F, 0x03, 
0x2B, 0x2B, 0x3F, 0x2B, 0x30, 0x13, 0x21, 0x15, 0x21, 0x11, 0x23, 0x01, 0x33, 0x03, 0x23, 0xB0, 
0x03, 0x54, 0xFD, 0x79, 0xCD, 0x01, 0xAE, 0xEE, 0xDD, 0x94, 0x05, 0xBA, 0xB8, 0xFA, 0xFE, 0x07, 
0x54, 0xFE, 0xDF, 0x00, 0x00, 0x02, 0x00, 0x39, 0xFF, 0xE5, 0x03, 0x93, 0x05, 0xE3, 0x00, 0x2E, 
0x00, 0x32, 0x00, 0x3B, 0x40, 0x33, 0x24, 0x0B, 0x00, 0x03, 0x11, 0x2B, 0x09, 0x32, 0x14, 0x30, 
0x0C, 0x00, 0x08, 0x14, 0x01, 0x11, 0x21, 0x1A, 0x0A, 0x04, 0x08, 0x2B, 0x23, 0x04, 0x09, 0x00, 
0x07, 0x03, 0x04, 0x32, 0x31, 0x30, 0x2F, 0x2E, 0x28, 0x24, 0x20, 0x14, 0x13, 0x0E, 0x0B, 0x0C, 
0x4E, 0x00, 0x07, 0x01, 0x05, 0x01, 0x34, 0x0F, 0x03, 0x2B, 0x31, 0x00, 0x2B, 0x2B, 0x30, 0x01, 
0x14, 0x07, 0x06, 0x23, 0x22, 0x26, 0x35, 0x34, 0x37, 0x36, 0x37, 0x25, 0x36, 0x35, 0x34, 0x26, 
0x23, 0x22, 0x07, 0x23, 0x34, 0x37, 0x36, 0x37, 0x36, 0x33, 0x32, 0x17, 0x16, 0x17, 0x16, 0x15, 
0x14, 0x07, 0x06, 0x07, 0x05, 0x0E, 0x01, 0x15, 0x14, 0x16, 0x33, 0x32, 0x36, 0x37, 0x01, 0x33, 
0x03, 0x23, 0x03, 0x93, 0x6E, 0x6F, 0xD1, 0xC2, 0xEA, 0x34, 0x31, 0x81, 0x01, 0x39, 0x5A, 0x6E, 
0x5B, 0xCE, 0x0D, 0xB8, 0x35, 0x33, 0x5D, 0x5A, 0x6E, 0x71, 0x5C, 0x5A, 0x33, 0x32, 0x29, 0x2B, 
0x69, 0xFE, 0xB0, 0x3F, 0x27, 0x81, 0x66, 0x7D, 0x6F, 0x04, 0xFF, 0x00, 0xEE, 0xE2, 0x97, 0x01, 
0x5E, 0xB6, 0x60, 0x63, 0xBD, 0x9B, 0x63, 0x39, 0x37, 0x38, 0x7D, 0x24, 0x3A, 0x39, 0x46, 0xAC, 
0x6C, 0x50, 0x4E, 0x27, 0x25, 0x27, 0x27, 0x48, 0x47, 0x5B, 0x56, 0x37, 0x39, 0x2F, 0x90, 0x1C, 
0x27, 0x25, 0x46, 0x56, 0x65, 0x6E, 0x04, 0x85, 0xFE, 0xD9, 0x00, 0x03, 0x00, 0x5E, 0x01, 0x1F, 
0x05, 0x19, 0x03, 0xBA, 0x00, 0x17, 0x00, 0x27, 0x00, 0x35, 0x00, 0x3D, 0x40, 0x35, 0x0E, 0x01, 
0x12, 0x01, 0x2C, 0x01, 0x10, 0x01, 0x31, 0x14, 0x1C, 0x0F, 0x06, 0x06, 0x01, 0x33, 0x01, 0x04, 
0x01, 0x32, 0x24, 0x08, 0x1A, 0x06, 0x02, 0x04, 0x10, 0x01, 0x28, 0x30, 0x09, 0x7F, 0x00, 0x18, 
0x00, 0x05, 0x12, 0x06, 0x02, 0x81, 0x20, 0x28, 0x01, 0x06, 0x7F, 0x30, 0x0B, 0x00, 0x06, 0x03, 
0x37, 0x0F, 0x03, 0x2B, 0x2B, 0x31, 0x00, 0x2B, 0x30, 0x01, 0x14, 0x07, 0x06, 0x23, 0x22, 0x27, 
0x06, 0x23, 0x22, 0x26, 0x35, 0x34, 0x36, 0x33, 0x32, 0x17, 0x16, 0x17, 0x36, 0x33, 0x32, 0x17, 
0x16, 0x07, 0x34, 0x27, 0x26, 0x23, 0x22, 0x07, 0x06, 0x15, 0x14, 0x17, 0x16, 0x33, 0x32, 0x37, 
0x36, 0x25, 0x34, 0x27, 0x26, 0x23, 0x22, 0x07, 0x06, 0x15, 0x14, 0x16, 0x33, 0x32, 0x36, 0x05, 
0x19, 0x63, 0x62, 0x8B, 0xAC, 0x61, 0x64, 0xAE, 0x87, 0xC5, 0xC5, 0x8B, 0x52, 0x4C, 0x4C, 0x29, 
0x62, 0xAA, 0x8D, 0x60, 0x5F, 0x7D, 0x3C, 0x3B, 0x58, 0x58, 0x40, 0x3F, 0x41, 0x40, 0x56, 0x56, 
0x3D, 0x3C, 0xFD, 0xE5, 0x3D, 0x40, 0x56, 0x56, 0x3D, 0x40, 0x7F, 0x54, 0x54, 0x7F, 0x02, 0x6A, 
0x8B, 0x60, 0x60, 0x83, 0x83, 0xC4, 0x87, 0x88, 0xC8, 0x27, 0x29, 0x3D, 0x8D, 0x62, 0x64, 0x8A, 
0x5B, 0x3F, 0x40, 0x40, 0x3F, 0x5B, 0x5A, 0x3D, 0x40, 0x40, 0x3D, 0x5A, 0x5D, 0x3F, 0x3E, 0x40, 
0x41, 0x59, 0x58, 0x7F, 0x7B, 0x00, 0x00, 0x02, 0x00, 0x48, 0x00, 0x00, 0x04, 0x14, 0x04, 0x98, 
0x00, 0x0B, 0x00, 0x0F, 0x00, 0x2E, 0x40, 0x27, 0x01, 0x01, 0x0B, 0x01, 0x25, 0x05, 0x07, 0x0A, 
0x06, 0x0A, 0x01, 0x0E, 0x26, 0x0C, 0x09, 0x10, 0x07, 0x02, 0x04, 0x04, 0x0F, 0x0D, 0x07, 0x01, 
0x04, 0x12, 0x08, 0x01, 0x0A, 0x01, 0x79, 0x04, 0x02, 0x0A, 0x05, 0x01, 0x11, 0x0F, 0x03, 0x2B, 
0x2B, 0x2E, 0x2B, 0x30, 0x13, 0x35, 0x21, 0x11, 0x33, 0x11, 0x21, 0x15, 0x21, 0x11, 0x23, 0x11, 
0x01, 0x35, 0x21, 0x15, 0x48, 0x01, 0x9B, 0x96, 0x01, 0x9B, 0xFE, 0x65, 0x96, 0xFE, 0x65, 0x03, 
0xCC, 0x02, 0x71, 0x9F, 0x01, 0x88, 0xFE, 0x78, 0x9F, 0xFE, 0x74, 0x01, 0x8C, 0xFD, 0x8F, 0x9E, 
0x9E, 0x00, 0x00, 0x02, 0x00, 0x7D, 0xFF, 0xFC, 0x04, 0x4C, 0x04, 0xAA, 0x00, 0x06, 0x00, 0x0A, 
0x00, 0x22, 0x40, 0x1A, 0x04, 0x01, 0x0A, 0x26, 0x08, 0x09, 0x10, 0x07, 0x01, 0x04, 0x00, 0x07, 
0x01, 0x02, 0x09, 0x02, 0x02, 0x4A, 0x04, 0x06, 0x09, 0x05, 0x01, 0x0C, 0x0F, 0x03, 0x2B, 0x31, 
0x00, 0x2E, 0x2B, 0x30, 0x01, 0x15, 0x09, 0x01, 0x15, 0x01, 0x35, 0x01, 0x21, 0x35, 0x21, 0x04, 
0x4C, 0xFC, 0xF3, 0x03, 0x0D, 0xFC, 0x31, 0x03, 0xCF, 0xFC, 0x35, 0x03, 0xCB, 0x04, 0xAA, 0x9E, 
0xFE, 0xB5, 0xFE, 0xB4, 0x9A, 0x01, 0xB0, 0x6B, 0xFD, 0x06, 0x9E, 0x00, 0x00, 0x02, 0x00, 0x66, 
0xFF, 0xFC, 0x04, 0x35, 0x04, 0xAA, 0x00, 0x06, 0x00, 0x0A, 0x00, 0x22, 0x40, 0x1A, 0x03, 0x01, 
0x09, 0x26, 0x07, 0x09, 0x10, 0x07, 0x01, 0x04, 0x00, 0x08, 0x04, 0x02, 0x0A, 0x05, 0x02, 0x4A, 
0x02, 0x00, 0x03, 0x05, 0x01, 0x0C, 0x0F, 0x03, 0x2B, 0x31, 0x00, 0x2E, 0x2B, 0x30, 0x13, 0x01, 
0x15, 0x01, 0x35, 0x01, 0x01, 0x11, 0x35, 0x21, 0x15, 0x66, 0x03, 0xCF, 0xFC, 0x31, 0x03, 0x09, 
0xFC, 0xF7, 0x03, 0xCB, 0x04, 0xAA, 0xFE, 0x4C, 0x6B, 0xFE, 0x50, 0x9A, 0x01, 0x4C, 0x01, 0x4B, 
0xFB, 0xF0, 0x9E, 0x9E, 0x00, 0x01, 0x00, 0x04, 0x00, 0x00, 0x04, 0x58, 0x05, 0xA0, 0x00, 0x16, 
0x00, 0x40, 0x40, 0x36, 0x14, 0x01, 0x02, 0x04, 0x09, 0x10, 0x01, 0x0E, 0x01, 0x2F, 0x00, 0x02, 
0x0A, 0x06, 0x0C, 0x01, 0x0A, 0x01, 0x2C, 0x04, 0x06, 0x0A, 0x06, 0x02, 0x04, 0x16, 0x13, 0x09, 
0x09, 0x16, 0x12, 0x11, 0x10, 0x0C, 0x06, 0x02, 0x00, 0x08, 0x12, 0x04, 0x01, 0x0D, 0x01, 0x14, 
0x01, 0x70, 0x07, 0x09, 0x15, 0x05, 0x01, 0x18, 0x0F, 0x03, 0x2B, 0x2B, 0x3F, 0x2E, 0x2E, 0x2B, 
0x2B, 0x30, 0x01, 0x33, 0x15, 0x21, 0x07, 0x21, 0x15, 0x21, 0x11, 0x23, 0x11, 0x21, 0x35, 0x21, 
0x27, 0x21, 0x35, 0x33, 0x01, 0x33, 0x09, 0x01, 0x33, 0x03, 0x58, 0xD7, 0xFE, 0xE8, 0x48, 0x01, 
0x27, 0xFE, 0x95, 0xB8, 0xFE, 0x97, 0x01, 0x29, 0x4B, 0xFE, 0xED, 0xCF, 0xFF, 0x00, 0xC7, 0x01, 
0x66, 0x01, 0x62, 0xC5, 0x03, 0xA2, 0x7B, 0x94, 0x81, 0xFD, 0xEE, 0x02, 0x12, 0x81, 0x94, 0x7B, 
0x01, 0xFE, 0xFD, 0x37, 0x02, 0xC9, 0x00, 0x01, 0x00, 0x83, 0xFE, 0x87, 0x03, 0xE7, 0x04, 0x31, 
0x00, 0x17, 0x00, 0x2D, 0x40, 0x23, 0x16, 0x12, 0x11, 0x03, 0x09, 0x2A, 0x14, 0x09, 0x01, 0x07, 
0x01, 0x04, 0x00, 0x0F, 0x0A, 0x02, 0x0A, 0x11, 0x01, 0x6F, 0x10, 0x0D, 0x02, 0x05, 0x16, 0x01, 
0x6F, 0x02, 0x01, 0x08, 0x06, 0x02, 0x19, 0x0F, 0x03, 0x2B, 0x31, 0x00, 0x3F, 0x3F, 0x2E, 0x2B, 
0x30, 0x13, 0x11, 0x33, 0x11, 0x14, 0x17, 0x16, 0x17, 0x16, 0x33, 0x32, 0x37, 0x36, 0x35, 0x11, 
0x33, 0x11, 0x23, 0x35, 0x06, 0x23, 0x22, 0x27, 0x11, 0x83, 0xBA, 0x0B, 0x08, 0x1D, 0x4D, 0x7B, 
0x89, 0x38, 0x37, 0xBA, 0xBA, 0x5A, 0x9E, 0x9D, 0x5B, 0xFE, 0x87, 0x05, 0xAA, 0xFD, 0xAA, 0x60, 
0x2D, 0x2F, 0x31, 0x71, 0x6A, 0x6B, 0x93, 0x02, 0x4C, 0xFB, 0xD3, 0x71, 0x8C, 0x88, 0xFE, 0x16, 
0x00, 0x02, 0x00, 0x48, 0xFF, 0xE5, 0x04, 0x14, 0x05, 0xBE, 0x00, 0x1A, 0x00, 0x2B, 0x00, 0x3D, 
0x40, 0x34, 0x14, 0x01, 0x15, 0x0C, 0x09, 0x12, 0x01, 0x15, 0x29, 0x19, 0x0C, 0x02, 0x08, 0x0E, 
0x01, 0x27, 0x21, 0x0C, 0x0A, 0x01, 0x08, 0x1E, 0x23, 0x04, 0x09, 0x00, 0x07, 0x03, 0x04, 0x14, 
0x01, 0x0E, 0x1B, 0x09, 0x22, 0x01, 0x63, 0x00, 0x0E, 0x01, 0x05, 0x15, 0x01, 0x6B, 0x1B, 0x08, 
0x01, 0x06, 0x02, 0x2D, 0x0F, 0x03, 0x2B, 0x2B, 0x31, 0x00, 0x2B, 0x2B, 0x30, 0x01, 0x10, 0x07, 
0x06, 0x23, 0x22, 0x27, 0x26, 0x11, 0x10, 0x37, 0x36, 0x33, 0x32, 0x17, 0x34, 0x27, 0x26, 0x23, 
0x22, 0x07, 0x27, 0x36, 0x37, 0x36, 0x33, 0x20, 0x01, 0x14, 0x16, 0x33, 0x32, 0x37, 0x36, 0x35, 
0x34, 0x26, 0x27, 0x26, 0x23, 0x22, 0x07, 0x06, 0x06, 0x04, 0x14, 0x81, 0x83, 0xE3, 0xE1, 0x81, 
0x83, 0x83, 0x81, 0xE1, 0xAA, 0x66, 0x4D, 0x4E, 0x75, 0x95, 0x5F, 0x5A, 0x2D, 0x5E, 0x5D, 0x54, 
0x01, 0xF9, 0xFC, 0xF8, 0x9C, 0x85, 0x8B, 0x4C, 0x4C, 0x46, 0x41, 0x44, 0x58, 0x5A, 0x40, 0x41, 
0x46, 0x02, 0x17, 0xFE, 0xF7, 0x93, 0x96, 0x98, 0x95, 0x01, 0x05, 0x01, 0x08, 0x97, 0x96, 0x7F, 
0x9B, 0x61, 0x5E, 0x79, 0x79, 0x3F, 0x2D, 0x2B, 0xFC, 0x59, 0xBB, 0xD1, 0x6B, 0x68, 0xC1, 0x79, 
0xB0, 0x2D, 0x2D, 0x2D, 0x2F, 0xB5, 0x00, 0x01, 0x00, 0x1B, 0xFF, 0xE5, 0x03, 0x54, 0x05, 0xBA, 
0x00, 0x18, 0x00, 0x1F, 0x40, 0x17, 0x07, 0x1E, 0x13, 0x09, 0x00, 0x07, 0x01, 0x04, 0x01, 0x0D, 
0x0C, 0x00, 0x01, 0x12, 0x67, 0x0E, 0x0B, 0x00, 0x05, 0x01, 0x1A, 0x0F, 0x03, 0x2B, 0x2B, 0x3F, 
0x2E, 0x2B, 0x30, 0x13, 0x33, 0x14, 0x17, 0x16, 0x17, 0x16, 0x33, 0x32, 0x37, 0x36, 0x35, 0x11, 
0x33, 0x11, 0x14, 0x07, 0x0E, 0x01, 0x23, 0x22, 0x27, 0x2E, 0x01, 0x35, 0x1B, 0xCA, 0x0D, 0x0C, 
0x2D, 0x2D, 0x5C, 0x73, 0x31, 0x2F, 0xCD, 0x4C, 0x37, 0xB4, 0x69, 0xE5, 0x69, 0x2B, 0x20, 0x01, 
0xE9, 0x66, 0x41, 0x44, 0x2F, 0x31, 0x47, 0x46, 0xA4, 0x03, 0xEB, 0xFC, 0x15, 0xE8, 0x64, 0x4C, 
0x52, 0x98, 0x39, 0x90, 0x91, 0x00, 0x00, 0x01, 0x00, 0x52, 0xFF, 0xE5, 0x05, 0x60, 0x05, 0xD7, 
0x00, 0x29, 0x00, 0x2D, 0x40, 0x27, 0x22, 0x1F, 0x19, 0x0C, 0x00, 0x08, 0x1E, 0x01, 0x09, 0x01, 
0x1F, 0x27, 0x29, 0x14, 0x06, 0x04, 0x1E, 0x0D, 0x09, 0x00, 0x07, 0x03, 0x04, 0x29, 0x1D, 0x09, 
0x03, 0x12, 0x27, 0x01, 0x61, 0x00, 0x13, 0x10, 0x05, 0x01, 0x2B, 0x0F, 0x03, 0x2B, 0x2B, 0x2B, 
0x30, 0x01, 0x14, 0x17, 0x16, 0x33, 0x32, 0x37, 0x36, 0x37, 0x33, 0x06, 0x07, 0x06, 0x23, 0x22, 
0x27, 0x26, 0x27, 0x26, 0x35, 0x34, 0x37, 0x36, 0x37, 0x36, 0x33, 0x32, 0x04, 0x16, 0x17, 0x23, 
0x26, 0x27, 0x26, 0x23, 0x22, 0x06, 0x07, 0x06, 0x15, 0x21, 0x15, 0x01, 0x2D, 0x7D, 0x7B, 0xC9, 
0xAC, 0x6E, 0x6F, 0x1C, 0xCD, 0x1E, 0xA6, 0xA8, 0xFE, 0xCF, 0x98, 0x97, 0x52, 0x54, 0x4E, 0x4E, 
0x99, 0x9A, 0xDD, 0xAA, 0x01, 0x0A, 0xA0, 0x0E, 0xCD, 0x26, 0x67, 0x66, 0xA0, 0x81, 0xCD, 0x3B, 
0x3E, 0x02, 0x1F, 0x02, 0xA6, 0xEC, 0x8D, 0x8F, 0x64, 0x62, 0xBB, 0xF8, 0xA0, 0xA2, 0x5A, 0x59, 
0xAA, 0xAA, 0xE3, 0xD9, 0xB0, 0xAE, 0x69, 0x68, 0x77, 0xDD, 0x91, 0x93, 0x4E, 0x4C, 0x6D, 0x66, 
0x67, 0x87, 0xB8, 0x00, 0x00, 0x01, 0x00, 0x50, 0xFF, 0xDD, 0x03, 0xFA, 0x04, 0x50, 0x00, 0x20, 
0x00, 0x35, 0x40, 0x2D, 0x08, 0x01, 0x20, 0x03, 0x09, 0x1C, 0x20, 0x13, 0x0A, 0x00, 0x08, 0x18, 
0x01, 0x06, 0x01, 0x23, 0x1E, 0x20, 0x14, 0x06, 0x03, 0x21, 0x0A, 0x09, 0x00, 0x07, 0x03, 0x04, 
0x17, 0x01, 0x20, 0x1E, 0x18, 0x05, 0x00, 0x05, 0x4D, 0x06, 0x0E, 0x09, 0x05, 0x01, 0x22, 0x0F, 
0x03, 0x2B, 0x31, 0x00, 0x2B, 0x2B, 0x30, 0x01, 0x1E, 0x01, 0x33, 0x32, 0x37, 0x33, 0x06, 0x07, 
0x06, 0x23, 0x22, 0x27, 0x26, 0x11, 0x34, 0x12, 0x37, 0x36, 0x33, 0x32, 0x17, 0x16, 0x17, 0x23, 
0x26, 0x27, 0x26, 0x23, 0x22, 0x03, 0x21, 0x15, 0x01, 0x1B, 0x0C, 0x97, 0x7F, 0xC1, 0x3F, 0xBD, 
0x11, 0x43, 0x89, 0xD9, 0xF0, 0x81, 0x83, 0x6E, 0x6D, 0x6B, 0x97, 0xBC, 0x7F, 0x7D, 0x15, 0xBD, 
0x18, 0x4A, 0x4A, 0x64, 0xE3, 0x2B, 0x01, 0x52, 0x01, 0xDF, 0xA8, 0xB0, 0xFA, 0x98, 0x5E, 0xAE, 
0x94, 0x91, 0x01, 0x06, 0xB6, 0x01, 0x07, 0x45, 0x46, 0x6D, 0x6E, 0xB9, 0x6B, 0x3D, 0x3E, 0xFE, 
0xE3, 0xA6, 0x00, 0x03, 0x00, 0x3F, 0x00, 0x00, 0x02, 0x81, 0x06, 0xF2, 0x00, 0x03, 0x00, 0x07, 
0x00, 0x0B, 0x00, 0x2A, 0x40, 0x22, 0x05, 0x01, 0x09, 0x01, 0x07, 0x01, 0x19, 0x01, 0x03, 0x0E, 
0x06, 0x01, 0x04, 0x0B, 0x09, 0x5F, 0x02, 0x00, 0x00, 0x05, 0x68, 0x0A, 0x08, 0x00, 0x06, 0x5F, 
0x06, 0x04, 0x00, 0x06, 0x03, 0x0D, 0x0F, 0x03, 0x2B, 0x31, 0x00, 0x3F, 0x2B, 0x30, 0x01, 0x33, 
0x15, 0x23, 0x25, 0x33, 0x15, 0x23, 0x17, 0x33, 0x11, 0x23, 0x01, 0xA2, 0xDF, 0xDF, 0xFE, 0x9D, 
0xE0, 0xE0, 0xB7, 0xCB, 0xCB, 0x06, 0xF2, 0xE2, 0xE2, 0xE2, 0x56, 0xFA, 0x46, 0x00, 0x00, 0x03, 
0x00, 0x44, 0x00, 0x00, 0x02, 0x39, 0x05, 0xBA, 0x00, 0x03, 0x00, 0x07, 0x00, 0x0B, 0x00, 0x2B, 
0x40, 0x23, 0x05, 0x01, 0x09, 0x01, 0x07, 0x01, 0x03, 0x1A, 0x01, 0x0C, 0x0E, 0x08, 0x01, 0x04, 
0x0B, 0x09, 0x70, 0x02, 0x00, 0x00, 0x05, 0x6E, 0x0A, 0x08, 0x00, 0x06, 0x70, 0x06, 0x04, 0x00, 
0x06, 0x03, 0x0D, 0x0F, 0x03, 0x2B, 0x31, 0x00, 0x3F, 0x2B, 0x30, 0x01, 0x33, 0x15, 0x23, 0x25, 
0x33, 0x15, 0x23, 0x17, 0x33, 0x11, 0x23, 0x01, 0x81, 0xB8, 0xB8, 0xFE, 0xC3, 0xB8, 0xB8, 0x9D, 
0xBB, 0xBB, 0x05, 0xBA, 0xD3, 0xD3, 0xD3, 0xB6, 0xFB, 0xCF, 0x00, 0x02, 0x00, 0xB0, 0xFE, 0x48, 
0x01, 0x48, 0x05, 0xBA, 0x00, 0x03, 0x00, 0x07, 0x00, 0x1D, 0x40, 0x13, 0x07, 0x03, 0x05, 0x07, 
0x01, 0x0C, 0x04, 0x01, 0x06, 0x01, 0x78, 0x02, 0x00, 0x0A, 0x05, 0x01, 0x09, 0x0F, 0x03, 0x2B, 
0x31, 0x00, 0x3F, 0x3F, 0x2E, 0x2E, 0x30, 0x13, 0x33, 0x11, 0x07, 0x13, 0x23, 0x11, 0x37, 0xB0, 
0x98, 0x98, 0x98, 0x98, 0x98, 0x05, 0xBA, 0xFC, 0xBB, 0x48, 0xFC, 0x1B, 0x03, 0x47, 0x48, 0x00, 
0x00, 0x02, 0xFF, 0xD7, 0xFE, 0x48, 0x01, 0x3D, 0x05, 0xBA, 0x00, 0x0E, 0x00, 0x12, 0x00, 0x28, 
0x40, 0x1D, 0x12, 0x1A, 0x10, 0x0C, 0x00, 0x08, 0x01, 0x04, 0x02, 0x00, 0x0B, 0x07, 0x08, 0x0A, 
0x11, 0x01, 0x00, 0x01, 0x0F, 0x01, 0x6F, 0x09, 0x06, 0x0E, 0x05, 0x01, 0x14, 0x0F, 0x03, 0x2B, 
0x31, 0x00, 0x3F, 0x3F, 0x2E, 0x2E, 0x2B, 0x30, 0x03, 0x16, 0x33, 0x32, 0x37, 0x36, 0x35, 0x11, 
0x33, 0x11, 0x10, 0x23, 0x2E, 0x01, 0x23, 0x13, 0x33, 0x15, 0x23, 0x29, 0x25, 0x27, 0x3B, 0x13, 
0x12, 0xBA, 0xF9, 0x19, 0x3B, 0x19, 0xAC, 0xBA, 0xBA, 0xFE, 0xFC, 0x0A, 0x20, 0x21, 0x6B, 0x04, 
0x93, 0xFB, 0x52, 0xFE, 0xC5, 0x02, 0x04, 0x07, 0x6C, 0xD3, 0x00, 0x01, 0x00, 0x56, 0xFF, 0xE5, 
0x04, 0xE7, 0x05, 0xD7, 0x00, 0x39, 0x00, 0x40, 0x40, 0x36, 0x2C, 0x1F, 0x0F, 0x05, 0x01, 0x05, 
0x24, 0x07, 0x09, 0x24, 0x1F, 0x1A, 0x0C, 0x00, 0x08, 0x07, 0x1E, 0x35, 0x09, 0x00, 0x07, 0x02, 
0x04, 0x18, 0x0C, 0x2C, 0x1F, 0x18, 0x0F, 0x05, 0x05, 0x0D, 0x28, 0x09, 0x1E, 0x01, 0x63, 0x2F, 
0x0D, 0x01, 0x05, 0x00, 0x01, 0x01, 0x01, 0x64, 0x28, 0x12, 0x05, 0x06, 0x02, 0x3B, 0x0F, 0x03, 
0x2B, 0x2B, 0x31, 0x00, 0x3F, 0x2B, 0x2B, 0x30, 0x13, 0x33, 0x16, 0x17, 0x16, 0x17, 0x16, 0x33, 
0x32, 0x37, 0x36, 0x37, 0x36, 0x35, 0x34, 0x27, 0x25, 0x24, 0x35, 0x34, 0x37, 0x36, 0x37, 0x36, 
0x37, 0x36, 0x33, 0x20, 0x17, 0x16, 0x17, 0x23, 0x26, 0x27, 0x2E, 0x01, 0x23, 0x22, 0x07, 0x06, 
0x15, 0x14, 0x17, 0x16, 0x17, 0x05, 0x04, 0x15, 0x14, 0x07, 0x06, 0x07, 0x06, 0x23, 0x20, 0x27, 
0x26, 0x35, 0x56, 0xD7, 0x04, 0x13, 0x10, 0x44, 0x6C, 0xAA, 0x6D, 0x4F, 0x50, 0x2B, 0x2B, 0xB2, 
0xFE, 0x44, 0xFE, 0xED, 0x2D, 0x2D, 0x4E, 0x4C, 0x5C, 0x5C, 0x61, 0x01, 0x47, 0x8C, 0x3B, 0x08, 
0xD7, 0x04, 0x1D, 0x22, 0xA0, 0x60, 0x8A, 0x56, 0x56, 0x21, 0x21, 0x58, 0x01, 0xD5, 0x01, 0x16, 
0x33, 0x33, 0x5E, 0x85, 0xF8, 0xFE, 0xE1, 0x97, 0x9A, 0x01, 0xE9, 0x70, 0x35, 0x36, 0x2D, 0x43, 
0x1C, 0x1D, 0x35, 0x33, 0x46, 0x73, 0x3D, 0xA6, 0x64, 0xF0, 0x6B, 0x52, 0x4F, 0x36, 0x35, 0x18, 
0x19, 0xC7, 0x54, 0xBE, 0x75, 0x33, 0x33, 0x46, 0x40, 0x3F, 0x5E, 0x42, 0x23, 0x25, 0x20, 0xAF, 
0x66, 0xE7, 0x6B, 0x58, 0x5A, 0x40, 0x5A, 0x79, 0x79, 0xE1, 0x00, 0x01, 0x00, 0x66, 0x00, 0x00, 
0x04, 0x35, 0x02, 0x6A, 0x00, 0x05, 0x00, 0x1C, 0x40, 0x15, 0x29, 0x02, 0x05, 0x00, 0x06, 0x01, 
0x04, 0x04, 0x09, 0x01, 0x01, 0x12, 0x76, 0x03, 0x04, 0x00, 0x05, 0x01, 0x07, 0x0F, 0x03, 0x2B, 
0x2B, 0x3F, 0x2B, 0x30, 0x13, 0x35, 0x21, 0x11, 0x23, 0x11, 0x66, 0x03, 0xCF, 0x9D, 0x01, 0xD3, 
0x97, 0xFD, 0x96, 0x01, 0xD3, 0x00, 0x00, 0x01, 0x00, 0x3F, 0x00, 0x00, 0x04, 0xC1, 0x05, 0xBE, 
0x00, 0x08, 0x00, 0x1E, 0x40, 0x14, 0x07, 0x06, 0x01, 0x03, 0x13, 0x05, 0x09, 0x03, 0x0C, 0x00, 
0x0A, 0x41, 0x03, 0x08, 0x00, 0x05, 0x01, 0x0A, 0x0F, 0x03, 0x2B, 0x31, 0x00, 0x3F, 0x3F, 0x3F, 
0x2A, 0x30, 0x09, 0x02, 0x33, 0x01, 0x23, 0x01, 0x07, 0x27, 0x01, 0x8F, 0x01, 0x17, 0x01, 0x75, 
0xA6, 0xFE, 0x3D, 0xBA, 0xFE, 0xD3, 0xA6, 0x32, 0x04, 0x31, 0xFC, 0xB0, 0x04, 0xDD, 0xFA, 0x42, 
0x03, 0x5C, 0x3D, 0x97, 0x00, 0x01, 0x00, 0x2D, 0xFE, 0x62, 0x04, 0x19, 0x05, 0xD5, 0x00, 0x24, 
0x00, 0x2F, 0x40, 0x26, 0x24, 0x01, 0x01, 0x01, 0x2D, 0x15, 0x13, 0x0A, 0x06, 0x01, 0x04, 0x1B, 
0x0C, 0x09, 0x07, 0x24, 0x1F, 0x1E, 0x16, 0x15, 0x14, 0x13, 0x12, 0x0E, 0x0C, 0x02, 0x01, 0x00, 
0x0D, 0x47, 0x1D, 0x0B, 0x01, 0x05, 0x01, 0x26, 0x0F, 0x03, 0x2B, 0x31, 0x00, 0x3F, 0x3F, 0x2B, 
0x30, 0x01, 0x07, 0x23, 0x03, 0x06, 0x07, 0x06, 0x07, 0x06, 0x23, 0x22, 0x27, 0x37, 0x32, 0x37, 
0x36, 0x37, 0x36, 0x37, 0x13, 0x23, 0x37, 0x33, 0x37, 0x36, 0x37, 0x36, 0x33, 0x32, 0x17, 0x07, 
0x23, 0x06, 0x07, 0x06, 0x07, 0x07, 0x03, 0x93, 0x16, 0xD7, 0x87, 0x19, 0x23, 0x22, 0x4A, 0x4C, 
0x85, 0x19, 0x60, 0x1B, 0x70, 0x36, 0x33, 0x1A, 0x19, 0x12, 0x90, 0xBD, 0x1B, 0xBC, 0x25, 0x23, 
0x54, 0x52, 0xA4, 0x39, 0x3E, 0x1F, 0x17, 0x8D, 0x2B, 0x2D, 0x19, 0x29, 0x03, 0x93, 0x7F, 0xFC, 
0xFA, 0x8B, 0x58, 0x5A, 0x37, 0x38, 0x06, 0xA2, 0x15, 0x12, 0x33, 0x34, 0x6C, 0x03, 0x10, 0x7F, 
0xE6, 0xBE, 0x50, 0x4E, 0x08, 0x9E, 0x0A, 0x1F, 0x21, 0x76, 0xDC, 0x00, 0x00, 0x02, 0x00, 0x66, 
0x01, 0x8F, 0x04, 0x31, 0x03, 0xEE, 0x00, 0x18, 0x00, 0x34, 0x00, 0x3E, 0x40, 0x37, 0x28, 0x22, 
0x1E, 0x1A, 0x04, 0x28, 0x1C, 0x33, 0x01, 0x06, 0x31, 0x2D, 0x29, 0x19, 0x05, 0x05, 0x28, 0x24, 
0x2B, 0x01, 0x06, 0x0D, 0x09, 0x01, 0x03, 0x27, 0x03, 0x17, 0x01, 0x06, 0x15, 0x12, 0x0E, 0x00, 
0x04, 0x29, 0x0B, 0x10, 0x01, 0x06, 0x04, 0x04, 0x29, 0x01, 0x1A, 0x01, 0x4C, 0x0E, 0x01, 0x0A, 
0x05, 0x01, 0x36, 0x0F, 0x03, 0x2B, 0x31, 0x00, 0x2B, 0x30, 0x13, 0x35, 0x36, 0x33, 0x32, 0x17, 
0x16, 0x17, 0x16, 0x17, 0x16, 0x33, 0x32, 0x37, 0x15, 0x06, 0x23, 0x22, 0x27, 0x2E, 0x01, 0x27, 
0x26, 0x23, 0x22, 0x27, 0x35, 0x36, 0x33, 0x32, 0x17, 0x16, 0x17, 0x16, 0x17, 0x16, 0x33, 0x32, 
0x37, 0x36, 0x37, 0x15, 0x06, 0x23, 0x22, 0x27, 0x26, 0x27, 0x26, 0x27, 0x26, 0x23, 0x22, 0x66, 
0x5F, 0x91, 0x5E, 0x38, 0x35, 0x3B, 0x3A, 0x2F, 0x2D, 0x56, 0xB2, 0x37, 0x2F, 0xB6, 0x52, 0x27, 
0x29, 0x89, 0x35, 0x38, 0x5A, 0x97, 0x5D, 0x5D, 0x93, 0x5E, 0x38, 0x35, 0x3B, 0x3A, 0x2F, 0x2D, 
0x56, 0x58, 0x3D, 0x3E, 0x16, 0x33, 0xB2, 0x56, 0x2D, 0x2F, 0x3A, 0x3B, 0x35, 0x38, 0x5E, 0x91, 
0x01, 0xE3, 0x96, 0x54, 0x15, 0x16, 0x29, 0x2B, 0x13, 0x14, 0x52, 0x96, 0x54, 0x11, 0x0E, 0x5A, 
0x15, 0x14, 0xD3, 0x98, 0x52, 0x15, 0x16, 0x29, 0x2B, 0x13, 0x14, 0x18, 0x19, 0x23, 0x98, 0x56, 
0x15, 0x12, 0x2B, 0x29, 0x16, 0x15, 0x00, 0x02, 0x00, 0x62, 0x00, 0x00, 0x04, 0xDB, 0x05, 0xBA, 
0x00, 0x05, 0x00, 0x08, 0x00, 0x21, 0x40, 0x18, 0x08, 0x23, 0x00, 0x09, 0x00, 0x07, 0x01, 0x04, 
0x06, 0x03, 0x0C, 0x08, 0x07, 0x06, 0x03, 0x42, 0x04, 0x01, 0x01, 0x05, 0x01, 0x0A, 0x0F, 0x03, 
0x2B, 0x31, 0x00, 0x3F, 0x2E, 0x2B, 0x30, 0x21, 0x27, 0x01, 0x33, 0x01, 0x07, 0x09, 0x01, 0x21, 
0x01, 0x23, 0xC1, 0x01, 0xE6, 0xD7, 0x01, 0xBC, 0x83, 0xFE, 0x52, 0xFE, 0x8B, 0x02, 0xEE, 0xCB, 
0x04, 0xEF, 0xFB, 0x15, 0xCF, 0x04, 0xDB, 0xFB, 0xCB, 0x00, 0x00, 0x02, 0x00, 0xC1, 0x00, 0x83, 
0x03, 0x8F, 0x03, 0xC5, 0x00, 0x06, 0x00, 0x0D, 0x00, 0x1E, 0x40, 0x17, 0x0A, 0x07, 0x03, 0x00, 
0x04, 0x13, 0x00, 0x01, 0x0C, 0x0B, 0x07, 0x05, 0x02, 0x05, 0x51, 0x04, 0x09, 0x09, 0x05, 0x01, 
0x0F, 0x0F, 0x03, 0x2B, 0x31, 0x00, 0x2A, 0x30, 0x25, 0x01, 0x35, 0x01, 0x15, 0x07, 0x17, 0x05, 
0x01, 0x35, 0x01, 0x15, 0x07, 0x17, 0x03, 0x8F, 0xFE, 0xBD, 0x01, 0x43, 0xB8, 0xB8, 0xFE, 0x79, 
0xFE, 0xB9, 0x01, 0x47, 0xBC, 0xBC, 0x83, 0x01, 0x48, 0xBA, 0x01, 0x40, 0xE2, 0xBA, 0xB4, 0xF2, 
0x01, 0x48, 0xBA, 0x01, 0x40, 0xE2, 0xBA, 0xB4, 0x00, 0x02, 0x00, 0x87, 0x00, 0x83, 0x03, 0x58, 
0x03, 0xC5, 0x00, 0x06, 0x00, 0x0D, 0x00, 0x1E, 0x40, 0x17, 0x0B, 0x07, 0x04, 0x00, 0x04, 0x13, 
0x01, 0x01, 0x0B, 0x09, 0x08, 0x06, 0x02, 0x05, 0x50, 0x0D, 0x04, 0x03, 0x05, 0x01, 0x0F, 0x0F, 
0x03, 0x2B, 0x31, 0x00, 0x2A, 0x30, 0x37, 0x35, 0x37, 0x27, 0x35, 0x01, 0x15, 0x13, 0x35, 0x37, 
0x27, 0x35, 0x01, 0x15, 0x87, 0xB8, 0xB8, 0x01, 0x48, 0x43, 0xBB, 0xBB, 0x01, 0x46, 0x83, 0xF2, 
0xB4, 0xBA, 0xE2, 0xFE, 0xC0, 0xBA, 0xFE, 0xB8, 0xF2, 0xB4, 0xBA, 0xE2, 0xFE, 0xC0, 0xBA, 0x00, 
0x00, 0x03, 0x00, 0xE1, 0x00, 0x00, 0x06, 0xF6, 0x00, 0xE5, 0x00, 0x03, 0x00, 0x07, 0x00, 0x0B, 
0x00, 0x28, 0x40, 0x21, 0x09, 0x05, 0x02, 0x0B, 0x07, 0x02, 0x01, 0x18, 0x03, 0x09, 0x0A, 0x07, 
0x01, 0x04, 0x62, 0x0A, 0x08, 0x00, 0x05, 0x61, 0x06, 0x04, 0x00, 0x06, 0x61, 0x02, 0x00, 0x00, 
0x06, 0x03, 0x0D, 0x0F, 0x03, 0x2B, 0x31, 0x00, 0x2B, 0x30, 0x37, 0x33, 0x15, 0x23, 0x25, 0x33, 
0x15, 0x23, 0x25, 0x33, 0x15, 0x23, 0xE1, 0xDB, 0xDB, 0x02, 0xA0, 0xDB, 0xDB, 0x02, 0x9C, 0xD9, 
0xD9, 0xE5, 0xE5, 0xE5, 0xE5, 0xE5, 0xE5, 0x00, 0x00, 0x01, 0x00, 0x83, 0x00, 0x00, 0x01, 0x3D, 
0x04, 0x31, 0x00, 0x03, 0x00, 0x15, 0x40, 0x0D, 0x03, 0x09, 0x01, 0x0A, 0x6F, 0x02, 0x00, 0x00, 
0x05, 0x01, 0x05, 0x0F, 0x03, 0x2B, 0x31, 0x00, 0x3F, 0x3F, 0x30, 0x13, 0x33, 0x11, 0x23, 0x83, 
0xBA, 0xBA, 0x04, 0x31, 0xFB, 0xCF, 0x00, 0x01, 0x00, 0x8B, 0x00, 0x83, 0x01, 0xD3, 0x03, 0xC5, 
0x00, 0x06, 0x00, 0x17, 0x40, 0x0F, 0x03, 0x00, 0x04, 0x01, 0x05, 0x01, 0x5B, 0x00, 0x02, 0x09, 
0x05, 0x01, 0x08, 0x0F, 0x03, 0x2B, 0x31, 0x00, 0x2E, 0x2E, 0x30, 0x25, 0x01, 0x35, 0x01, 0x15, 
0x07, 0x17, 0x01, 0xD3, 0xFE, 0xB8, 0x01, 0x48, 0xBC, 0xBC, 0x83, 0x01, 0x48, 0xBA, 0x01, 0x40, 
0xE2, 0xBA, 0xB4, 0x00, 0x00, 0x01, 0x00, 0x79, 0x00, 0x83, 0x01, 0xBC, 0x03, 0xC5, 0x00, 0x06, 
0x00, 0x17, 0x40, 0x0F, 0x04, 0x00, 0x01, 0x01, 0x02, 0x01, 0x5C, 0x06, 0x04, 0x03, 0x05, 0x01, 
0x08, 0x0F, 0x03, 0x2B, 0x31, 0x00, 0x2E, 0x2E, 0x30, 0x37, 0x35, 0x37, 0x27, 0x35, 0x01, 0x15, 
0x79, 0xBC, 0xBC, 0x01, 0x43, 0x83, 0xF2, 0xB4, 0xBA, 0xE2, 0xFE, 0xC0, 0xBA, 0x00, 0x00, 0x02, 
0x00, 0xB0, 0x00, 0x00, 0x05, 0x3D, 0x07, 0x54, 0x00, 0x0B, 0x00, 0x0F, 0x00, 0x2F, 0x40, 0x23, 
0x15, 0x0D, 0x0F, 0x00, 0x06, 0x01, 0x04, 0x08, 0x02, 0x0B, 0x09, 0x07, 0x09, 0x04, 0x0C, 0x01, 
0x0C, 0x0F, 0x0D, 0x06, 0x05, 0x04, 0x05, 0x12, 0x09, 0x01, 0x67, 0x01, 0x00, 0x08, 0x05, 0x01, 
0x11, 0x0F, 0x03, 0x2B, 0x2B, 0x3F, 0x3F, 0x3F, 0x3F, 0x2E, 0x2E, 0x2B, 0x30, 0x13, 0x33, 0x11, 
0x01, 0x21, 0x09, 0x01, 0x23, 0x01, 0x07, 0x11, 0x23, 0x01, 0x33, 0x03, 0x23, 0xB0, 0xCD, 0x02, 
0xB2, 0x01, 0x0E, 0xFD, 0xB1, 0x02, 0x4B, 0xF1, 0xFE, 0x1A, 0xE5, 0xCD, 0x02, 0x33, 0xEE, 0xDF, 
0x94, 0x05, 0xBA, 0xFD, 0x34, 0x02, 0xCC, 0xFD, 0xA8, 0xFC, 0x9E, 0x02, 0xDF, 0xE3, 0xFE, 0x04, 
0x07, 0x54, 0xFE, 0xDF, 0x00, 0x02, 0x00, 0x83, 0x00, 0x00, 0x03, 0xEE, 0x05, 0xE3, 0x00, 0x0B, 
0x00, 0x0F, 0x00, 0x31, 0x40, 0x25, 0x0F, 0x14, 0x0D, 0x0C, 0x00, 0x08, 0x01, 0x04, 0x08, 0x02, 
0x0B, 0x09, 0x07, 0x09, 0x04, 0x0A, 0x01, 0x0A, 0x0D, 0x06, 0x05, 0x04, 0x04, 0x12, 0x0F, 0x01, 
0x09, 0x01, 0x6F, 0x01, 0x00, 0x18, 0x05, 0x01, 0x11, 0x0F, 0x03, 0x2B, 0x2B, 0x3F, 0x3F, 0x3F, 
0x3F, 0x2E, 0x2E, 0x2B, 0x30, 0x13, 0x33, 0x11, 0x01, 0x33, 0x09, 0x01, 0x23, 0x01, 0x07, 0x11, 
0x23, 0x01, 0x33, 0x03, 0x23, 0x83, 0xBA, 0x01, 0xB5, 0xF1, 0xFE, 0x69, 0x01, 0xA2, 0xE2, 0xFE, 
0xC3, 0x92, 0xBA, 0x01, 0x9C, 0xED, 0xE3, 0x91, 0x04, 0x31, 0xFE, 0x50, 0x01, 0xB0, 0xFE, 0x71, 
0xFD, 0x5E, 0x02, 0x23, 0x87, 0xFE, 0x64, 0x05, 0xE3, 0xFE, 0xD9, 0x00, 0x00, 0x01, 0x00, 0x48, 
0xFF, 0xE5, 0x03, 0xA2, 0x04, 0x4C, 0x00, 0x31, 0x00, 0x32, 0x40, 0x2A, 0x01, 0x01, 0x1E, 0x2A, 
0x09, 0x1C, 0x01, 0x17, 0x01, 0x1E, 0x21, 0x15, 0x0A, 0x05, 0x08, 0x05, 0x01, 0x2A, 0x23, 0x2E, 
0x09, 0x08, 0x07, 0x02, 0x04, 0x22, 0x1C, 0x1B, 0x17, 0x11, 0x08, 0x01, 0x07, 0x4E, 0x28, 0x00, 
0x01, 0x05, 0x01, 0x33, 0x0F, 0x03, 0x2B, 0x31, 0x00, 0x2B, 0x2B, 0x30, 0x13, 0x33, 0x16, 0x17, 
0x16, 0x33, 0x32, 0x36, 0x35, 0x34, 0x27, 0x26, 0x27, 0x25, 0x26, 0x27, 0x26, 0x35, 0x34, 0x37, 
0x36, 0x33, 0x32, 0x17, 0x16, 0x17, 0x16, 0x15, 0x23, 0x26, 0x23, 0x22, 0x07, 0x06, 0x15, 0x14, 
0x17, 0x05, 0x1E, 0x01, 0x15, 0x14, 0x07, 0x06, 0x07, 0x06, 0x23, 0x22, 0x27, 0x26, 0x48, 0xC0, 
0x04, 0x3C, 0x39, 0x79, 0x66, 0x7F, 0x14, 0x15, 0x3D, 0xFE, 0xB0, 0x66, 0x2B, 0x2B, 0x6E, 0x6D, 
0xB2, 0x6E, 0x5B, 0x5A, 0x35, 0x33, 0xB8, 0x06, 0xD5, 0x5A, 0x38, 0x37, 0x5C, 0x01, 0x3C, 0x7E, 
0x63, 0x33, 0x36, 0x60, 0x62, 0x81, 0xCD, 0x71, 0x70, 0x01, 0x5E, 0x6E, 0x32, 0x33, 0x56, 0x46, 
0x25, 0x14, 0x15, 0x1A, 0x90, 0x2F, 0x39, 0x3A, 0x53, 0x8A, 0x58, 0x56, 0x25, 0x27, 0x4E, 0x50, 
0x6C, 0xAC, 0x23, 0x23, 0x39, 0x3A, 0x24, 0x7D, 0x36, 0x72, 0x63, 0x66, 0x4C, 0x4E, 0x2B, 0x2D, 
0x63, 0x62, 0x00, 0x01, 0x00, 0x04, 0x01, 0xCF, 0x04, 0x5C, 0x02, 0x71, 0x00, 0x03, 0x00, 0x17, 
0x40, 0x10, 0x24, 0x01, 0x03, 0x00, 0x06, 0x01, 0x04, 0x45, 0x02, 0x00, 0x00, 0x05, 0x01, 0x05, 
0x0F, 0x03, 0x2B, 0x31, 0x00, 0x2B, 0x30, 0x13, 0x21, 0x15, 0x21, 0x04, 0x04, 0x58, 0xFB, 0xA8, 
0x02, 0x71, 0xA2, 0x00, 0x00, 0x01, 0x00, 0x00, 0x01, 0xCF, 0x07, 0xD9, 0x02, 0x71, 0x00, 0x03, 
0x00, 0x17, 0x40, 0x10, 0x24, 0x01, 0x03, 0x00, 0x06, 0x01, 0x04, 0x3A, 0x02, 0x00, 0x00, 0x05, 
0x01, 0x05, 0x0F, 0x03, 0x2B, 0x31, 0x00, 0x2B, 0x30, 0x11, 0x21, 0x15, 0x21, 0x07, 0xD9, 0xF8, 
0x27, 0x02, 0x71, 0xA2, 0x00, 0x02, 0x00, 0x3F, 0x03, 0xC9, 0x02, 0x5E, 0x05, 0xD7, 0x00, 0x0B, 
0x00, 0x18, 0x00, 0x2E, 0x40, 0x25, 0x17, 0x01, 0x0D, 0x01, 0x18, 0x0A, 0x01, 0x0A, 0x06, 0x01, 
0x04, 0x12, 0x0C, 0x05, 0x0C, 0x06, 0x01, 0x0A, 0x01, 0x60, 0x00, 0x02, 0x09, 0x05, 0x13, 0x01, 
0x17, 0x01, 0x5F, 0x0C, 0x0E, 0x09, 0x06, 0x02, 0x1A, 0x0F, 0x03, 0x2B, 0x31, 0x00, 0x3F, 0x3F, 
0x2B, 0x30, 0x01, 0x23, 0x35, 0x34, 0x36, 0x37, 0x15, 0x06, 0x07, 0x06, 0x07, 0x33, 0x05, 0x23, 
0x35, 0x34, 0x37, 0x36, 0x37, 0x15, 0x06, 0x07, 0x06, 0x07, 0x33, 0x02, 0x5E, 0xDD, 0x71, 0x6C, 
0x37, 0x15, 0x16, 0x06, 0x68, 0xFE, 0xC1, 0xE0, 0x3C, 0x39, 0x6B, 0x36, 0x16, 0x19, 0x06, 0x6B, 
0x03, 0xC9, 0xCF, 0x85, 0xA4, 0x16, 0x68, 0x15, 0x25, 0x27, 0x60, 0xE5, 0xCF, 0x85, 0x54, 0x52, 
0x14, 0x68, 0x17, 0x27, 0x27, 0x5C, 0x00, 0x02, 0x00, 0x3F, 0x03, 0xA6, 0x02, 0x5E, 0x05, 0xBA, 
0x00, 0x0C, 0x00, 0x17, 0x00, 0x2D, 0x40, 0x24, 0x0E, 0x01, 0x16, 0x01, 0x0B, 0x17, 0x01, 0x0C, 
0x0A, 0x08, 0x01, 0x04, 0x12, 0x06, 0x13, 0x01, 0x16, 0x01, 0x60, 0x0F, 0x0D, 0x03, 0x05, 0x07, 
0x01, 0x0B, 0x01, 0x5F, 0x02, 0x00, 0x03, 0x06, 0x02, 0x19, 0x0F, 0x03, 0x2B, 0x31, 0x00, 0x2E, 
0x2E, 0x2B, 0x30, 0x13, 0x33, 0x15, 0x14, 0x07, 0x06, 0x07, 0x35, 0x36, 0x37, 0x36, 0x37, 0x23, 
0x25, 0x33, 0x15, 0x14, 0x06, 0x07, 0x35, 0x3E, 0x01, 0x37, 0x23, 0x3F, 0xE0, 0x3A, 0x39, 0x6D, 
0x3C, 0x14, 0x15, 0x06, 0x6B, 0x01, 0x42, 0xDD, 0x72, 0x6B, 0x3D, 0x29, 0x02, 0x68, 0x05, 0xBA, 
0xD3, 0x85, 0x52, 0x52, 0x18, 0x6A, 0x19, 0x27, 0x25, 0x5C, 0xE9, 0xD3, 0x85, 0xA4, 0x18, 0x6A, 
0x19, 0x4E, 0x5A, 0x00, 0x00, 0x01, 0x00, 0x71, 0x03, 0xC9, 0x01, 0x4C, 0x05, 0xD7, 0x00, 0x0C, 
0x00, 0x1E, 0x40, 0x16, 0x18, 0x0B, 0x01, 0x00, 0x06, 0x01, 0x04, 0x06, 0x0C, 0x07, 0x01, 0x0B, 
0x01, 0x61, 0x00, 0x02, 0x09, 0x05, 0x01, 0x0E, 0x0F, 0x03, 0x2B, 0x31, 0x00, 0x3F, 0x2B, 0x30, 
0x01, 0x23, 0x35, 0x34, 0x37, 0x36, 0x37, 0x15, 0x06, 0x07, 0x06, 0x07, 0x33, 0x01, 0x4C, 0xDB, 
0x39, 0x37, 0x6B, 0x35, 0x15, 0x16, 0x07, 0x67, 0x03, 0xC9, 0xCF, 0x85, 0x52, 0x52, 0x16, 0x68, 
0x17, 0x27, 0x29, 0x5A, 0x00, 0x01, 0x00, 0x71, 0x03, 0xA6, 0x01, 0x4C, 0x05, 0xBA, 0x00, 0x0A, 
0x00, 0x1E, 0x40, 0x16, 0x09, 0x17, 0x01, 0x0C, 0x00, 0x08, 0x01, 0x04, 0x04, 0x05, 0x01, 0x09, 
0x01, 0x61, 0x02, 0x00, 0x03, 0x05, 0x01, 0x0C, 0x0F, 0x03, 0x2B, 0x31, 0x00, 0x2E, 0x2B, 0x30, 
0x13, 0x33, 0x15, 0x10, 0x07, 0x35, 0x36, 0x37, 0x36, 0x37, 0x23, 0x71, 0xDB, 0xDB, 0x37, 0x16, 
0x15, 0x08, 0x6A, 0x05, 0xBA, 0xD3, 0xFE, 0xEE, 0x2F, 0x6A, 0x19, 0x27, 0x25, 0x5C, 0x00, 0x03, 
0x00, 0x48, 0x01, 0x29, 0x04, 0x14, 0x04, 0x58, 0x00, 0x03, 0x00, 0x07, 0x00, 0x0B, 0x00, 0x29, 
0x40, 0x23, 0x0B, 0x1A, 0x09, 0x0A, 0x00, 0x08, 0x25, 0x02, 0x00, 0x00, 0x06, 0x1A, 0x05, 0x07, 
0x00, 0x06, 0x03, 0x04, 0x03, 0x01, 0x02, 0x12, 0x0A, 0x01, 0x08, 0x01, 0x67, 0x06, 0x04, 0x0A, 
0x05, 0x01, 0x0D, 0x0F, 0x03, 0x2B, 0x2B, 0x2B, 0x30, 0x13, 0x35, 0x21, 0x15, 0x05, 0x33, 0x15, 
0x23, 0x11, 0x33, 0x15, 0x23, 0x48, 0x03, 0xCC, 0xFD, 0xB7, 0xCD, 0xCD, 0xCD, 0xCD, 0x02, 0x71, 
0x9F, 0x9F, 0x75, 0xD3, 0x03, 0x2F, 0xD3, 0x00, 0x00, 0x02, 0x00, 0x3F, 0xFE, 0xD7, 0x02, 0x5E, 
0x00, 0xE9, 0x00, 0x0A, 0x00, 0x14, 0x00, 0x2D, 0x40, 0x24, 0x0C, 0x01, 0x13, 0x01, 0x01, 0x17, 
0x09, 0x09, 0x0A, 0x07, 0x01, 0x04, 0x0F, 0x04, 0x10, 0x01, 0x13, 0x01, 0x60, 0x0D, 0x0B, 0x03, 
0x05, 0x05, 0x01, 0x09, 0x01, 0x5F, 0x02, 0x00, 0x03, 0x06, 0x02, 0x16, 0x0F, 0x03, 0x2B, 0x31, 
0x00, 0x2E, 0x2E, 0x2B, 0x30, 0x37, 0x33, 0x15, 0x10, 0x07, 0x35, 0x36, 0x37, 0x36, 0x37, 0x23, 
0x25, 0x33, 0x15, 0x10, 0x07, 0x35, 0x3E, 0x01, 0x37, 0x23, 0x3F, 0xE0, 0xE0, 0x3C, 0x14, 0x15, 
0x06, 0x6B, 0x01, 0x42, 0xDD, 0xDD, 0x39, 0x2D, 0x02, 0x68, 0xE9, 0xD2, 0xFE, 0xED, 0x2D, 0x68, 
0x17, 0x27, 0x25, 0x5E, 0xE9, 0xD2, 0xFE, 0xED, 0x2D, 0x68, 0x17, 0x4E, 0x5C, 0x00, 0x00, 0x02, 
0x00, 0x39, 0x00, 0x00, 0x05, 0x23, 0x06, 0xDB, 0x00, 0x07, 0x00, 0x1A, 0x00, 0x2A, 0x40, 0x20, 
0x17, 0x12, 0x0D, 0x08, 0x06, 0x05, 0x13, 0x05, 0x0C, 0x02, 0x09, 0x00, 0x0C, 0x17, 0x16, 0x10, 
0x0E, 0x0D, 0x0C, 0x03, 0x02, 0x01, 0x09, 0x40, 0x00, 0x04, 0x01, 0x05, 0x01, 0x1C, 0x0F, 0x03, 
0x2B, 0x31, 0x00, 0x3F, 0x3F, 0x3F, 0x2A, 0x30, 0x09, 0x01, 0x23, 0x09, 0x01, 0x33, 0x01, 0x01, 
0x25, 0x22, 0x27, 0x26, 0x35, 0x33, 0x07, 0x14, 0x17, 0x16, 0x33, 0x32, 0x36, 0x3D, 0x01, 0x33, 
0x14, 0x07, 0x06, 0x05, 0x23, 0xFC, 0xE5, 0xED, 0x01, 0x1E, 0xFE, 0x00, 0xF8, 0x01, 0x7D, 0x01, 
0x83, 0xFE, 0x81, 0x68, 0x50, 0x50, 0xB4, 0x04, 0x1F, 0x1D, 0x20, 0x21, 0x31, 0xB4, 0x4D, 0x50, 
0x05, 0xBA, 0xFA, 0x46, 0x01, 0xEE, 0x03, 0xCC, 0xFC, 0xFC, 0x03, 0x04, 0x48, 0x3D, 0x3E, 0x5E, 
0x06, 0x19, 0x12, 0x12, 0x24, 0x19, 0x06, 0x5E, 0x3E, 0x3D, 0x00, 0x02, 0x00, 0x0E, 0xFE, 0x48, 
0x03, 0xDF, 0x05, 0xB6, 0x00, 0x12, 0x00, 0x23, 0x00, 0x29, 0x40, 0x1F, 0x20, 0x1C, 0x18, 0x13, 
0x0D, 0x0B, 0x01, 0x07, 0x13, 0x08, 0x07, 0x03, 0x0A, 0x00, 0x0A, 0x20, 0x1F, 0x18, 0x17, 0x11, 
0x0B, 0x06, 0x49, 0x03, 0x12, 0x01, 0x05, 0x01, 0x25, 0x0F, 0x03, 0x2B, 0x31, 0x00, 0x3F, 0x3F, 
0x3F, 0x2A, 0x30, 0x13, 0x09, 0x01, 0x33, 0x01, 0x06, 0x07, 0x06, 0x23, 0x22, 0x27, 0x35, 0x16, 
0x33, 0x32, 0x37, 0x36, 0x37, 0x01, 0x25, 0x22, 0x27, 0x26, 0x35, 0x33, 0x14, 0x17, 0x16, 0x33, 
0x32, 0x36, 0x35, 0x33, 0x14, 0x07, 0x06, 0xDF, 0x01, 0x1D, 0x01, 0x1B, 0xC8, 0xFE, 0x52, 0x3D, 
0x3C, 0x3B, 0x71, 0x47, 0x50, 0x43, 0x29, 0x44, 0x23, 0x20, 0x34, 0xFE, 0x72, 0x01, 0xEE, 0x7F, 
0x46, 0x45, 0xA6, 0x18, 0x19, 0x33, 0x35, 0x2D, 0xA2, 0x44, 0x43, 0x04, 0x31, 0xFC, 0xAE, 0x03, 
0x52, 0xFB, 0x56, 0x9B, 0x52, 0x52, 0x12, 0xAE, 0x16, 0x2D, 0x2D, 0xA2, 0x04, 0x43, 0x98, 0x49, 
0x48, 0x5C, 0x1C, 0x23, 0x23, 0x42, 0x20, 0x5E, 0x48, 0x47, 0x00, 0x01, 0x00, 0x48, 0xFE, 0xCF, 
0x04, 0x14, 0x05, 0xBA, 0x00, 0x13, 0x00, 0x35, 0x40, 0x2D, 0x00, 0x01, 0x12, 0x01, 0x06, 0x21, 
0x04, 0x0A, 0x0A, 0x08, 0x10, 0x01, 0x0E, 0x01, 0x23, 0x08, 0x0A, 0x0A, 0x06, 0x02, 0x04, 0x0D, 
0x03, 0x0C, 0x10, 0x0A, 0x06, 0x00, 0x04, 0x12, 0x0B, 0x08, 0x02, 0x12, 0x0D, 0x02, 0x70, 0x03, 
0x01, 0x0A, 0x05, 0x01, 0x15, 0x0F, 0x03, 0x2B, 0x2B, 0x3F, 0x2E, 0x2B, 0x30, 0x13, 0x21, 0x11, 
0x33, 0x11, 0x21, 0x15, 0x21, 0x11, 0x21, 0x15, 0x21, 0x11, 0x23, 0x11, 0x21, 0x35, 0x21, 0x11, 
0x21, 0x48, 0x01, 0x87, 0xB8, 0x01, 0x8D, 0xFE, 0x73, 0x01, 0x8D, 0xFE, 0x73, 0xB8, 0xFE, 0x79, 
0x01, 0x87, 0xFE, 0x79, 0x04, 0x14, 0x01, 0xA6, 0xFE, 0x5A, 0xAA, 0xFD, 0xC3, 0xA6, 0xFE, 0x48, 
0x01, 0xB8, 0xA6, 0x02, 0x3D, 0x00, 0x00, 0x01, 0x00, 0xAA, 0x01, 0xAE, 0x01, 0x85, 0x02, 0x8F, 
0x00, 0x03, 0x00, 0x17, 0x40, 0x10, 0x19, 0x01, 0x03, 0x00, 0x06, 0x01, 0x04, 0x61, 0x02, 0x00, 
0x00, 0x05, 0x01, 0x05, 0x0F, 0x03, 0x2B, 0x31, 0x00, 0x2B, 0x30, 0x13, 0x33, 0x15, 0x23, 0xAA, 
0xDB, 0xDB, 0x02, 0x8F, 0xE1, 0x00, 0x00, 0x04, 0x00, 0xB0, 0x00, 0x00, 0x08, 0x0A, 0x05, 0xD7, 
0x00, 0x09, 0x00, 0x17, 0x00, 0x23, 0x00, 0x27, 0x00, 0x53, 0x40, 0x45, 0x07, 0x01, 0x20, 0x1C, 
0x09, 0x20, 0x2F, 0x0E, 0x0C, 0x00, 0x08, 0x2C, 0x1C, 0x15, 0x00, 0x06, 0x2B, 0x26, 0x24, 0x00, 
0x06, 0x03, 0x04, 0x02, 0x09, 0x09, 0x06, 0x09, 0x04, 0x0C, 0x01, 0x0C, 0x25, 0x01, 0x0A, 0x05, 
0x06, 0x01, 0x02, 0x02, 0x07, 0x02, 0x09, 0x27, 0x01, 0x7D, 0x12, 0x1E, 0x10, 0x05, 0x7B, 0x18, 
0x0A, 0x00, 0x06, 0x67, 0x05, 0x02, 0x00, 0x06, 0x67, 0x07, 0x00, 0x00, 0x06, 0x04, 0x29, 0x0F, 
0x03, 0x2B, 0x2A, 0x31, 0x00, 0x3F, 0x3F, 0x3F, 0x3F, 0x2E, 0x2B, 0x2B, 0x30, 0x13, 0x33, 0x01, 
0x11, 0x33, 0x11, 0x23, 0x01, 0x11, 0x23, 0x01, 0x34, 0x37, 0x36, 0x33, 0x32, 0x17, 0x16, 0x15, 
0x14, 0x06, 0x23, 0x22, 0x26, 0x37, 0x14, 0x17, 0x16, 0x33, 0x32, 0x35, 0x34, 0x23, 0x22, 0x07, 
0x06, 0x03, 0x35, 0x21, 0x15, 0xB0, 0xE8, 0x02, 0x99, 0xCD, 0xE5, 0xFD, 0x64, 0xCD, 0x04, 0xD9, 
0x52, 0x52, 0x8D, 0x8A, 0x4D, 0x4E, 0xA4, 0x89, 0x89, 0xA0, 0x8B, 0x29, 0x29, 0x4C, 0xA6, 0xA2, 
0x4E, 0x29, 0x2B, 0xB2, 0x02, 0xA8, 0x05, 0xBA, 0xFB, 0x7F, 0x04, 0x81, 0xFA, 0x46, 0x04, 0x89, 
0xFB, 0x77, 0x04, 0x7D, 0xA0, 0x5E, 0x5C, 0x5C, 0x5C, 0x9A, 0x99, 0xBB, 0xB4, 0xA4, 0x66, 0x37, 
0x3A, 0xD7, 0xD3, 0x35, 0x37, 0xFD, 0x64, 0x87, 0x87, 0x00, 0x00, 0x03, 0x00, 0xB0, 0x00, 0x00, 
0x04, 0xD7, 0x07, 0x60, 0x00, 0x0B, 0x00, 0x0F, 0x00, 0x13, 0x00, 0x3C, 0x40, 0x36, 0x10, 0x01, 
0x12, 0x01, 0x16, 0x0D, 0x0F, 0x0A, 0x06, 0x02, 0x1F, 0x01, 0x0C, 0x00, 0x08, 0x1F, 0x04, 0x06, 
0x00, 0x06, 0x08, 0x1F, 0x0B, 0x09, 0x00, 0x07, 0x04, 0x04, 0x0A, 0x06, 0x02, 0x03, 0x12, 0x70, 
0x11, 0x13, 0x00, 0x05, 0x70, 0x0E, 0x0C, 0x00, 0x06, 0x08, 0x01, 0x67, 0x04, 0x00, 0x08, 0x06, 
0x03, 0x15, 0x0F, 0x03, 0x2B, 0x2B, 0x2B, 0x30, 0x13, 0x21, 0x15, 0x21, 0x11, 0x21, 0x15, 0x21, 
0x11, 0x21, 0x15, 0x21, 0x13, 0x33, 0x15, 0x23, 0x25, 0x15, 0x23, 0x35, 0xB0, 0x04, 0x1D, 0xFC, 
0xB0, 0x03, 0x10, 0xFC, 0xF0, 0x03, 0x5A, 0xFB, 0xD9, 0xF2, 0xB8, 0xB8, 0x02, 0x14, 0xB8, 0x05, 
0xBA, 0xB8, 0xFE, 0x52, 0xB8, 0xFE, 0x1C, 0xB8, 0x07, 0x60, 0xED, 0xED, 0xED, 0xED, 0x00, 0x04, 
0x00, 0x48, 0xFF, 0xE5, 0x04, 0x14, 0x05, 0xE3, 0x00, 0x14, 0x00, 0x1B, 0x00, 0x1F, 0x00, 0x23, 
0x00, 0x3F, 0x40, 0x39, 0x20, 0x01, 0x22, 0x01, 0x1F, 0x16, 0x1D, 0x0C, 0x0A, 0x08, 0x19, 0x23, 
0x11, 0x0A, 0x00, 0x08, 0x06, 0x01, 0x23, 0x15, 0x00, 0x04, 0x06, 0x03, 0x23, 0x0A, 0x09, 0x00, 
0x07, 0x04, 0x04, 0x0E, 0x00, 0x02, 0x12, 0x15, 0x06, 0x02, 0x05, 0x01, 0x6F, 0x21, 0x23, 0x11, 
0x05, 0x1B, 0x01, 0x02, 0x6F, 0x1E, 0x1C, 0x04, 0x06, 0x02, 0x25, 0x0F, 0x03, 0x2B, 0x2B, 0x2B, 
0x30, 0x01, 0x21, 0x12, 0x21, 0x32, 0x37, 0x33, 0x06, 0x07, 0x06, 0x23, 0x22, 0x27, 0x26, 0x11, 
0x10, 0x00, 0x33, 0x32, 0x12, 0x15, 0x27, 0x26, 0x27, 0x26, 0x23, 0x22, 0x03, 0x13, 0x33, 0x15, 
0x23, 0x25, 0x15, 0x23, 0x35, 0x04, 0x14, 0xFC, 0xF4, 0x17, 0x01, 0x1A, 0xDB, 0x30, 0xC0, 0x25, 
0x7D, 0x7D, 0xB4, 0xE5, 0x81, 0x83, 0x01, 0x0E, 0xE7, 0xEE, 0xE9, 0xBC, 0x0A, 0x4A, 0x4C, 0x7F, 
0xFE, 0x2D, 0x2B, 0xB9, 0xB9, 0x02, 0x0F, 0xB9, 0x01, 0xDF, 0xFE, 0xAC, 0xD7, 0xB2, 0x64, 0x67, 
0x98, 0x95, 0x01, 0x05, 0x01, 0x04, 0x01, 0x2D, 0xFE, 0xDB, 0xF2, 0x54, 0x89, 0x4A, 0x4A, 0xFE, 
0xE3, 0x03, 0x5E, 0xED, 0xED, 0xED, 0xED, 0x00, 0x00, 0x02, 0x00, 0x81, 0x00, 0x00, 0x04, 0x04, 
0x04, 0x31, 0x00, 0x14, 0x00, 0x1D, 0x00, 0x38, 0x40, 0x2E, 0x18, 0x28, 0x09, 0x0A, 0x00, 0x08, 
0x02, 0x01, 0x24, 0x16, 0x0D, 0x01, 0x06, 0x02, 0x04, 0x13, 0x09, 0x0B, 0x09, 0x1A, 0x01, 0x0B, 
0x0F, 0x09, 0x17, 0x01, 0x70, 0x0A, 0x0B, 0x02, 0x05, 0x13, 0x01, 0x1C, 0x12, 0x02, 0x03, 0x6A, 
0x0F, 0x04, 0x05, 0x06, 0x02, 0x1F, 0x0F, 0x03, 0x2B, 0x2B, 0x31, 0x00, 0x3F, 0x3F, 0x2B, 0x30, 
0x13, 0x34, 0x37, 0x26, 0x35, 0x34, 0x37, 0x36, 0x33, 0x21, 0x11, 0x23, 0x11, 0x21, 0x22, 0x15, 
0x14, 0x06, 0x07, 0x23, 0x36, 0x01, 0x21, 0x11, 0x21, 0x22, 0x07, 0x06, 0x15, 0x14, 0xB4, 0xA6, 
0xB4, 0x54, 0x54, 0xA8, 0x02, 0x0E, 0xB8, 0xFE, 0xAA, 0x89, 0x23, 0x0D, 0xBC, 0x33, 0x01, 0x48, 
0x01, 0x50, 0xFE, 0xC0, 0x4B, 0x2E, 0x2D, 0x01, 0x4C, 0xC0, 0x31, 0x4C, 0x9E, 0x6F, 0x4D, 0x4E, 
0xFB, 0xCF, 0x01, 0xE3, 0xA6, 0x3F, 0xDF, 0x1F, 0x85, 0x02, 0x00, 0x01, 0x13, 0x21, 0x23, 0x40, 
0x8F, 0x00, 0x00, 0x02, 0x00, 0x56, 0xFF, 0xE5, 0x04, 0x42, 0x04, 0x4C, 0x00, 0x28, 0x00, 0x34, 
0x00, 0x47, 0x40, 0x3D, 0x2B, 0x29, 0x1F, 0x1D, 0x0A, 0x05, 0x24, 0x0C, 0x09, 0x00, 0x01, 0x24, 
0x21, 0x04, 0x0A, 0x04, 0x08, 0x15, 0x10, 0x02, 0x31, 0x01, 0x11, 0x01, 0x0C, 0x23, 0x17, 0x09, 
0x19, 0x07, 0x02, 0x04, 0x13, 0x09, 0x28, 0x01, 0x29, 0x2D, 0x09, 0x11, 0x01, 0x20, 0x15, 0x02, 
0x6F, 0x07, 0x29, 0x11, 0x05, 0x1D, 0x00, 0x02, 0x69, 0x2D, 0x1B, 0x01, 0x06, 0x02, 0x36, 0x0F, 
0x03, 0x2B, 0x2B, 0x31, 0x00, 0x3F, 0x2B, 0x2B, 0x30, 0x13, 0x36, 0x37, 0x36, 0x21, 0x32, 0x16, 
0x15, 0x11, 0x14, 0x17, 0x16, 0x33, 0x36, 0x37, 0x32, 0x33, 0x15, 0x06, 0x23, 0x22, 0x27, 0x06, 
0x23, 0x22, 0x27, 0x26, 0x35, 0x34, 0x37, 0x36, 0x25, 0x35, 0x34, 0x27, 0x26, 0x23, 0x22, 0x07, 
0x06, 0x07, 0x05, 0x04, 0x07, 0x06, 0x15, 0x14, 0x17, 0x16, 0x33, 0x32, 0x36, 0x35, 0x83, 0x0A, 
0x34, 0x6C, 0x01, 0x04, 0xC5, 0xD7, 0x0E, 0x0C, 0x25, 0x0B, 0x08, 0x08, 0x1B, 0x46, 0x2B, 0x9C, 
0x0E, 0x9C, 0xD7, 0x99, 0x63, 0x62, 0xBA, 0xB9, 0x01, 0x4E, 0x34, 0x35, 0x7D, 0x73, 0x39, 0x3B, 
0x06, 0x01, 0xD0, 0xFE, 0xC3, 0x48, 0x70, 0x35, 0x35, 0x5A, 0x7D, 0xB4, 0x02, 0xE3, 0x87, 0x4C, 
0x96, 0x98, 0xBE, 0xFE, 0x06, 0x39, 0x1B, 0x1D, 0x02, 0x02, 0x8B, 0x16, 0xA1, 0xAA, 0x58, 0x59, 
0x8D, 0xE3, 0x42, 0x3F, 0x1F, 0x35, 0x6B, 0x2F, 0x2D, 0x2D, 0x2D, 0x65, 0xCC, 0x2E, 0x24, 0x27, 
0x6D, 0x4E, 0x2B, 0x2D, 0x94, 0x66, 0x00, 0x02, 0x00, 0x44, 0xFF, 0xE5, 0x04, 0x14, 0x05, 0xBA, 
0x00, 0x1F, 0x00, 0x30, 0x00, 0x36, 0x40, 0x2E, 0x0B, 0x01, 0x21, 0x06, 0x0E, 0x10, 0x06, 0x10, 
0x01, 0x20, 0x21, 0x14, 0x0A, 0x01, 0x08, 0x28, 0x23, 0x1C, 0x09, 0x00, 0x07, 0x03, 0x04, 0x0A, 
0x01, 0x2C, 0x25, 0x09, 0x0B, 0x01, 0x6B, 0x18, 0x2C, 0x01, 0x05, 0x10, 0x01, 0x69, 0x25, 0x00, 
0x01, 0x06, 0x02, 0x32, 0x0F, 0x03, 0x2B, 0x2B, 0x31, 0x00, 0x2B, 0x30, 0x13, 0x10, 0x37, 0x36, 
0x37, 0x36, 0x33, 0x32, 0x37, 0x36, 0x35, 0x33, 0x14, 0x06, 0x23, 0x22, 0x03, 0x36, 0x37, 0x36, 
0x33, 0x32, 0x17, 0x16, 0x11, 0x10, 0x07, 0x06, 0x23, 0x22, 0x27, 0x26, 0x01, 0x22, 0x07, 0x0E, 
0x01, 0x15, 0x14, 0x16, 0x33, 0x32, 0x37, 0x36, 0x35, 0x34, 0x26, 0x27, 0x26, 0x44, 0x3B, 0x39, 
0x6F, 0x6C, 0x9E, 0x4E, 0x25, 0x25, 0xB4, 0xB0, 0x9C, 0xFC, 0x31, 0x31, 0x52, 0x50, 0x56, 0xE3, 
0x83, 0x81, 0x81, 0x83, 0xE3, 0xEE, 0x7C, 0x7F, 0x01, 0xE9, 0x5A, 0x40, 0x41, 0x46, 0x9C, 0x85, 
0x8B, 0x4C, 0x4C, 0x46, 0x41, 0x44, 0x02, 0x5E, 0x01, 0x2B, 0xAA, 0xAA, 0x4A, 0x48, 0x16, 0x17, 
0x1E, 0x64, 0x91, 0xFF, 0x00, 0x39, 0x27, 0x27, 0x94, 0x95, 0xFE, 0xF4, 0xFE, 0xF7, 0x93, 0x96, 
0x96, 0x93, 0x02, 0x94, 0x2D, 0x2F, 0xB5, 0x7A, 0xBB, 0xD1, 0x6B, 0x68, 0xC1, 0x79, 0xB0, 0x2D, 
0x2D, 0x00, 0x00, 0x03, 0x00, 0x83, 0x00, 0x00, 0x04, 0x04, 0x04, 0x31, 0x00, 0x0E, 0x00, 0x18, 
0x00, 0x21, 0x00, 0x33, 0x40, 0x2C, 0x20, 0x28, 0x03, 0x0A, 0x00, 0x08, 0x09, 0x01, 0x24, 0x19, 
0x10, 0x01, 0x06, 0x12, 0x23, 0x01, 0x09, 0x00, 0x07, 0x03, 0x04, 0x6E, 0x0B, 0x16, 0x00, 0x05, 
0x09, 0x01, 0x70, 0x07, 0x1B, 0x01, 0x06, 0x21, 0x01, 0x6F, 0x11, 0x02, 0x08, 0x06, 0x03, 0x23, 
0x0F, 0x03, 0x2B, 0x31, 0x00, 0x2B, 0x30, 0x29, 0x01, 0x11, 0x21, 0x32, 0x17, 0x16, 0x15, 0x14, 
0x07, 0x16, 0x15, 0x14, 0x07, 0x06, 0x03, 0x21, 0x11, 0x21, 0x32, 0x37, 0x36, 0x35, 0x34, 0x26, 
0x27, 0x32, 0x35, 0x34, 0x27, 0x26, 0x23, 0x21, 0x11, 0x02, 0xC1, 0xFD, 0xC2, 0x02, 0x10, 0xA6, 
0x52, 0x50, 0xAE, 0xD7, 0x64, 0x67, 0xA6, 0xFE, 0xAA, 0x01, 0x5F, 0x4B, 0x32, 0x2F, 0x63, 0x87, 
0xC5, 0x33, 0x36, 0x5C, 0xFE, 0xDF, 0x04, 0x31, 0x4A, 0x4B, 0x6F, 0xA6, 0x4A, 0x37, 0xEF, 0x6D, 
0x54, 0x56, 0x01, 0xE3, 0xFE, 0xC3, 0x2B, 0x2B, 0x43, 0x42, 0x62, 0xA2, 0x9E, 0x39, 0x1F, 0x1D, 
0xFE, 0xED, 0x00, 0x01, 0x00, 0x39, 0xFF, 0xE5, 0x03, 0x93, 0x04, 0x4C, 0x00, 0x2E, 0x00, 0x31, 
0x40, 0x29, 0x24, 0x0B, 0x00, 0x03, 0x11, 0x2B, 0x09, 0x14, 0x01, 0x11, 0x21, 0x1A, 0x0A, 0x04, 
0x08, 0x2B, 0x23, 0x04, 0x09, 0x00, 0x07, 0x02, 0x04, 0x2E, 0x28, 0x24, 0x20, 0x14, 0x13, 0x0E, 
0x0B, 0x08, 0x4E, 0x00, 0x07, 0x01, 0x05, 0x01, 0x30, 0x0F, 0x03, 0x2B, 0x31, 0x00, 0x2B, 0x2B, 
0x30, 0x01, 0x14, 0x07, 0x06, 0x23, 0x22, 0x26, 0x35, 0x34, 0x37, 0x36, 0x37, 0x25, 0x36, 0x35, 
0x34, 0x26, 0x23, 0x22, 0x07, 0x23, 0x34, 0x37, 0x36, 0x37, 0x36, 0x33, 0x32, 0x17, 0x16, 0x17, 
0x16, 0x15, 0x14, 0x07, 0x06, 0x07, 0x05, 0x0E, 0x01, 0x15, 0x14, 0x16, 0x33, 0x32, 0x36, 0x37, 
0x03, 0x93, 0x6E, 0x6F, 0xD1, 0xC2, 0xEA, 0x34, 0x31, 0x81, 0x01, 0x39, 0x5A, 0x6E, 0x5B, 0xCE, 
0x0D, 0xB8, 0x35, 0x33, 0x5D, 0x5A, 0x6E, 0x71, 0x5C, 0x5A, 0x33, 0x32, 0x29, 0x2B, 0x69, 0xFE, 
0xB0, 0x3F, 0x27, 0x81, 0x66, 0x7D, 0x6F, 0x04, 0x01, 0x5E, 0xB6, 0x60, 0x63, 0xBD, 0x9B, 0x63, 
0x39, 0x37, 0x38, 0x7D, 0x24, 0x3A, 0x39, 0x46, 0xAC, 0x6C, 0x50, 0x4E, 0x27, 0x25, 0x27, 0x27, 
0x48, 0x47, 0x5B, 0x56, 0x37, 0x39, 0x2F, 0x90, 0x1C, 0x27, 0x25, 0x46, 0x56, 0x65, 0x6E, 0x00, 
0x00, 0x02, 0x00, 0x48, 0xFE, 0x48, 0x03, 0xD7, 0x04, 0x4C, 0x00, 0x21, 0x00, 0x31, 0x00, 0x41, 
0x40, 0x37, 0x0E, 0x01, 0x18, 0x11, 0x09, 0x00, 0x01, 0x2E, 0x21, 0x20, 0x0A, 0x04, 0x08, 0x15, 
0x01, 0x26, 0x23, 0x18, 0x09, 0x01, 0x07, 0x11, 0x21, 0x09, 0x07, 0x00, 0x07, 0x03, 0x04, 0x02, 
0x0A, 0x0E, 0x01, 0x15, 0x22, 0x09, 0x2A, 0x00, 0x02, 0x6D, 0x03, 0x15, 0x01, 0x05, 0x0D, 0x01, 
0x6B, 0x22, 0x1C, 0x01, 0x06, 0x02, 0x33, 0x0F, 0x03, 0x2B, 0x2B, 0x31, 0x00, 0x3F, 0x2B, 0x2B, 
0x30, 0x01, 0x35, 0x33, 0x11, 0x14, 0x07, 0x06, 0x07, 0x06, 0x23, 0x22, 0x27, 0x26, 0x27, 0x33, 
0x1E, 0x01, 0x33, 0x32, 0x37, 0x36, 0x35, 0x0E, 0x01, 0x23, 0x22, 0x27, 0x26, 0x11, 0x10, 0x37, 
0x36, 0x33, 0x32, 0x01, 0x14, 0x17, 0x16, 0x33, 0x32, 0x37, 0x36, 0x35, 0x34, 0x27, 0x26, 0x23, 
0x22, 0x07, 0x06, 0x03, 0x23, 0xB4, 0x23, 0x23, 0x64, 0x66, 0xBB, 0xC2, 0x61, 0x62, 0x16, 0xB8, 
0x16, 0x63, 0x66, 0x96, 0x3D, 0x3C, 0x44, 0x89, 0x61, 0xC0, 0x71, 0x70, 0x70, 0x71, 0xC5, 0xC4, 
0xFE, 0x5A, 0x4A, 0x48, 0x79, 0x76, 0x4A, 0x48, 0x48, 0x48, 0x78, 0x7B, 0x48, 0x48, 0x03, 0xA0, 
0x91, 0xFC, 0x75, 0xC1, 0x81, 0x83, 0x4B, 0x4E, 0x4E, 0x4B, 0xAE, 0x5A, 0x43, 0x58, 0x56, 0xE1, 
0x56, 0x46, 0x92, 0x91, 0x01, 0x00, 0x01, 0x08, 0x9E, 0x9E, 0xFD, 0xCB, 0xB3, 0x6C, 0x6D, 0x6D, 
0x6C, 0xB3, 0xB6, 0x6A, 0x6B, 0x6B, 0x6A, 0x00, 0x00, 0x02, 0x00, 0x48, 0xFF, 0xE5, 0x04, 0x14, 
0x04, 0x48, 0x00, 0x14, 0x00, 0x1B, 0x00, 0x2B, 0x40, 0x24, 0x19, 0x23, 0x11, 0x0A, 0x00, 0x08, 
0x06, 0x01, 0x23, 0x15, 0x00, 0x04, 0x06, 0x03, 0x23, 0x0A, 0x09, 0x00, 0x07, 0x03, 0x04, 0x1B, 
0x15, 0x06, 0x05, 0x01, 0x05, 0x4B, 0x00, 0x0E, 0x01, 0x05, 0x01, 0x1D, 0x0F, 0x03, 0x2B, 0x31, 
0x00, 0x2B, 0x30, 0x01, 0x21, 0x12, 0x21, 0x32, 0x37, 0x33, 0x06, 0x07, 0x06, 0x23, 0x22, 0x27, 
0x26, 0x11, 0x10, 0x00, 0x33, 0x32, 0x12, 0x15, 0x27, 0x26, 0x27, 0x26, 0x23, 0x22, 0x03, 0x04, 
0x14, 0xFC, 0xF4, 0x17, 0x01, 0x1A, 0xDB, 0x30, 0xC0, 0x25, 0x7D, 0x7D, 0xB4, 0xE5, 0x81, 0x83, 
0x01, 0x0E, 0xE7, 0xEE, 0xE9, 0xBC, 0x0A, 0x4A, 0x4C, 0x7F, 0xFE, 0x2D, 0x01, 0xDF, 0xFE, 0xAC, 
0xD7, 0xB2, 0x64, 0x67, 0x98, 0x95, 0x01, 0x05, 0x01, 0x04, 0x01, 0x2D, 0xFE, 0xDB, 0xF2, 0x54, 
0x89, 0x4A, 0x4A, 0xFE, 0xE3, 0x00, 0x00, 0x01, 0x00, 0x52, 0x00, 0x00, 0x06, 0x6A, 0x04, 0x31, 
0x00, 0x13, 0x00, 0x33, 0x40, 0x27, 0x11, 0x0B, 0x08, 0x02, 0x04, 0x13, 0x10, 0x09, 0x0D, 0x0A, 
0x0A, 0x0A, 0x07, 0x0A, 0x04, 0x09, 0x00, 0x09, 0x0F, 0x0E, 0x0D, 0x06, 0x05, 0x04, 0x06, 0x12, 
0x12, 0x01, 0x00, 0x01, 0x70, 0x0A, 0x08, 0x0A, 0x05, 0x01, 0x15, 0x0F, 0x03, 0x2B, 0x2B, 0x3F, 
0x3F, 0x3F, 0x3F, 0x3F, 0x3F, 0x2A, 0x30, 0x21, 0x11, 0x27, 0x01, 0x23, 0x09, 0x01, 0x33, 0x01, 
0x11, 0x33, 0x11, 0x01, 0x33, 0x09, 0x01, 0x23, 0x01, 0x07, 0x11, 0x03, 0x04, 0x93, 0xFE, 0xC4, 
0xE3, 0x01, 0xA4, 0xFE, 0x68, 0xEE, 0x01, 0xB8, 0xB8, 0x01, 0xB7, 0xF1, 0xFE, 0x65, 0x01, 0xA1, 
0xE1, 0xFE, 0xC3, 0x90, 0x01, 0x9C, 0x87, 0xFD, 0xDD, 0x02, 0xA2, 0x01, 0x8F, 0xFE, 0x50, 0x01, 
0xB0, 0xFE, 0x50, 0x01, 0xB0, 0xFE, 0x71, 0xFD, 0x5E, 0x02, 0x23, 0x87, 0xFE, 0x64, 0x00, 0x01, 
0x00, 0x4C, 0xFF, 0xF4, 0x03, 0xB6, 0x04, 0x39, 0x00, 0x33, 0x00, 0x3E, 0x40, 0x37, 0x21, 0x01, 
0x1C, 0x13, 0x06, 0x01, 0x11, 0x0A, 0x02, 0x09, 0x27, 0x01, 0x1C, 0x24, 0x25, 0x0A, 0x01, 0x08, 
0x2D, 0x01, 0x24, 0x13, 0x11, 0x01, 0x06, 0x0A, 0x27, 0x00, 0x09, 0x00, 0x07, 0x03, 0x04, 0x21, 
0x13, 0x05, 0x03, 0x12, 0x67, 0x31, 0x0E, 0x00, 0x05, 0x2D, 0x27, 0x02, 0x6D, 0x2B, 0x18, 0x01, 
0x06, 0x02, 0x35, 0x0F, 0x03, 0x2B, 0x2B, 0x2B, 0x2A, 0x30, 0x05, 0x22, 0x27, 0x2E, 0x01, 0x35, 
0x33, 0x14, 0x17, 0x16, 0x33, 0x32, 0x37, 0x36, 0x35, 0x34, 0x26, 0x2B, 0x01, 0x35, 0x33, 0x32, 
0x37, 0x36, 0x35, 0x34, 0x27, 0x26, 0x23, 0x22, 0x07, 0x06, 0x15, 0x23, 0x34, 0x37, 0x36, 0x33, 
0x32, 0x17, 0x16, 0x17, 0x16, 0x15, 0x14, 0x07, 0x16, 0x17, 0x16, 0x15, 0x14, 0x04, 0x01, 0xF6, 
0x7F, 0x63, 0x62, 0x66, 0xCB, 0x3F, 0x3D, 0x63, 0x6A, 0x46, 0x43, 0x62, 0x52, 0x5E, 0x29, 0x5C, 
0x33, 0x32, 0x32, 0x33, 0x5C, 0x56, 0x3B, 0x3E, 0xB4, 0x73, 0x70, 0xAC, 0x71, 0x54, 0x54, 0x2F, 
0x2D, 0xAE, 0x62, 0x42, 0x3F, 0xFE, 0xFA, 0x0C, 0x31, 0x2F, 0x9C, 0x4F, 0x41, 0x37, 0x38, 0x36, 
0x33, 0x50, 0x41, 0x5A, 0xA2, 0x2B, 0x29, 0x46, 0x39, 0x21, 0x1F, 0x25, 0x25, 0x2B, 0x73, 0x51, 
0x52, 0x20, 0x23, 0x3E, 0x3D, 0x4A, 0xAA, 0x4A, 0x10, 0x48, 0x47, 0x61, 0x85, 0xC4, 0x00, 0x01, 
0x00, 0x83, 0xFF, 0xE5, 0x03, 0xDB, 0x04, 0x31, 0x00, 0x14, 0x00, 0x29, 0x40, 0x20, 0x0F, 0x01, 
0x0E, 0x01, 0x06, 0x23, 0x11, 0x09, 0x11, 0x07, 0x01, 0x04, 0x0C, 0x0A, 0x01, 0x0A, 0x0E, 0x01, 
0x70, 0x0D, 0x0A, 0x01, 0x05, 0x6F, 0x01, 0x00, 0x00, 0x06, 0x02, 0x16, 0x0F, 0x03, 0x2B, 0x31, 
0x00, 0x3F, 0x3F, 0x2B, 0x30, 0x13, 0x33, 0x11, 0x14, 0x17, 0x16, 0x33, 0x32, 0x37, 0x36, 0x35, 
0x11, 0x33, 0x11, 0x23, 0x35, 0x06, 0x23, 0x22, 0x26, 0x35, 0x83, 0xBA, 0x30, 0x2D, 0x72, 0x8A, 
0x4F, 0x3E, 0xB8, 0xAE, 0x62, 0xEC, 0xC0, 0x9C, 0x04, 0x31, 0xFD, 0x56, 0x8F, 0x35, 0x38, 0x71, 
0x56, 0xBE, 0x02, 0x21, 0xFB, 0xD3, 0xA6, 0xC5, 0xD1, 0xC7, 0x00, 0x02, 0x00, 0x83, 0xFF, 0xE5, 
0x03, 0xDB, 0x05, 0xB6, 0x00, 0x14, 0x00, 0x26, 0x00, 0x3A, 0x40, 0x2F, 0x0F, 0x01, 0x0E, 0x01, 
0x06, 0x23, 0x11, 0x09, 0x11, 0x07, 0x01, 0x04, 0x23, 0x1E, 0x1A, 0x15, 0x04, 0x13, 0x0C, 0x0A, 
0x01, 0x0A, 0x22, 0x1A, 0x02, 0x0A, 0x01, 0x09, 0x23, 0x0E, 0x02, 0x70, 0x0D, 0x0A, 0x01, 0x05, 
0x19, 0x01, 0x6F, 0x01, 0x00, 0x01, 0x06, 0x02, 0x28, 0x0F, 0x03, 0x2B, 0x2B, 0x31, 0x00, 0x3F, 
0x3F, 0x2A, 0x2B, 0x30, 0x13, 0x33, 0x11, 0x14, 0x17, 0x16, 0x33, 0x32, 0x37, 0x36, 0x35, 0x11, 
0x33, 0x11, 0x23, 0x35, 0x06, 0x23, 0x22, 0x26, 0x35, 0x01, 0x22, 0x27, 0x26, 0x35, 0x33, 0x14, 
0x17, 0x16, 0x33, 0x32, 0x37, 0x36, 0x35, 0x33, 0x14, 0x07, 0x06, 0x83, 0xBA, 0x30, 0x2D, 0x72, 
0x8A, 0x4F, 0x3E, 0xB8, 0xAE, 0x62, 0xEC, 0xC0, 0x9C, 0x01, 0xA6, 0x7F, 0x46, 0x45, 0xA2, 0x1A, 
0x19, 0x35, 0x33, 0x19, 0x16, 0xA0, 0x42, 0x41, 0x04, 0x31, 0xFD, 0x56, 0x8F, 0x35, 0x38, 0x71, 
0x56, 0xBE, 0x02, 0x21, 0xFB, 0xD3, 0xA6, 0xC5, 0xD1, 0xC7, 0x03, 0x4C, 0x49, 0x48, 0x5C, 0x1E, 
0x21, 0x23, 0x23, 0x23, 0x1C, 0x5E, 0x48, 0x47, 0x00, 0x01, 0x00, 0x83, 0x00, 0x00, 0x03, 0xEE, 
0x04, 0x31, 0x00, 0x0B, 0x00, 0x25, 0x40, 0x1A, 0x08, 0x02, 0x0B, 0x09, 0x07, 0x09, 0x04, 0x0A, 
0x01, 0x0A, 0x06, 0x05, 0x04, 0x03, 0x12, 0x09, 0x01, 0x6F, 0x01, 0x00, 0x08, 0x05, 0x01, 0x0D, 
0x0F, 0x03, 0x2B, 0x2B, 0x3F, 0x3F, 0x3F, 0x3F, 0x2E, 0x2E, 0x30, 0x13, 0x33, 0x11, 0x01, 0x33, 
0x09, 0x01, 0x23, 0x01, 0x07, 0x11, 0x23, 0x83, 0xBA, 0x01, 0xB5, 0xF1, 0xFE, 0x69, 0x01, 0xA2, 
0xE2, 0xFE, 0xC3, 0x92, 0xBA, 0x04, 0x31, 0xFE, 0x50, 0x01, 0xB0, 0xFE, 0x71, 0xFD, 0x5E, 0x02, 
0x23, 0x87, 0xFE, 0x64, 0x00, 0x01, 0x00, 0x93, 0x00, 0x00, 0x03, 0xEE, 0x04, 0x4C, 0x00, 0x1C, 
0x00, 0x30, 0x40, 0x25, 0x1B, 0x01, 0x09, 0x21, 0x17, 0x0A, 0x02, 0x08, 0x01, 0x04, 0x0E, 0x09, 
0x02, 0x09, 0x00, 0x0A, 0x19, 0x01, 0x02, 0x0C, 0x09, 0x1B, 0x01, 0x6E, 0x01, 0x02, 0x02, 0x05, 
0x6F, 0x0C, 0x0F, 0x00, 0x06, 0x02, 0x1E, 0x0F, 0x03, 0x2B, 0x2B, 0x31, 0x00, 0x3F, 0x3F, 0x3F, 
0x2B, 0x30, 0x01, 0x11, 0x23, 0x11, 0x34, 0x27, 0x26, 0x27, 0x26, 0x23, 0x22, 0x06, 0x15, 0x11, 
0x23, 0x11, 0x34, 0x37, 0x36, 0x37, 0x36, 0x37, 0x36, 0x33, 0x32, 0x17, 0x16, 0x17, 0x35, 0x03, 
0xEE, 0xBD, 0x12, 0x17, 0x43, 0x46, 0x5C, 0x75, 0x62, 0xB9, 0x07, 0x04, 0x12, 0x21, 0x54, 0x54, 
0x70, 0x69, 0x4C, 0x49, 0x4A, 0x04, 0x31, 0xFB, 0xCF, 0x02, 0x31, 0x94, 0x39, 0x4A, 0x2D, 0x2D, 
0x7D, 0x9A, 0xFD, 0x75, 0x02, 0xAA, 0x5C, 0x27, 0x27, 0x37, 0x58, 0x36, 0x33, 0x25, 0x27, 0x5E, 
0x8F, 0x00, 0x00, 0x01, 0x00, 0x83, 0x00, 0x00, 0x05, 0x3D, 0x04, 0x31, 0x00, 0x0C, 0x00, 0x2D, 
0x40, 0x21, 0x08, 0x05, 0x00, 0x03, 0x13, 0x0C, 0x0A, 0x0A, 0x09, 0x07, 0x09, 0x04, 0x09, 0x02, 
0x0A, 0x04, 0x01, 0x70, 0x03, 0x01, 0x02, 0x05, 0x0C, 0x01, 0x6F, 0x08, 0x0B, 0x08, 0x06, 0x02, 
0x0E, 0x0F, 0x03, 0x2B, 0x31, 0x00, 0x3F, 0x3F, 0x3F, 0x3F, 0x3F, 0x2A, 0x30, 0x25, 0x01, 0x33, 
0x11, 0x23, 0x11, 0x01, 0x23, 0x01, 0x11, 0x23, 0x11, 0x33, 0x02, 0xDF, 0x01, 0xA6, 0xB8, 0xB8, 
0xFE, 0xBD, 0xBD, 0xFE, 0xB8, 0xBA, 0xBA, 0xE1, 0x03, 0x50, 0xFB, 0xCF, 0x02, 0xAE, 0xFD, 0x52, 
0x02, 0xAE, 0xFD, 0x52, 0x04, 0x31, 0x00, 0x01, 0x00, 0x83, 0x00, 0x00, 0x03, 0xDB, 0x04, 0x31, 
0x00, 0x0B, 0x00, 0x2C, 0x40, 0x21, 0x23, 0x06, 0x00, 0x00, 0x06, 0x01, 0x04, 0x0A, 0x09, 0x08, 
0x0A, 0x04, 0x0A, 0x02, 0x09, 0x0A, 0x01, 0x70, 0x09, 0x06, 0x02, 0x05, 0x04, 0x01, 0x6F, 0x00, 
0x03, 0x08, 0x06, 0x02, 0x0D, 0x0F, 0x03, 0x2B, 0x31, 0x00, 0x3F, 0x3F, 0x3F, 0x3F, 0x2B, 0x30, 
0x01, 0x11, 0x23, 0x11, 0x33, 0x11, 0x21, 0x11, 0x33, 0x11, 0x23, 0x11, 0x01, 0x3D, 0xBA, 0xBA, 
0x01, 0xE6, 0xB8, 0xB8, 0x01, 0xDF, 0xFE, 0x21, 0x04, 0x31, 0xFE, 0x54, 0x01, 0xAC, 0xFB, 0xCF, 
0x01, 0xDF, 0x00, 0x02, 0x00, 0x48, 0xFF, 0xE5, 0x04, 0x14, 0x04, 0x4C, 0x00, 0x0F, 0x00, 0x20, 
0x00, 0x23, 0x40, 0x1C, 0x1C, 0x21, 0x04, 0x0A, 0x00, 0x08, 0x13, 0x23, 0x0C, 0x09, 0x00, 0x07, 
0x02, 0x04, 0x6B, 0x08, 0x17, 0x00, 0x05, 0x6B, 0x10, 0x00, 0x00, 0x06, 0x02, 0x22, 0x0F, 0x03, 
0x2B, 0x31, 0x00, 0x2B, 0x30, 0x13, 0x10, 0x37, 0x36, 0x33, 0x32, 0x17, 0x16, 0x11, 0x10, 0x07, 
0x06, 0x23, 0x22, 0x27, 0x26, 0x13, 0x14, 0x16, 0x33, 0x32, 0x37, 0x36, 0x35, 0x34, 0x26, 0x27, 
0x26, 0x23, 0x22, 0x07, 0x06, 0x06, 0x48, 0x83, 0x81, 0xE1, 0xE3, 0x83, 0x81, 0x81, 0x83, 0xE3, 
0xE1, 0x81, 0x83, 0xC4, 0x9C, 0x85, 0x8B, 0x4C, 0x4C, 0x46, 0x41, 0x44, 0x58, 0x5A, 0x40, 0x41, 
0x46, 0x02, 0x17, 0x01, 0x08, 0x97, 0x96, 0x94, 0x95, 0xFE, 0xF4, 0xFE, 0xF7, 0x93, 0x96, 0x98, 
0x95, 0x01, 0x05, 0xBB, 0xD1, 0x6B, 0x68, 0xC1, 0x79, 0xB0, 0x2D, 0x2D, 0x2D, 0x2F, 0xB5, 0x00, 
0x00, 0x01, 0x00, 0x83, 0x00, 0x00, 0x03, 0xDB, 0x04, 0x4C, 0x00, 0x1C, 0x00, 0x2E, 0x40, 0x24, 
0x12, 0x01, 0x08, 0x01, 0x02, 0x21, 0x06, 0x0A, 0x03, 0x08, 0x01, 0x04, 0x1C, 0x09, 0x0E, 0x09, 
0x01, 0x0A, 0x08, 0x01, 0x70, 0x0D, 0x0E, 0x01, 0x05, 0x1A, 0x01, 0x6F, 0x01, 0x00, 0x08, 0x06, 
0x02, 0x1E, 0x0F, 0x03, 0x2B, 0x31, 0x00, 0x3F, 0x3F, 0x3F, 0x2B, 0x30, 0x13, 0x33, 0x15, 0x36, 
0x37, 0x36, 0x33, 0x32, 0x17, 0x16, 0x17, 0x16, 0x15, 0x11, 0x23, 0x11, 0x34, 0x26, 0x23, 0x22, 
0x07, 0x06, 0x07, 0x06, 0x07, 0x06, 0x15, 0x11, 0x23, 0x83, 0xBA, 0x50, 0x4A, 0x48, 0x68, 0x71, 
0x56, 0x54, 0x1F, 0x1A, 0xB8, 0x62, 0x71, 0x5C, 0x44, 0x46, 0x16, 0x10, 0x02, 0x05, 0xBA, 0x04, 
0x31, 0x8F, 0x5E, 0x27, 0x25, 0x33, 0x36, 0x58, 0x4C, 0x95, 0xFD, 0x56, 0x02, 0x8B, 0x9A, 0x7D, 
0x2D, 0x2D, 0x4A, 0x2B, 0x1F, 0x1E, 0x65, 0xFD, 0xCF, 0x00, 0x00, 0x02, 0x00, 0x83, 0xFE, 0x62, 
0x04, 0x14, 0x04, 0x4C, 0x00, 0x12, 0x00, 0x22, 0x00, 0x31, 0x40, 0x28, 0x02, 0x01, 0x13, 0x21, 
0x06, 0x0A, 0x01, 0x08, 0x10, 0x01, 0x1B, 0x23, 0x0C, 0x09, 0x01, 0x07, 0x02, 0x04, 0x12, 0x07, 
0x01, 0x0A, 0x6B, 0x09, 0x1F, 0x00, 0x05, 0x10, 0x01, 0x17, 0x01, 0x6F, 0x01, 0x00, 0x09, 0x06, 
0x02, 0x24, 0x0F, 0x03, 0x2B, 0x31, 0x00, 0x3F, 0x3F, 0x2B, 0x30, 0x13, 0x33, 0x15, 0x36, 0x37, 
0x36, 0x33, 0x32, 0x12, 0x11, 0x10, 0x02, 0x23, 0x22, 0x27, 0x26, 0x27, 0x11, 0x23, 0x01, 0x22, 
0x07, 0x06, 0x15, 0x14, 0x17, 0x16, 0x33, 0x32, 0x37, 0x36, 0x35, 0x34, 0x27, 0x26, 0x83, 0xBA, 
0x46, 0x48, 0x45, 0x61, 0xC6, 0xDD, 0xE5, 0xC5, 0x62, 0x43, 0x46, 0x42, 0xBA, 0x01, 0xC1, 0x7D, 
0x48, 0x4A, 0x4A, 0x48, 0x7D, 0x7A, 0x4A, 0x48, 0x48, 0x4A, 0x04, 0x31, 0x7F, 0x52, 0x25, 0x23, 
0xFE, 0xDB, 0xFE, 0xFC, 0xFE, 0xFA, 0xFE, 0xC8, 0x21, 0x21, 0x4A, 0xFD, 0xF1, 0x05, 0x40, 0x69, 
0x6A, 0xB8, 0xB5, 0x6A, 0x6D, 0x69, 0x68, 0xBB, 0xBC, 0x68, 0x67, 0x00, 0x00, 0x01, 0x00, 0x48, 
0xFF, 0xDD, 0x03, 0xF2, 0x04, 0x4C, 0x00, 0x1E, 0x00, 0x29, 0x40, 0x22, 0x11, 0x03, 0x01, 0x03, 
0x15, 0x1D, 0x09, 0x15, 0x21, 0x0D, 0x0A, 0x00, 0x08, 0x1D, 0x21, 0x05, 0x09, 0x00, 0x07, 0x02, 
0x04, 0x10, 0x01, 0x02, 0x12, 0x6B, 0x19, 0x09, 0x00, 0x05, 0x01, 0x20, 0x0F, 0x03, 0x2B, 0x2B, 
0x2B, 0x2B, 0x30, 0x01, 0x33, 0x06, 0x07, 0x06, 0x23, 0x22, 0x27, 0x26, 0x11, 0x10, 0x37, 0x36, 
0x33, 0x32, 0x16, 0x17, 0x23, 0x26, 0x27, 0x26, 0x23, 0x22, 0x07, 0x06, 0x15, 0x14, 0x17, 0x16, 
0x33, 0x32, 0x03, 0x31, 0xC1, 0x15, 0x3D, 0x8C, 0xDB, 0xEB, 0x83, 0x83, 0x83, 0x81, 0xE9, 0xBB, 
0xEB, 0x17, 0xC1, 0x14, 0x42, 0x43, 0x63, 0x8B, 0x4E, 0x50, 0x50, 0x4E, 0x8B, 0xC3, 0x01, 0x81, 
0xA0, 0x56, 0xAE, 0x94, 0x91, 0x01, 0x06, 0x01, 0x11, 0x99, 0x9A, 0xD3, 0xBD, 0x6F, 0x3B, 0x3C, 
0x65, 0x66, 0xB4, 0xC5, 0x6A, 0x6D, 0x00, 0x01, 0x00, 0x83, 0x00, 0x00, 0x06, 0x06, 0x04, 0x4C, 
0x00, 0x29, 0x00, 0x39, 0x40, 0x2E, 0x05, 0x01, 0x21, 0x01, 0x08, 0x02, 0x02, 0x14, 0x21, 0x0B, 
0x0A, 0x0B, 0x08, 0x01, 0x04, 0x29, 0x09, 0x1C, 0x09, 0x0F, 0x09, 0x01, 0x0A, 0x6F, 0x0E, 0x0F, 
0x00, 0x05, 0x08, 0x01, 0x6E, 0x1A, 0x1C, 0x01, 0x06, 0x27, 0x01, 0x6F, 0x01, 0x00, 0x08, 0x06, 
0x03, 0x2B, 0x0F, 0x03, 0x2B, 0x31, 0x00, 0x3F, 0x3F, 0x3F, 0x3F, 0x2B, 0x30, 0x13, 0x33, 0x15, 
0x3E, 0x01, 0x33, 0x32, 0x16, 0x17, 0x3E, 0x01, 0x33, 0x20, 0x19, 0x01, 0x23, 0x11, 0x34, 0x27, 
0x26, 0x23, 0x22, 0x07, 0x06, 0x07, 0x06, 0x15, 0x11, 0x23, 0x11, 0x34, 0x27, 0x26, 0x23, 0x22, 
0x07, 0x06, 0x07, 0x06, 0x15, 0x11, 0x23, 0x83, 0xBA, 0x52, 0x8C, 0x5A, 0x60, 0x7D, 0x2F, 0x52, 
0x8F, 0x5F, 0x01, 0x45, 0xBA, 0x29, 0x2B, 0x60, 0x48, 0x42, 0x41, 0x13, 0x1A, 0xBB, 0x1E, 0x21, 
0x5E, 0x54, 0x46, 0x46, 0x1C, 0x0F, 0xBA, 0x04, 0x31, 0x87, 0x58, 0x4A, 0x4E, 0x54, 0x58, 0x4A, 
0xFE, 0x8F, 0xFD, 0x25, 0x02, 0xBC, 0x77, 0x37, 0x38, 0x2B, 0x2D, 0x3E, 0x35, 0x9E, 0xFD, 0xC7, 
0x02, 0xA2, 0x95, 0x36, 0x35, 0x2F, 0x31, 0x50, 0x2D, 0x88, 0xFD, 0xC3, 0x00, 0x01, 0x00, 0x0E, 
0xFE, 0x48, 0x03, 0xDF, 0x04, 0x31, 0x00, 0x12, 0x00, 0x21, 0x40, 0x17, 0x0D, 0x0B, 0x01, 0x03, 
0x13, 0x08, 0x07, 0x03, 0x0A, 0x00, 0x0A, 0x11, 0x0B, 0x02, 0x49, 0x03, 0x12, 0x01, 0x05, 0x01, 
0x14, 0x0F, 0x03, 0x2B, 0x31, 0x00, 0x3F, 0x3F, 0x3F, 0x2A, 0x30, 0x13, 0x09, 0x01, 0x33, 0x01, 
0x06, 0x07, 0x06, 0x23, 0x22, 0x27, 0x35, 0x16, 0x33, 0x32, 0x37, 0x36, 0x37, 0x01, 0xDF, 0x01, 
0x1D, 0x01, 0x1B, 0xC8, 0xFE, 0x52, 0x3D, 0x3C, 0x3B, 0x71, 0x47, 0x50, 0x43, 0x29, 0x44, 0x23, 
0x20, 0x34, 0xFE, 0x72, 0x04, 0x31, 0xFC, 0xAE, 0x03, 0x52, 0xFB, 0x56, 0x9B, 0x52, 0x52, 0x12, 
0xAE, 0x16, 0x2D, 0x2D, 0xA2, 0x04, 0x43, 0x00, 0x00, 0x03, 0x00, 0x44, 0xFE, 0x62, 0x06, 0xAC, 
0x05, 0xBA, 0x00, 0x21, 0x00, 0x31, 0x00, 0x40, 0x00, 0x43, 0x40, 0x3A, 0x09, 0x01, 0x32, 0x01, 
0x10, 0x0D, 0x02, 0x22, 0x21, 0x14, 0x0A, 0x0B, 0x08, 0x39, 0x01, 0x03, 0x01, 0x20, 0x01, 0x02, 
0x2A, 0x23, 0x1C, 0x09, 0x0B, 0x07, 0x02, 0x04, 0x0F, 0x0C, 0x00, 0x07, 0x6B, 0x18, 0x3D, 0x00, 
0x05, 0x20, 0x01, 0x00, 0x01, 0x35, 0x2E, 0x02, 0x70, 0x0F, 0x0D, 0x0B, 0x06, 0x6B, 0x26, 0x06, 
0x00, 0x06, 0x03, 0x42, 0x0F, 0x03, 0x2B, 0x31, 0x00, 0x3F, 0x3F, 0x2B, 0x30, 0x01, 0x11, 0x06, 
0x23, 0x22, 0x02, 0x11, 0x10, 0x12, 0x33, 0x32, 0x17, 0x16, 0x17, 0x11, 0x33, 0x11, 0x36, 0x37, 
0x36, 0x33, 0x32, 0x17, 0x16, 0x11, 0x10, 0x07, 0x06, 0x23, 0x22, 0x27, 0x26, 0x27, 0x11, 0x01, 
0x22, 0x07, 0x06, 0x15, 0x14, 0x17, 0x16, 0x33, 0x32, 0x37, 0x36, 0x35, 0x34, 0x27, 0x26, 0x21, 
0x22, 0x06, 0x15, 0x14, 0x17, 0x16, 0x33, 0x32, 0x37, 0x36, 0x35, 0x34, 0x27, 0x26, 0x03, 0x1B, 
0x75, 0xB8, 0xC3, 0xE7, 0xDF, 0xC2, 0x63, 0x47, 0x48, 0x44, 0xB8, 0x48, 0x47, 0x46, 0x60, 0xC7, 
0x6E, 0x6F, 0x73, 0x72, 0xC5, 0x60, 0x46, 0x45, 0x44, 0xFE, 0x44, 0x7D, 0x48, 0x4A, 0x4A, 0x48, 
0x7D, 0x7C, 0x48, 0x48, 0x48, 0x48, 0x02, 0x44, 0x7D, 0x8D, 0x47, 0x48, 0x7B, 0x7F, 0x4A, 0x47, 
0x47, 0x4A, 0xFE, 0x62, 0x02, 0x0F, 0x8C, 0x01, 0x38, 0x01, 0x06, 0x01, 0x04, 0x01, 0x25, 0x23, 
0x25, 0x52, 0x02, 0x08, 0xFD, 0xF8, 0x52, 0x25, 0x23, 0x92, 0x93, 0xFE, 0xFC, 0xFE, 0xFA, 0x9C, 
0x9C, 0x21, 0x21, 0x4A, 0xFD, 0xF1, 0x05, 0x40, 0x67, 0x68, 0xBC, 0xBB, 0x68, 0x69, 0x6B, 0x68, 
0xB9, 0xBA, 0x68, 0x69, 0xCF, 0xBC, 0xBB, 0x68, 0x69, 0x69, 0x68, 0xBB, 0xBC, 0x68, 0x67, 0x00, 
0x00, 0x01, 0x00, 0x0E, 0x00, 0x00, 0x03, 0xDF, 0x04, 0x31, 0x00, 0x0B, 0x00, 0x27, 0x40, 0x1B, 
0x09, 0x03, 0x0B, 0x09, 0x08, 0x09, 0x05, 0x0A, 0x02, 0x0A, 0x06, 0x05, 0x04, 0x03, 0x02, 0x01, 
0x00, 0x07, 0x49, 0x07, 0x0B, 0x01, 0x05, 0x01, 0x0D, 0x0F, 0x03, 0x2B, 0x31, 0x00, 0x3F, 0x3F, 
0x3F, 0x3F, 0x2E, 0x2E, 0x30, 0x09, 0x01, 0x33, 0x1B, 0x01, 0x33, 0x09, 0x01, 0x23, 0x09, 0x01, 
0x23, 0x01, 0x81, 0xFE, 0xA2, 0xE5, 0xEA, 0xF1, 0xE6, 0xFE, 0x9D, 0x01, 0x79, 0xED, 0xFF, 0x00, 
0xFE, 0xFC, 0xE0, 0x02, 0x27, 0x02, 0x0A, 0xFE, 0x8B, 0x01, 0x75, 0xFE, 0x00, 0xFD, 0xCF, 0x01, 
0x9C, 0xFE, 0x64, 0x00, 0x00, 0x01, 0x00, 0x83, 0xFE, 0xF4, 0x04, 0x7D, 0x04, 0x31, 0x00, 0x18, 
0x00, 0x30, 0x40, 0x26, 0x02, 0x01, 0x00, 0x01, 0x0E, 0x23, 0x04, 0x09, 0x11, 0x07, 0x01, 0x04, 
0x18, 0x14, 0x0A, 0x09, 0x0A, 0x74, 0x17, 0x18, 0x00, 0x05, 0x01, 0x01, 0x70, 0x14, 0x12, 0x01, 
0x06, 0x6F, 0x09, 0x08, 0x00, 0x06, 0x03, 0x1A, 0x0F, 0x03, 0x2B, 0x31, 0x00, 0x3F, 0x3F, 0x2E, 
0x2B, 0x30, 0x25, 0x23, 0x35, 0x06, 0x23, 0x22, 0x26, 0x35, 0x11, 0x33, 0x11, 0x14, 0x17, 0x16, 
0x33, 0x32, 0x37, 0x36, 0x35, 0x11, 0x33, 0x11, 0x33, 0x11, 0x23, 0x03, 0xD1, 0xA4, 0x62, 0xEC, 
0xC0, 0x9C, 0xBA, 0x30, 0x2D, 0x72, 0x8A, 0x4F, 0x3E, 0xB8, 0xA2, 0xAC, 0x04, 0xA6, 0xC5, 0xD1, 
0xC7, 0x02, 0xB4, 0xFD, 0x56, 0x8F, 0x35, 0x38, 0x71, 0x56, 0xBE, 0x02, 0x21, 0xFC, 0x79, 0xFE, 
0x4A, 0x00, 0x00, 0x01, 0x00, 0x83, 0x00, 0x04, 0x03, 0xDB, 0x04, 0x31, 0x00, 0x15, 0x00, 0x28, 
0x40, 0x1E, 0x0F, 0x01, 0x22, 0x06, 0x11, 0x10, 0x06, 0x01, 0x04, 0x0E, 0x0C, 0x0A, 0x01, 0x0A, 
0x0E, 0x01, 0x70, 0x0D, 0x0A, 0x01, 0x05, 0x6F, 0x01, 0x00, 0x00, 0x06, 0x02, 0x17, 0x0F, 0x03, 
0x2B, 0x31, 0x00, 0x3F, 0x3F, 0x2E, 0x2B, 0x30, 0x13, 0x33, 0x11, 0x14, 0x17, 0x16, 0x33, 0x32, 
0x37, 0x36, 0x3D, 0x01, 0x33, 0x11, 0x23, 0x11, 0x06, 0x23, 0x22, 0x27, 0x26, 0x35, 0x83, 0xBA, 
0x2D, 0x2E, 0x74, 0x8C, 0x4D, 0x3E, 0xB8, 0xAE, 0x60, 0xEE, 0xBE, 0x4E, 0x50, 0x04, 0x31, 0xFE, 
0xDF, 0x8F, 0x37, 0x38, 0x73, 0x52, 0xBC, 0x9E, 0xFB, 0xD3, 0x02, 0x29, 0xC3, 0x6B, 0x68, 0xC7, 
0x00, 0x01, 0x00, 0x6A, 0xFF, 0xE5, 0x05, 0xEC, 0x04, 0x31, 0x00, 0x2A, 0x00, 0x39, 0x40, 0x2E, 
0x22, 0x01, 0x05, 0x01, 0x09, 0x02, 0x02, 0x16, 0x23, 0x0D, 0x09, 0x0B, 0x07, 0x01, 0x04, 0x2A, 
0x0A, 0x1D, 0x0A, 0x11, 0x0A, 0x01, 0x09, 0x28, 0x01, 0x6F, 0x00, 0x01, 0x02, 0x05, 0x09, 0x01, 
0x6F, 0x1D, 0x1B, 0x01, 0x06, 0x6F, 0x11, 0x10, 0x00, 0x06, 0x03, 0x2C, 0x0F, 0x03, 0x2B, 0x31, 
0x00, 0x3F, 0x3F, 0x3F, 0x3F, 0x2B, 0x30, 0x21, 0x23, 0x35, 0x0E, 0x01, 0x23, 0x22, 0x27, 0x26, 
0x27, 0x06, 0x07, 0x06, 0x23, 0x20, 0x19, 0x01, 0x33, 0x11, 0x14, 0x17, 0x16, 0x33, 0x32, 0x36, 
0x37, 0x36, 0x35, 0x11, 0x33, 0x11, 0x14, 0x17, 0x16, 0x33, 0x32, 0x37, 0x36, 0x37, 0x36, 0x35, 
0x11, 0x33, 0x05, 0xEC, 0xB9, 0x56, 0x87, 0x5C, 0x5E, 0x3C, 0x3B, 0x37, 0x4E, 0x48, 0x4A, 0x60, 
0xFE, 0xBC, 0xB9, 0x2D, 0x2B, 0x5C, 0x48, 0x85, 0x12, 0x19, 0xBA, 0x23, 0x21, 0x5E, 0x54, 0x44, 
0x41, 0x1F, 0x10, 0xB9, 0x83, 0x58, 0x46, 0x23, 0x21, 0x5A, 0x56, 0x23, 0x25, 0x01, 0x71, 0x02, 
0xDB, 0xFD, 0x44, 0x75, 0x39, 0x3C, 0x5A, 0x42, 0x33, 0x9C, 0x02, 0x3B, 0xFD, 0x5E, 0x95, 0x37, 
0x38, 0x31, 0x30, 0x51, 0x30, 0x85, 0x02, 0x3F, 0x00, 0x01, 0x00, 0x6A, 0xFE, 0xF4, 0x06, 0x8D, 
0x04, 0x31, 0x00, 0x2E, 0x00, 0x41, 0x40, 0x34, 0x22, 0x16, 0x09, 0x02, 0x04, 0x0F, 0x2B, 0x2E, 
0x01, 0x06, 0x01, 0x04, 0x2A, 0x0A, 0x1D, 0x0A, 0x11, 0x0A, 0x0D, 0x09, 0x05, 0x09, 0x00, 0x09, 
0x73, 0x2D, 0x2E, 0x00, 0x05, 0x01, 0x01, 0x6F, 0x2A, 0x28, 0x02, 0x06, 0x09, 0x01, 0x6F, 0x1D, 
0x1B, 0x01, 0x06, 0x6F, 0x11, 0x10, 0x00, 0x06, 0x04, 0x30, 0x0F, 0x03, 0x2B, 0x31, 0x00, 0x3F, 
0x3F, 0x3F, 0x3F, 0x3F, 0x3F, 0x2B, 0x30, 0x21, 0x23, 0x35, 0x0E, 0x01, 0x23, 0x22, 0x27, 0x26, 
0x27, 0x06, 0x07, 0x06, 0x23, 0x20, 0x19, 0x01, 0x33, 0x11, 0x14, 0x17, 0x16, 0x33, 0x32, 0x36, 
0x37, 0x36, 0x35, 0x11, 0x33, 0x11, 0x14, 0x17, 0x16, 0x33, 0x32, 0x37, 0x36, 0x37, 0x36, 0x35, 
0x11, 0x33, 0x11, 0x33, 0x11, 0x23, 0x05, 0xDF, 0xAC, 0x56, 0x87, 0x5C, 0x5E, 0x3C, 0x3B, 0x37, 
0x4E, 0x48, 0x4A, 0x60, 0xFE, 0xBC, 0xB9, 0x2D, 0x2B, 0x5C, 0x48, 0x85, 0x12, 0x19, 0xBA, 0x23, 
0x21, 0x5E, 0x54, 0x44, 0x41, 0x1F, 0x10, 0xB9, 0xA1, 0xAE, 0x83, 0x58, 0x46, 0x23, 0x21, 0x5A, 
0x56, 0x23, 0x25, 0x01, 0x71, 0x02, 0xDB, 0xFD, 0x44, 0x75, 0x39, 0x3C, 0x5A, 0x42, 0x33, 0x9C, 
0x02, 0x3B, 0xFD, 0x5E, 0x95, 0x37, 0x38, 0x31, 0x30, 0x51, 0x30, 0x85, 0x02, 0x3F, 0xFC, 0x79, 
0xFE, 0x4A, 0x00, 0x02, 0x00, 0x79, 0x00, 0x00, 0x05, 0x77, 0x04, 0x31, 0x00, 0x12, 0x00, 0x1B, 
0x00, 0x2C, 0x40, 0x26, 0x11, 0x22, 0x01, 0x0A, 0x00, 0x08, 0x24, 0x02, 0x14, 0x00, 0x06, 0x16, 
0x23, 0x10, 0x09, 0x00, 0x07, 0x03, 0x04, 0x00, 0x01, 0x12, 0x6B, 0x09, 0x19, 0x00, 0x05, 0x15, 
0x01, 0x70, 0x01, 0x10, 0x08, 0x06, 0x02, 0x1D, 0x0F, 0x03, 0x2B, 0x2B, 0x2B, 0x30, 0x13, 0x21, 
0x11, 0x21, 0x32, 0x17, 0x16, 0x17, 0x16, 0x15, 0x14, 0x07, 0x06, 0x07, 0x06, 0x23, 0x21, 0x11, 
0x21, 0x01, 0x21, 0x11, 0x21, 0x32, 0x36, 0x35, 0x34, 0x26, 0x79, 0x02, 0x2D, 0x01, 0x5E, 0x60, 
0x56, 0x54, 0x36, 0x33, 0x31, 0x34, 0x4D, 0x4E, 0x4C, 0xFD, 0xC3, 0xFE, 0x8B, 0x03, 0x85, 0xFE, 
0xA8, 0x01, 0x5E, 0x4C, 0x62, 0x62, 0x04, 0x31, 0xFE, 0x54, 0x27, 0x27, 0x49, 0x4A, 0x65, 0x58, 
0x49, 0x4A, 0x29, 0x2B, 0x03, 0x89, 0xFE, 0x5A, 0xFE, 0xC3, 0x56, 0x43, 0x42, 0x62, 0x00, 0x03, 
0x00, 0x83, 0x00, 0x00, 0x05, 0x79, 0x04, 0x31, 0x00, 0x0D, 0x00, 0x17, 0x00, 0x1B, 0x00, 0x31, 
0x40, 0x28, 0x24, 0x04, 0x0F, 0x00, 0x06, 0x19, 0x01, 0x11, 0x23, 0x01, 0x09, 0x02, 0x07, 0x02, 
0x04, 0x1B, 0x0A, 0x03, 0x0A, 0x70, 0x18, 0x1A, 0x00, 0x05, 0x6B, 0x0A, 0x15, 0x00, 0x06, 0x10, 
0x01, 0x6F, 0x03, 0x02, 0x08, 0x06, 0x03, 0x1D, 0x0F, 0x03, 0x2B, 0x31, 0x00, 0x3F, 0x3F, 0x2B, 
0x30, 0x29, 0x01, 0x11, 0x33, 0x11, 0x21, 0x32, 0x16, 0x17, 0x16, 0x15, 0x14, 0x07, 0x06, 0x03, 
0x21, 0x11, 0x21, 0x32, 0x37, 0x36, 0x35, 0x34, 0x26, 0x01, 0x23, 0x11, 0x33, 0x02, 0xC1, 0xFD, 
0xC2, 0xBA, 0x01, 0x5F, 0x60, 0xA8, 0x35, 0x33, 0x68, 0x69, 0xA8, 0xFE, 0xAA, 0x01, 0x5F, 0x4B, 
0x32, 0x2F, 0x63, 0x02, 0x94, 0xB8, 0xB8, 0x04, 0x31, 0xFE, 0x54, 0x4E, 0x49, 0x4A, 0x65, 0x85, 
0x5C, 0x5E, 0x01, 0xE3, 0xFE, 0xC3, 0x2B, 0x2B, 0x43, 0x42, 0x62, 0xFE, 0x1D, 0x04, 0x31, 0x00, 
0x00, 0x02, 0x00, 0x83, 0x00, 0x00, 0x04, 0x0C, 0x04, 0x31, 0x00, 0x0E, 0x00, 0x18, 0x00, 0x27, 
0x40, 0x1F, 0x24, 0x04, 0x10, 0x00, 0x06, 0x12, 0x23, 0x01, 0x09, 0x00, 0x07, 0x02, 0x04, 0x03, 
0x0A, 0x6B, 0x0B, 0x16, 0x00, 0x05, 0x11, 0x01, 0x6F, 0x03, 0x02, 0x08, 0x06, 0x02, 0x1A, 0x0F, 
0x03, 0x2B, 0x31, 0x00, 0x3F, 0x2B, 0x30, 0x29, 0x01, 0x11, 0x33, 0x11, 0x21, 0x32, 0x17, 0x16, 
0x17, 0x16, 0x15, 0x14, 0x07, 0x06, 0x03, 0x21, 0x11, 0x21, 0x32, 0x37, 0x36, 0x35, 0x34, 0x26, 
0x02, 0xC1, 0xFD, 0xC2, 0xBA, 0x01, 0x5F, 0x56, 0x58, 0x56, 0x37, 0x35, 0x68, 0x69, 0xA8, 0xFE, 
0xAA, 0x01, 0x5F, 0x4B, 0x32, 0x2F, 0x63, 0x04, 0x31, 0xFE, 0x54, 0x29, 0x29, 0x4A, 0x49, 0x61, 
0x85, 0x5C, 0x5E, 0x01, 0xE3, 0xFE, 0xC3, 0x2B, 0x2B, 0x43, 0x42, 0x62, 0x00, 0x01, 0x00, 0x48, 
0xFF, 0xDD, 0x03, 0xF2, 0x04, 0x50, 0x00, 0x22, 0x00, 0x35, 0x40, 0x2D, 0x1B, 0x01, 0x00, 0x20, 
0x09, 0x05, 0x20, 0x0E, 0x0A, 0x00, 0x08, 0x0A, 0x01, 0x1E, 0x01, 0x23, 0x02, 0x00, 0x14, 0x06, 
0x20, 0x21, 0x17, 0x09, 0x00, 0x07, 0x03, 0x04, 0x1D, 0x01, 0x1E, 0x09, 0x03, 0x02, 0x00, 0x05, 
0x4D, 0x13, 0x0A, 0x03, 0x05, 0x01, 0x24, 0x0F, 0x03, 0x2B, 0x31, 0x00, 0x2B, 0x2B, 0x30, 0x01, 
0x21, 0x35, 0x21, 0x02, 0x23, 0x22, 0x07, 0x06, 0x07, 0x23, 0x36, 0x37, 0x36, 0x33, 0x32, 0x17, 
0x16, 0x12, 0x15, 0x10, 0x07, 0x06, 0x23, 0x22, 0x27, 0x26, 0x27, 0x26, 0x27, 0x33, 0x16, 0x33, 
0x32, 0x36, 0x03, 0x27, 0xFE, 0xA8, 0x01, 0x54, 0x2B, 0xE6, 0x62, 0x48, 0x49, 0x1B, 0xBC, 0x18, 
0x7D, 0x7B, 0xBA, 0x98, 0x6D, 0x6A, 0x71, 0x81, 0x83, 0xF2, 0x64, 0x5D, 0x5C, 0x45, 0x46, 0x0C, 
0xBC, 0x40, 0xBC, 0x83, 0x98, 0x01, 0xDF, 0xA6, 0x01, 0x1D, 0x3C, 0x3B, 0x6F, 0xBD, 0x6C, 0x6B, 
0x46, 0x45, 0xFE, 0xF9, 0xB6, 0xFE, 0xFA, 0x91, 0x94, 0x2D, 0x2D, 0x54, 0x63, 0x93, 0xFA, 0xB4, 
0x00, 0x02, 0x00, 0x83, 0xFF, 0xE5, 0x05, 0xBA, 0x04, 0x4C, 0x00, 0x16, 0x00, 0x27, 0x00, 0x38, 
0x40, 0x2E, 0x23, 0x21, 0x0B, 0x0A, 0x00, 0x08, 0x23, 0x07, 0x01, 0x00, 0x06, 0x1A, 0x23, 0x13, 
0x09, 0x00, 0x07, 0x03, 0x04, 0x05, 0x0A, 0x03, 0x09, 0x17, 0x07, 0x00, 0x03, 0x1E, 0x01, 0x09, 
0x6B, 0x0F, 0x1E, 0x00, 0x05, 0x05, 0x01, 0x6F, 0x01, 0x04, 0x08, 0x06, 0x02, 0x29, 0x0F, 0x03, 
0x2B, 0x2B, 0x31, 0x00, 0x3F, 0x3F, 0x2B, 0x30, 0x01, 0x23, 0x11, 0x23, 0x11, 0x33, 0x11, 0x33, 
0x36, 0x37, 0x36, 0x33, 0x32, 0x17, 0x16, 0x11, 0x10, 0x07, 0x06, 0x23, 0x22, 0x27, 0x26, 0x13, 
0x14, 0x16, 0x33, 0x32, 0x37, 0x36, 0x35, 0x34, 0x26, 0x27, 0x26, 0x23, 0x22, 0x07, 0x06, 0x06, 
0x01, 0xEE, 0xB1, 0xBA, 0xBA, 0xB1, 0x1A, 0x81, 0x81, 0xC9, 0xE3, 0x83, 0x81, 0x81, 0x83, 0xE3, 
0xD3, 0x81, 0x81, 0xB4, 0x9C, 0x85, 0x8B, 0x4C, 0x4C, 0x46, 0x41, 0x44, 0x58, 0x5A, 0x40, 0x41, 
0x46, 0x01, 0xDF, 0xFE, 0x21, 0x04, 0x31, 0xFE, 0x54, 0xD7, 0x79, 0x77, 0x94, 0x95, 0xFE, 0xF4, 
0xFE, 0xF7, 0x93, 0x96, 0x88, 0x85, 0x01, 0x25, 0xBB, 0xD1, 0x6B, 0x68, 0xC1, 0x79, 0xB0, 0x2D, 
0x2D, 0x2D, 0x2F, 0xB5, 0x00, 0x02, 0x00, 0x52, 0x00, 0xE5, 0x04, 0x0C, 0x04, 0x9C, 0x00, 0x2B, 
0x00, 0x39, 0x00, 0x53, 0x40, 0x48, 0x21, 0x1F, 0x13, 0x03, 0x37, 0x30, 0x09, 0x2B, 0x09, 0x02, 
0x29, 0x0B, 0x08, 0x00, 0x04, 0x37, 0x1F, 0x04, 0x0A, 0x11, 0x08, 0x1D, 0x15, 0x02, 0x1E, 0x1C, 
0x16, 0x14, 0x04, 0x21, 0x30, 0x19, 0x05, 0x06, 0x02, 0x04, 0x2A, 0x0A, 0x0A, 0x0A, 0x06, 0x0A, 
0x02, 0x0A, 0x2C, 0x2A, 0x29, 0x25, 0x1F, 0x1E, 0x06, 0x12, 0x14, 0x0A, 0x02, 0x33, 0x16, 0x02, 
0x15, 0x13, 0x0B, 0x09, 0x04, 0x75, 0x0F, 0x08, 0x13, 0x05, 0x01, 0x3B, 0x0F, 0x03, 0x2B, 0x2B, 
0x3F, 0x3F, 0x3F, 0x3F, 0x2B, 0x2B, 0x30, 0x01, 0x36, 0x37, 0x36, 0x33, 0x32, 0x17, 0x16, 0x17, 
0x37, 0x17, 0x07, 0x16, 0x17, 0x16, 0x15, 0x14, 0x07, 0x06, 0x07, 0x17, 0x07, 0x27, 0x0E, 0x01, 
0x23, 0x22, 0x26, 0x27, 0x07, 0x27, 0x37, 0x26, 0x27, 0x26, 0x27, 0x26, 0x35, 0x34, 0x37, 0x36, 
0x37, 0x27, 0x37, 0x13, 0x14, 0x17, 0x16, 0x33, 0x32, 0x36, 0x35, 0x34, 0x27, 0x26, 0x23, 0x22, 
0x06, 0x01, 0x5E, 0x38, 0x26, 0x27, 0x4A, 0x50, 0x29, 0x29, 0x35, 0x9E, 0x6A, 0xA2, 0x29, 0x0D, 
0x0A, 0x0A, 0x0D, 0x29, 0xA2, 0x6A, 0x9E, 0x3D, 0x56, 0x44, 0x3D, 0x56, 0x3C, 0xA2, 0x6A, 0xA4, 
0x15, 0x10, 0x13, 0x04, 0x06, 0x0F, 0x0C, 0x27, 0xA4, 0x6A, 0xB1, 0x39, 0x37, 0x50, 0x58, 0x7F, 
0x3F, 0x40, 0x54, 0x4E, 0x76, 0x03, 0xFE, 0x25, 0x0E, 0x0C, 0x0C, 0x0E, 0x25, 0x9E, 0x67, 0xA2, 
0x3B, 0x27, 0x27, 0x49, 0x4C, 0x25, 0x25, 0x3D, 0xA2, 0x67, 0xA0, 0x29, 0x1D, 0x1D, 0x29, 0xA0, 
0x67, 0xA2, 0x1C, 0x25, 0x23, 0x27, 0x25, 0x23, 0x41, 0x2D, 0x2B, 0x39, 0xA2, 0x67, 0xFE, 0x25, 
0x5B, 0x3D, 0x40, 0x7F, 0x59, 0x4F, 0x3C, 0x39, 0x77, 0x00, 0x00, 0x01, 0x00, 0x48, 0xFF, 0xE5, 
0x05, 0x6F, 0x05, 0xD7, 0x00, 0x2B, 0x00, 0x33, 0x40, 0x2C, 0x01, 0x01, 0x03, 0x16, 0x09, 0x03, 
0x1F, 0x28, 0x0C, 0x00, 0x08, 0x21, 0x16, 0x13, 0x00, 0x06, 0x19, 0x01, 0x1B, 0x18, 0x02, 0x0B, 
0x1E, 0x1D, 0x09, 0x11, 0x07, 0x03, 0x04, 0x17, 0x15, 0x13, 0x00, 0x04, 0x12, 0x63, 0x07, 0x23, 
0x00, 0x05, 0x01, 0x2D, 0x0F, 0x03, 0x2B, 0x2B, 0x2B, 0x2B, 0x30, 0x01, 0x23, 0x02, 0x21, 0x22, 
0x07, 0x06, 0x11, 0x10, 0x17, 0x16, 0x33, 0x32, 0x37, 0x36, 0x37, 0x36, 0x37, 0x36, 0x37, 0x21, 
0x35, 0x21, 0x11, 0x23, 0x27, 0x06, 0x07, 0x06, 0x23, 0x22, 0x27, 0x26, 0x27, 0x26, 0x35, 0x34, 
0x12, 0x37, 0x36, 0x33, 0x32, 0x17, 0x16, 0x05, 0x60, 0xD3, 0x54, 0xFE, 0xC7, 0xE5, 0x7D, 0x7F, 
0x81, 0x7F, 0xDF, 0x68, 0x5D, 0x5A, 0x41, 0x2F, 0x13, 0x10, 0x06, 0xFE, 0x38, 0x02, 0x81, 0x83, 
0x30, 0x68, 0x6B, 0x6A, 0x96, 0xC6, 0x9A, 0x9B, 0x52, 0x54, 0xAC, 0x9F, 0x9E, 0xD3, 0xF4, 0x9B, 
0x9C, 0x03, 0xF6, 0x01, 0x29, 0x9A, 0x9C, 0xFE, 0xEE, 0xFE, 0xF6, 0x98, 0x97, 0x2B, 0x29, 0x52, 
0x47, 0x3A, 0x37, 0x6E, 0xAA, 0xFC, 0xF4, 0xB4, 0x76, 0x2F, 0x32, 0x5D, 0x5A, 0xAA, 0xA8, 0xE5, 
0xE7, 0x01, 0x5F, 0x60, 0x5E, 0x79, 0x79, 0x00, 0x00, 0x01, 0x00, 0x48, 0xFF, 0xE5, 0x03, 0xA2, 
0x04, 0x4C, 0x00, 0x31, 0x00, 0x32, 0x40, 0x2A, 0x01, 0x01, 0x1E, 0x2A, 0x09, 0x1C, 0x01, 0x17, 
0x01, 0x1E, 0x21, 0x15, 0x0A, 0x05, 0x08, 0x05, 0x01, 0x2A, 0x23, 0x2E, 0x09, 0x08, 0x07, 0x02, 
0x04, 0x22, 0x1C, 0x1B, 0x17, 0x11, 0x08, 0x01, 0x07, 0x4E, 0x28, 0x00, 0x01, 0x05, 0x01, 0x33, 
0x0F, 0x03, 0x2B, 0x31, 0x00, 0x2B, 0x2B, 0x30, 0x13, 0x33, 0x16, 0x17, 0x16, 0x33, 0x32, 0x36, 
0x35, 0x34, 0x27, 0x26, 0x27, 0x25, 0x26, 0x27, 0x26, 0x35, 0x34, 0x37, 0x36, 0x33, 0x32, 0x17, 
0x16, 0x17, 0x16, 0x15, 0x23, 0x26, 0x23, 0x22, 0x07, 0x06, 0x15, 0x14, 0x17, 0x05, 0x1E, 0x01, 
0x15, 0x14, 0x07, 0x06, 0x07, 0x06, 0x23, 0x22, 0x27, 0x26, 0x48, 0xC0, 0x04, 0x3C, 0x39, 0x79, 
0x66, 0x7F, 0x14, 0x15, 0x3D, 0xFE, 0xB0, 0x66, 0x2B, 0x2B, 0x6E, 0x6D, 0xB2, 0x6E, 0x5B, 0x5A, 
0x35, 0x33, 0xB8, 0x06, 0xD5, 0x5A, 0x38, 0x37, 0x5C, 0x01, 0x3C, 0x7E, 0x63, 0x33, 0x36, 0x60, 
0x62, 0x81, 0xCD, 0x71, 0x70, 0x01, 0x5E, 0x6E, 0x32, 0x33, 0x56, 0x46, 0x25, 0x14, 0x15, 0x1A, 
0x90, 0x2F, 0x39, 0x3A, 0x53, 0x8A, 0x58, 0x56, 0x25, 0x27, 0x4E, 0x50, 0x6C, 0xAC, 0x23, 0x23, 
0x39, 0x3A, 0x24, 0x7D, 0x36, 0x72, 0x63, 0x66, 0x4C, 0x4E, 0x2B, 0x2D, 0x63, 0x62, 0x00, 0x01, 
0x00, 0xB8, 0xFE, 0xD9, 0x01, 0x56, 0x05, 0xBA, 0x00, 0x03, 0x00, 0x14, 0x40, 0x0C, 0x03, 0x01, 
0x0C, 0x76, 0x02, 0x00, 0x00, 0x05, 0x01, 0x05, 0x0F, 0x03, 0x2B, 0x31, 0x00, 0x3F, 0x2E, 0x30, 
0x13, 0x33, 0x11, 0x23, 0xB8, 0x9E, 0x9E, 0x05, 0xBA, 0xF9, 0x1F, 0x00, 0x00, 0x01, 0x00, 0x00, 
0xFE, 0xB4, 0x04, 0x5C, 0xFF, 0x50, 0x00, 0x03, 0x00, 0x17, 0x40, 0x10, 0x27, 0x01, 0x03, 0x00, 
0x06, 0x01, 0x04, 0x44, 0x02, 0x00, 0x00, 0x05, 0x01, 0x05, 0x0F, 0x03, 0x2B, 0x31, 0x00, 0x2B, 
0x30, 0x15, 0x21, 0x15, 0x21, 0x04, 0x5C, 0xFB, 0xA4, 0xB0, 0x9C, 0x00, 0x00, 0x02, 0x00, 0x83, 
0x00, 0x00, 0x01, 0x3D, 0x05, 0xBA, 0x00, 0x03, 0x00, 0x07, 0x00, 0x22, 0x40, 0x19, 0x03, 0x1A, 
0x01, 0x0C, 0x00, 0x08, 0x01, 0x04, 0x07, 0x09, 0x05, 0x0A, 0x06, 0x01, 0x04, 0x01, 0x6F, 0x02, 
0x00, 0x0A, 0x05, 0x01, 0x09, 0x0F, 0x03, 0x2B, 0x31, 0x00, 0x3F, 0x3F, 0x2B, 0x30, 0x13, 0x33, 
0x15, 0x23, 0x15, 0x33, 0x11, 0x23, 0x83, 0xBA, 0xBA, 0xBA, 0xBA, 0x05, 0xBA, 0xD3, 0xB6, 0xFB, 
0xCF, 0x00, 0x00, 0x01, 0x00, 0x71, 0x03, 0xA6, 0x01, 0x4C, 0x05, 0xBA, 0x00, 0x0A, 0x00, 0x1E, 
0x40, 0x16, 0x09, 0x17, 0x01, 0x0C, 0x00, 0x08, 0x01, 0x04, 0x04, 0x05, 0x01, 0x09, 0x01, 0x61, 
0x02, 0x00, 0x03, 0x05, 0x01, 0x0C, 0x0F, 0x03, 0x2B, 0x31, 0x00, 0x2E, 0x2B, 0x30, 0x13, 0x33, 
0x15, 0x10, 0x07, 0x35, 0x36, 0x37, 0x36, 0x37, 0x23, 0x71, 0xDB, 0xDB, 0x37, 0x16, 0x15, 0x08, 
0x6A, 0x05, 0xBA, 0xD3, 0xFE, 0xEE, 0x2F, 0x6A, 0x19, 0x27, 0x25, 0x5C, 0x00, 0x02, 0x00, 0x0E, 
0xFE, 0x48, 0x03, 0xDF, 0x05, 0xB6, 0x00, 0x12, 0x00, 0x23, 0x00, 0x29, 0x40, 0x1F, 0x20, 0x1C, 
0x18, 0x13, 0x0D, 0x0B, 0x01, 0x07, 0x13, 0x08, 0x07, 0x03, 0x0A, 0x00, 0x0A, 0x20, 0x1F, 0x18, 
0x17, 0x11, 0x0B, 0x06, 0x49, 0x03, 0x12, 0x01, 0x05, 0x01, 0x25, 0x0F, 0x03, 0x2B, 0x31, 0x00, 
0x3F, 0x3F, 0x3F, 0x2A, 0x30, 0x13, 0x09, 0x01, 0x33, 0x01, 0x06, 0x07, 0x06, 0x23, 0x22, 0x27, 
0x35, 0x16, 0x33, 0x32, 0x37, 0x36, 0x37, 0x01, 0x25, 0x22, 0x27, 0x26, 0x35, 0x33, 0x14, 0x17, 
0x16, 0x33, 0x32, 0x36, 0x35, 0x33, 0x14, 0x07, 0x06, 0xDF, 0x01, 0x1D, 0x01, 0x1B, 0xC8, 0xFE, 
0x52, 0x3D, 0x3C, 0x3B, 0x71, 0x47, 0x50, 0x43, 0x29, 0x44, 0x23, 0x20, 0x34, 0xFE, 0x72, 0x01, 
0xEE, 0x7F, 0x46, 0x45, 0xA6, 0x18, 0x19, 0x33, 0x35, 0x2D, 0xA2, 0x44, 0x43, 0x04, 0x31, 0xFC, 
0xAE, 0x03, 0x52, 0xFB, 0x56, 0x9B, 0x52, 0x52, 0x12, 0xAE, 0x16, 0x2D, 0x2D, 0xA2, 0x04, 0x43, 
0x98, 0x49, 0x48, 0x5C, 0x1C, 0x23, 0x23, 0x42, 0x20, 0x5E, 0x48, 0x47, 0x00, 0x01, 0x00, 0x83, 
0xFE, 0xF4, 0x04, 0x7D, 0x04, 0x31, 0x00, 0x18, 0x00, 0x30, 0x40, 0x26, 0x02, 0x01, 0x00, 0x01, 
0x0E, 0x23, 0x04, 0x09, 0x11, 0x07, 0x01, 0x04, 0x18, 0x14, 0x0A, 0x09, 0x0A, 0x74, 0x17, 0x18, 
0x00, 0x05, 0x01, 0x01, 0x70, 0x14, 0x12, 0x01, 0x06, 0x6F, 0x09, 0x08, 0x00, 0x06, 0x03, 0x1A, 
0x0F, 0x03, 0x2B, 0x31, 0x00, 0x3F, 0x3F, 0x2E, 0x2B, 0x30, 0x25, 0x23, 0x35, 0x06, 0x23, 0x22, 
0x26, 0x35, 0x11, 0x33, 0x11, 0x14, 0x17, 0x16, 0x33, 0x32, 0x37, 0x36, 0x35, 0x11, 0x33, 0x11, 
0x33, 0x11, 0x23, 0x03, 0xD1, 0xA4, 0x62, 0xEC, 0xC0, 0x9C, 0xBA, 0x30, 0x2D, 0x72, 0x8A, 0x4F, 
0x3E, 0xB8, 0xA2, 0xAC, 0x04, 0xA6, 0xC5, 0xD1, 0xC7, 0x02, 0xB4, 0xFD, 0x56, 0x8F, 0x35, 0x38, 
0x71, 0x56, 0xBE, 0x02, 0x21, 0xFC, 0x79, 0xFE, 0x4A, 0x00, 0x00, 0x01, 0x00, 0x83, 0x00, 0x04, 
0x03, 0xDB, 0x04, 0x31, 0x00, 0x15, 0x00, 0x28, 0x40, 0x1E, 0x0F, 0x01, 0x22, 0x06, 0x11, 0x10, 
0x06, 0x01, 0x04, 0x0E, 0x0C, 0x0A, 0x01, 0x0A, 0x0E, 0x01, 0x70, 0x0D, 0x0A, 0x01, 0x05, 0x6F, 
0x01, 0x00, 0x00, 0x06, 0x02, 0x17, 0x0F, 0x03, 0x2B, 0x31, 0x00, 0x3F, 0x3F, 0x2E, 0x2B, 0x30, 
0x13, 0x33, 0x11, 0x14, 0x17, 0x16, 0x33, 0x32, 0x37, 0x36, 0x3D, 0x01, 0x33, 0x11, 0x23, 0x11, 
0x06, 0x23, 0x22, 0x27, 0x26, 0x35, 0x83, 0xBA, 0x2D, 0x2E, 0x74, 0x8C, 0x4D, 0x3E, 0xB8, 0xAE, 
0x60, 0xEE, 0xBE, 0x4E, 0x50, 0x04, 0x31, 0xFE, 0xDF, 0x8F, 0x37, 0x38, 0x73, 0x52, 0xBC, 0x9E, 
0xFB, 0xD3, 0x02, 0x29, 0xC3, 0x6B, 0x68, 0xC7, 0x00, 0x01, 0x00, 0x04, 0x01, 0xCF, 0x04, 0x5C, 
0x02, 0x71, 0x00, 0x03, 0x00, 0x17, 0x40, 0x10, 0x24, 0x01, 0x03, 0x00, 0x06, 0x01, 0x04, 0x45, 
0x02, 0x00, 0x00, 0x05, 0x01, 0x05, 0x0F, 0x03, 0x2B, 0x31, 0x00, 0x2B, 0x30, 0x13, 0x21, 0x15, 
0x21, 0x04, 0x04, 0x58, 0xFB, 0xA8, 0x02, 0x71, 0xA2, 0x00, 0x00, 0x01, 0x00, 0x00, 0x01, 0xCF, 
0x07, 0xD9, 0x02, 0x71, 0x00, 0x03, 0x00, 0x17, 0x40, 0x10, 0x24, 0x01, 0x03, 0x00, 0x06, 0x01, 
0x04, 0x3A, 0x02, 0x00, 0x00, 0x05, 0x01, 0x05, 0x0F, 0x03, 0x2B, 0x31, 0x00, 0x2B, 0x30, 0x11, 
0x21, 0x15, 0x21, 0x07, 0xD9, 0xF8, 0x27, 0x02, 0x71, 0xA2, 0x00, 0x01, 0x00, 0x71, 0x03, 0xC9, 
0x01, 0x4C, 0x05, 0xD7, 0x00, 0x0C, 0x00, 0x1E, 0x40, 0x16, 0x18, 0x0B, 0x01, 0x00, 0x06, 0x01, 
0x04, 0x06, 0x0C, 0x07, 0x01, 0x0B, 0x01, 0x61, 0x00, 0x02, 0x09, 0x05, 0x01, 0x0E, 0x0F, 0x03, 
0x2B, 0x31, 0x00, 0x3F, 0x2B, 0x30, 0x01, 0x23, 0x35, 0x34, 0x37, 0x36, 0x37, 0x15, 0x06, 0x07, 
0x06, 0x07, 0x33, 0x01, 0x4C, 0xDB, 0x39, 0x37, 0x6B, 0x35, 0x15, 0x16, 0x07, 0x67, 0x03, 0xC9, 
0xCF, 0x85, 0x52, 0x52, 0x16, 0x68, 0x17, 0x27, 0x29, 0x5A, 0x00, 0x01, 0x00, 0x71, 0x03, 0xA6, 
0x01, 0x4C, 0x05, 0xBA, 0x00, 0x0A, 0x00, 0x1E, 0x40, 0x16, 0x09, 0x17, 0x01, 0x0C, 0x00, 0x08, 
0x01, 0x04, 0x04, 0x05, 0x01, 0x09, 0x01, 0x61, 0x02, 0x00, 0x03, 0x05, 0x01, 0x0C, 0x0F, 0x03, 
0x2B, 0x31, 0x00, 0x2E, 0x2B, 0x30, 0x13, 0x33, 0x15, 0x10, 0x07, 0x35, 0x36, 0x37, 0x36, 0x37, 
0x23, 0x71, 0xDB, 0xDB, 0x37, 0x16, 0x15, 0x08, 0x6A, 0x05, 0xBA, 0xD3, 0xFE, 0xEE, 0x2F, 0x6A, 
0x19, 0x27, 0x25, 0x5C, 0x00, 0x03, 0x00, 0x83, 0x00, 0x00, 0x04, 0x04, 0x04, 0x31, 0x00, 0x0E, 
0x00, 0x18, 0x00, 0x21, 0x00, 0x33, 0x40, 0x2C, 0x20, 0x28, 0x03, 0x0A, 0x00, 0x08, 0x09, 0x01, 
0x24, 0x19, 0x10, 0x01, 0x06, 0x12, 0x23, 0x01, 0x09, 0x00, 0x07, 0x03, 0x04, 0x6E, 0x0B, 0x16, 
0x00, 0x05, 0x09, 0x01, 0x70, 0x07, 0x1B, 0x01, 0x06, 0x21, 0x01, 0x6F, 0x11, 0x02, 0x08, 0x06, 
0x03, 0x23, 0x0F, 0x03, 0x2B, 0x31, 0x00, 0x2B, 0x30, 0x29, 0x01, 0x11, 0x21, 0x32, 0x17, 0x16, 
0x15, 0x14, 0x07, 0x16, 0x15, 0x14, 0x07, 0x06, 0x03, 0x21, 0x11, 0x21, 0x32, 0x37, 0x36, 0x35, 
0x34, 0x26, 0x27, 0x32, 0x35, 0x34, 0x27, 0x26, 0x23, 0x21, 0x11, 0x02, 0xC1, 0xFD, 0xC2, 0x02, 
0x10, 0xA6, 0x52, 0x50, 0xAE, 0xD7, 0x64, 0x67, 0xA6, 0xFE, 0xAA, 0x01, 0x5F, 0x4B, 0x32, 0x2F, 
0x63, 0x87, 0xC5, 0x33, 0x36, 0x5C, 0xFE, 0xDF, 0x04, 0x31, 0x4A, 0x4B, 0x6F, 0xA6, 0x4A, 0x37, 
0xEF, 0x6D, 0x54, 0x56, 0x01, 0xE3, 0xFE, 0xC3, 0x2B, 0x2B, 0x43, 0x42, 0x62, 0xA2, 0x9E, 0x39, 
0x1F, 0x1D, 0xFE, 0xED, 0x00, 0x02, 0x00, 0x3F, 0x03, 0xC9, 0x02, 0x5E, 0x05, 0xD7, 0x00, 0x0B, 
0x00, 0x18, 0x00, 0x2E, 0x40, 0x25, 0x17, 0x01, 0x0D, 0x01, 0x18, 0x0A, 0x01, 0x0A, 0x06, 0x01, 
0x04, 0x12, 0x0C, 0x05, 0x0C, 0x06, 0x01, 0x0A, 0x01, 0x60, 0x00, 0x02, 0x09, 0x05, 0x13, 0x01, 
0x17, 0x01, 0x5F, 0x0C, 0x0E, 0x09, 0x06, 0x02, 0x1A, 0x0F, 0x03, 0x2B, 0x31, 0x00, 0x3F, 0x3F, 
0x2B, 0x30, 0x01, 0x23, 0x35, 0x34, 0x36, 0x37, 0x15, 0x06, 0x07, 0x06, 0x07, 0x33, 0x05, 0x23, 
0x35, 0x34, 0x37, 0x36, 0x37, 0x15, 0x06, 0x07, 0x06, 0x07, 0x33, 0x02, 0x5E, 0xDD, 0x71, 0x6C, 
0x37, 0x15, 0x16, 0x06, 0x68, 0xFE, 0xC1, 0xE0, 0x3C, 0x39, 0x6B, 0x36, 0x16, 0x19, 0x06, 0x6B, 
0x03, 0xC9, 0xCF, 0x85, 0xA4, 0x16, 0x68, 0x15, 0x25, 0x27, 0x60, 0xE5, 0xCF, 0x85, 0x54, 0x52, 
0x14, 0x68, 0x17, 0x27, 0x27, 0x5C, 0x00, 0x02, 0x00, 0x3F, 0x03, 0xA6, 0x02, 0x5E, 0x05, 0xBA, 
0x00, 0x0C, 0x00, 0x17, 0x00, 0x2D, 0x40, 0x24, 0x0E, 0x01, 0x16, 0x01, 0x0B, 0x17, 0x01, 0x0C, 
0x0A, 0x08, 0x01, 0x04, 0x12, 0x06, 0x13, 0x01, 0x16, 0x01, 0x60, 0x0F, 0x0D, 0x03, 0x05, 0x07, 
0x01, 0x0B, 0x01, 0x5F, 0x02, 0x00, 0x03, 0x06, 0x02, 0x19, 0x0F, 0x03, 0x2B, 0x31, 0x00, 0x2E, 
0x2E, 0x2B, 0x30, 0x13, 0x33, 0x15, 0x14, 0x07, 0x06, 0x07, 0x35, 0x36, 0x37, 0x36, 0x37, 0x23, 
0x25, 0x33, 0x15, 0x14, 0x06, 0x07, 0x35, 0x3E, 0x01, 0x37, 0x23, 0x3F, 0xE0, 0x3A, 0x39, 0x6D, 
0x3C, 0x14, 0x15, 0x06, 0x6B, 0x01, 0x42, 0xDD, 0x72, 0x6B, 0x3D, 0x29, 0x02, 0x68, 0x05, 0xBA, 
0xD3, 0x85, 0x52, 0x52, 0x18, 0x6A, 0x19, 0x27, 0x25, 0x5C, 0xE9, 0xD3, 0x85, 0xA4, 0x18, 0x6A, 
0x19, 0x4E, 0x5A, 0x00, 0x00, 0x01, 0x00, 0x39, 0xFF, 0xE5, 0x03, 0x93, 0x04, 0x4C, 0x00, 0x2E, 
0x00, 0x31, 0x40, 0x29, 0x24, 0x0B, 0x00, 0x03, 0x11, 0x2B, 0x09, 0x14, 0x01, 0x11, 0x21, 0x1A, 
0x0A, 0x04, 0x08, 0x2B, 0x23, 0x04, 0x09, 0x00, 0x07, 0x02, 0x04, 0x2E, 0x28, 0x24, 0x20, 0x14, 
0x13, 0x0E, 0x0B, 0x08, 0x4E, 0x00, 0x07, 0x01, 0x05, 0x01, 0x30, 0x0F, 0x03, 0x2B, 0x31, 0x00, 
0x2B, 0x2B, 0x30, 0x01, 0x14, 0x07, 0x06, 0x23, 0x22, 0x26, 0x35, 0x34, 0x37, 0x36, 0x37, 0x25, 
0x36, 0x35, 0x34, 0x26, 0x23, 0x22, 0x07, 0x23, 0x34, 0x37, 0x36, 0x37, 0x36, 0x33, 0x32, 0x17, 
0x16, 0x17, 0x16, 0x15, 0x14, 0x07, 0x06, 0x07, 0x05, 0x0E, 0x01, 0x15, 0x14, 0x16, 0x33, 0x32, 
0x36, 0x37, 0x03, 0x93, 0x6E, 0x6F, 0xD1, 0xC2, 0xEA, 0x34, 0x31, 0x81, 0x01, 0x39, 0x5A, 0x6E, 
0x5B, 0xCE, 0x0D, 0xB8, 0x35, 0x33, 0x5D, 0x5A, 0x6E, 0x71, 0x5C, 0x5A, 0x33, 0x32, 0x29, 0x2B, 
0x69, 0xFE, 0xB0, 0x3F, 0x27, 0x81, 0x66, 0x7D, 0x6F, 0x04, 0x01, 0x5E, 0xB6, 0x60, 0x63, 0xBD, 
0x9B, 0x63, 0x39, 0x37, 0x38, 0x7D, 0x24, 0x3A, 0x39, 0x46, 0xAC, 0x6C, 0x50, 0x4E, 0x27, 0x25, 
0x27, 0x27, 0x48, 0x47, 0x5B, 0x56, 0x37, 0x39, 0x2F, 0x90, 0x1C, 0x27, 0x25, 0x46, 0x56, 0x65, 
0x6E, 0x00, 0x00, 0x02, 0x00, 0x56, 0xFF, 0xE5, 0x04, 0x42, 0x04, 0x4C, 0x00, 0x28, 0x00, 0x34, 
0x00, 0x47, 0x40, 0x3D, 0x2B, 0x29, 0x1F, 0x1D, 0x0A, 0x05, 0x24, 0x0C, 0x09, 0x00, 0x01, 0x24, 
0x21, 0x04, 0x0A, 0x04, 0x08, 0x15, 0x10, 0x02, 0x31, 0x01, 0x11, 0x01, 0x0C, 0x23, 0x17, 0x09, 
0x19, 0x07, 0x02, 0x04, 0x13, 0x09, 0x28, 0x01, 0x29, 0x2D, 0x09, 0x11, 0x01, 0x20, 0x15, 0x02, 
0x6F, 0x07, 0x29, 0x11, 0x05, 0x1D, 0x00, 0x02, 0x69, 0x2D, 0x1B, 0x01, 0x06, 0x02, 0x36, 0x0F, 
0x03, 0x2B, 0x2B, 0x31, 0x00, 0x3F, 0x2B, 0x2B, 0x30, 0x13, 0x36, 0x37, 0x36, 0x21, 0x32, 0x16, 
0x15, 0x11, 0x14, 0x17, 0x16, 0x33, 0x36, 0x37, 0x32, 0x33, 0x15, 0x06, 0x23, 0x22, 0x27, 0x06, 
0x23, 0x22, 0x27, 0x26, 0x35, 0x34, 0x37, 0x36, 0x25, 0x35, 0x34, 0x27, 0x26, 0x23, 0x22, 0x07, 
0x06, 0x07, 0x05, 0x04, 0x07, 0x06, 0x15, 0x14, 0x17, 0x16, 0x33, 0x32, 0x36, 0x35, 0x83, 0x0A, 
0x34, 0x6C, 0x01, 0x04, 0xC5, 0xD7, 0x0E, 0x0C, 0x25, 0x0B, 0x08, 0x08, 0x1B, 0x46, 0x2B, 0x9C, 
0x0E, 0x9C, 0xD7, 0x99, 0x63, 0x62, 0xBA, 0xB9, 0x01, 0x4E, 0x34, 0x35, 0x7D, 0x73, 0x39, 0x3B, 
0x06, 0x01, 0xD0, 0xFE, 0xC3, 0x48, 0x70, 0x35, 0x35, 0x5A, 0x7D, 0xB4, 0x02, 0xE3, 0x87, 0x4C, 
0x96, 0x98, 0xBE, 0xFE, 0x06, 0x39, 0x1B, 0x1D, 0x02, 0x02, 0x8B, 0x16, 0xA1, 0xAA, 0x58, 0x59, 
0x8D, 0xE3, 0x42, 0x3F, 0x1F, 0x35, 0x6B, 0x2F, 0x2D, 0x2D, 0x2D, 0x65, 0xCC, 0x2E, 0x24, 0x27, 
0x6D, 0x4E, 0x2B, 0x2D, 0x94, 0x66, 0x00, 0x01, 0x01, 0x8F, 0x01, 0x7D, 0x03, 0x14, 0x03, 0x00, 
0x00, 0x0D, 0x00, 0x17, 0x40, 0x10, 0x10, 0x03, 0x0A, 0x00, 0x06, 0x01, 0x04, 0x59, 0x06, 0x00, 
0x00, 0x05, 0x01, 0x0F, 0x0F, 0x03, 0x2B, 0x31, 0x00, 0x2B, 0x30, 0x01, 0x34, 0x36, 0x33, 0x32, 
0x16, 0x15, 0x14, 0x07, 0x06, 0x23, 0x22, 0x27, 0x26, 0x01, 0x8F, 0x6F, 0x52, 0x56, 0x6E, 0x39, 
0x39, 0x52, 0x4E, 0x39, 0x3A, 0x02, 0x3D, 0x50, 0x73, 0x73, 0x50, 0x49, 0x3C, 0x3B, 0x3B, 0x3C, 
0x00, 0x03, 0x00, 0xE1, 0x00, 0x00, 0x06, 0xF6, 0x00, 0xE5, 0x00, 0x03, 0x00, 0x07, 0x00, 0x0B, 
0x00, 0x28, 0x40, 0x21, 0x09, 0x05, 0x02, 0x0B, 0x07, 0x02, 0x01, 0x18, 0x03, 0x09, 0x0A, 0x07, 
0x01, 0x04, 0x62, 0x0A, 0x08, 0x00, 0x05, 0x61, 0x06, 0x04, 0x00, 0x06, 0x61, 0x02, 0x00, 0x00, 
0x06, 0x03, 0x0D, 0x0F, 0x03, 0x2B, 0x31, 0x00, 0x2B, 0x30, 0x37, 0x33, 0x15, 0x23, 0x25, 0x33, 
0x15, 0x23, 0x25, 0x33, 0x15, 0x23, 0xE1, 0xDB, 0xDB, 0x02, 0xA0, 0xDB, 0xDB, 0x02, 0x9C, 0xD9, 
0xD9, 0xE5, 0xE5, 0xE5, 0xE5, 0xE5, 0xE5, 0x00, 0x00, 0x02, 0x00, 0x48, 0xFE, 0x48, 0x03, 0xD7, 
0x04, 0x4C, 0x00, 0x21, 0x00, 0x31, 0x00, 0x41, 0x40, 0x37, 0x0E, 0x01, 0x18, 0x11, 0x09, 0x00, 
0x01, 0x2E, 0x21, 0x20, 0x0A, 0x04, 0x08, 0x15, 0x01, 0x26, 0x23, 0x18, 0x09, 0x01, 0x07, 0x11, 
0x21, 0x09, 0x07, 0x00, 0x07, 0x03, 0x04, 0x02, 0x0A, 0x0E, 0x01, 0x15, 0x22, 0x09, 0x2A, 0x00, 
0x02, 0x6D, 0x03, 0x15, 0x01, 0x05, 0x0D, 0x01, 0x6B, 0x22, 0x1C, 0x01, 0x06, 0x02, 0x33, 0x0F, 
0x03, 0x2B, 0x2B, 0x31, 0x00, 0x3F, 0x2B, 0x2B, 0x30, 0x01, 0x35, 0x33, 0x11, 0x14, 0x07, 0x06, 
0x07, 0x06, 0x23, 0x22, 0x27, 0x26, 0x27, 0x33, 0x1E, 0x01, 0x33, 0x32, 0x37, 0x36, 0x35, 0x0E, 
0x01, 0x23, 0x22, 0x27, 0x26, 0x11, 0x10, 0x37, 0x36, 0x33, 0x32, 0x01, 0x14, 0x17, 0x16, 0x33, 
0x32, 0x37, 0x36, 0x35, 0x34, 0x27, 0x26, 0x23, 0x22, 0x07, 0x06, 0x03, 0x23, 0xB4, 0x23, 0x23, 
0x64, 0x66, 0xBB, 0xC2, 0x61, 0x62, 0x16, 0xB8, 0x16, 0x63, 0x66, 0x96, 0x3D, 0x3C, 0x44, 0x89, 
0x61, 0xC0, 0x71, 0x70, 0x70, 0x71, 0xC5, 0xC4, 0xFE, 0x5A, 0x4A, 0x48, 0x79, 0x76, 0x4A, 0x48, 
0x48, 0x48, 0x78, 0x7B, 0x48, 0x48, 0x03, 0xA0, 0x91, 0xFC, 0x75, 0xC1, 0x81, 0x83, 0x4B, 0x4E, 
0x4E, 0x4B, 0xAE, 0x5A, 0x43, 0x58, 0x56, 0xE1, 0x56, 0x46, 0x92, 0x91, 0x01, 0x00, 0x01, 0x08, 
0x9E, 0x9E, 0xFD, 0xCB, 0xB3, 0x6C, 0x6D, 0x6D, 0x6C, 0xB3, 0xB6, 0x6A, 0x6B, 0x6B, 0x6A, 0x00, 
0x00, 0x04, 0x00, 0xB0, 0x00, 0x00, 0x08, 0x0A, 0x05, 0xD7, 0x00, 0x09, 0x00, 0x17, 0x00, 0x23, 
0x00, 0x27, 0x00, 0x53, 0x40, 0x45, 0x07, 0x01, 0x20, 0x1C, 0x09, 0x20, 0x2F, 0x0E, 0x0C, 0x00, 
0x08, 0x2C, 0x1C, 0x15, 0x00, 0x06, 0x2B, 0x26, 0x24, 0x00, 0x06, 0x03, 0x04, 0x02, 0x09, 0x09, 
0x06, 0x09, 0x04, 0x0C, 0x01, 0x0C, 0x25, 0x01, 0x0A, 0x05, 0x06, 0x01, 0x02, 0x02, 0x07, 0x02, 
0x09, 0x27, 0x01, 0x7D, 0x12, 0x1E, 0x10, 0x05, 0x7B, 0x18, 0x0A, 0x00, 0x06, 0x67, 0x05, 0x02, 
0x00, 0x06, 0x67, 0x07, 0x00, 0x00, 0x06, 0x04, 0x29, 0x0F, 0x03, 0x2B, 0x2A, 0x31, 0x00, 0x3F, 
0x3F, 0x3F, 0x3F, 0x2E, 0x2B, 0x2B, 0x30, 0x13, 0x33, 0x01, 0x11, 0x33, 0x11, 0x23, 0x01, 0x11, 
0x23, 0x01, 0x34, 0x37, 0x36, 0x33, 0x32, 0x17, 0x16, 0x15, 0x14, 0x06, 0x23, 0x22, 0x26, 0x37, 
0x14, 0x17, 0x16, 0x33, 0x32, 0x35, 0x34, 0x23, 0x22, 0x07, 0x06, 0x03, 0x35, 0x21, 0x15, 0xB0, 
0xE8, 0x02, 0x99, 0xCD, 0xE5, 0xFD, 0x64, 0xCD, 0x04, 0xD9, 0x52, 0x52, 0x8D, 0x8A, 0x4D, 0x4E, 
0xA4, 0x89, 0x89, 0xA0, 0x8B, 0x29, 0x29, 0x4C, 0xA6, 0xA2, 0x4E, 0x29, 0x2B, 0xB2, 0x02, 0xA8, 
0x05, 0xBA, 0xFB, 0x7F, 0x04, 0x81, 0xFA, 0x46, 0x04, 0x89, 0xFB, 0x77, 0x04, 0x7D, 0xA0, 0x5E, 
0x5C, 0x5C, 0x5C, 0x9A, 0x99, 0xBB, 0xB4, 0xA4, 0x66, 0x37, 0x3A, 0xD7, 0xD3, 0x35, 0x37, 0xFD, 
0x64, 0x87, 0x87, 0x00, 0x00, 0x03, 0x00, 0xB0, 0x00, 0x00, 0x04, 0xD7, 0x07, 0x60, 0x00, 0x0B, 
0x00, 0x0F, 0x00, 0x13, 0x00, 0x3C, 0x40, 0x36, 0x10, 0x01, 0x12, 0x01, 0x16, 0x0D, 0x0F, 0x0A, 
0x06, 0x02, 0x1F, 0x01, 0x0C, 0x00, 0x08, 0x1F, 0x04, 0x06, 0x00, 0x06, 0x08, 0x1F, 0x0B, 0x09, 
0x00, 0x07, 0x04, 0x04, 0x0A, 0x06, 0x02, 0x03, 0x12, 0x70, 0x11, 0x13, 0x00, 0x05, 0x70, 0x0E, 
0x0C, 0x00, 0x06, 0x08, 0x01, 0x67, 0x04, 0x00, 0x08, 0x06, 0x03, 0x15, 0x0F, 0x03, 0x2B, 0x2B, 
0x2B, 0x30, 0x13, 0x21, 0x15, 0x21, 0x11, 0x21, 0x15, 0x21, 0x11, 0x21, 0x15, 0x21, 0x13, 0x33, 
0x15, 0x23, 0x25, 0x15, 0x23, 0x35, 0xB0, 0x04, 0x1D, 0xFC, 0xB0, 0x03, 0x10, 0xFC, 0xF0, 0x03, 
0x5A, 0xFB, 0xD9, 0xF2, 0xB8, 0xB8, 0x02, 0x14, 0xB8, 0x05, 0xBA, 0xB8, 0xFE, 0x52, 0xB8, 0xFE, 
0x1C, 0xB8, 0x07, 0x60, 0xED, 0xED, 0xED, 0xED, 0x00, 0x02, 0x00, 0x6D, 0x02, 0x4C, 0x07, 0x37, 
0x05, 0xBA, 0x00, 0x0C, 0x00, 0x14, 0x00, 0x3E, 0x40, 0x36, 0x0A, 0x00, 0x02, 0x06, 0x03, 0x02, 
0x12, 0x01, 0x0E, 0x2C, 0x0D, 0x0C, 0x0E, 0x08, 0x01, 0x04, 0x11, 0x0B, 0x08, 0x05, 0x02, 0x05, 
0x13, 0x14, 0x01, 0x12, 0x0C, 0x0B, 0x0A, 0x03, 0x02, 0x06, 0x09, 0x7B, 0x01, 0x02, 0x00, 0x05, 
0x0E, 0x01, 0x7A, 0x06, 0x09, 0x04, 0x06, 0x77, 0x0F, 0x11, 0x00, 0x06, 0x03, 0x16, 0x0F, 0x03, 
0x2B, 0x2B, 0x2B, 0x2A, 0x2B, 0x30, 0x01, 0x11, 0x23, 0x11, 0x01, 0x23, 0x01, 0x11, 0x23, 0x11, 
0x33, 0x13, 0x13, 0x21, 0x15, 0x21, 0x11, 0x23, 0x11, 0x21, 0x35, 0x07, 0x37, 0x8B, 0xFE, 0xE5, 
0x54, 0xFE, 0xF4, 0x91, 0xE9, 0xE1, 0xEA, 0xFC, 0xB8, 0xFF, 0x00, 0x9B, 0xFE, 0xFC, 0x05, 0xBA, 
0xFC, 0x92, 0x02, 0xE3, 0xFD, 0x1D, 0x02, 0xE3, 0xFD, 0x1D, 0x03, 0x6E, 0xFD, 0x9E, 0x02, 0x62, 
0x81, 0xFD, 0x13, 0x02, 0xED, 0x81, 0x00, 0x00, 0x06, 0x00, 0x01, 0x00, 0x00, 0x00, 0x00, 0x00, 
0x02, 0x58, 0x00, 0x00, 0x02, 0x58, 0x00, 0xAA, 0x02, 0xF6, 0x00, 0x6A, 0x04, 0x7D, 0x00, 0x17, 
0x04, 0x7D, 0x00, 0x3B, 0x07, 0x2F, 0x00, 0xB4, 0x05, 0x66, 0x00, 0x71, 0x01, 0x9E, 0x00, 0x62, 
0x02, 0xCD, 0x00, 0x9A, 0x02, 0xCD, 0x00, 0x17, 0x03, 0x3D, 0x00, 0x2D, 0x04, 0xC5, 0x00, 0x66, 
0x02, 0x58, 0x00, 0xAA, 0x02, 0xCD, 0x00, 0x66, 0x02, 0x58, 0x00, 0xAA, 0x02, 0x58, 0xFF, 0xCF, 
0x04, 0x7D, 0x00, 0x48, 0x04, 0x7D, 0x00, 0xB4, 0x04, 0x7D, 0x00, 0x48, 0x04, 0x7D, 0x00, 0x3F, 
0x04, 0x7D, 0x00, 0x29, 0x04, 0x7D, 0x00, 0x48, 0x04, 0x7D, 0x00, 0x4C, 0x04, 0x7D, 0x00, 0x50, 
0x04, 0x7D, 0x00, 0x4C, 0x04, 0x7D, 0x00, 0x4C, 0x02, 0x58, 0x00, 0xAA, 0x02, 0x58, 0x00, 0xAA, 
0x04, 0xC5, 0x00, 0x66, 0x04, 0xC5, 0x00, 0x66, 0x04, 0xC5, 0x00, 0x66, 0x04, 0x7D, 0x00, 0x75, 
0x08, 0x2B, 0x01, 0x29, 0x05, 0x66, 0x00, 0x12, 0x05, 0x66, 0x00, 0xB0, 0x05, 0xBE, 0x00, 0x48, 
0x05, 0xBE, 0x00, 0xB0, 0x05, 0x66, 0x00, 0xB0, 0x04, 0xF2, 0x00, 0xB0, 0x06, 0x4E, 0x00, 0x48, 
0x05, 0xBE, 0x00, 0xB0, 0x02, 0x58, 0x00, 0xB0, 0x04, 0x0C, 0x00, 0x1B, 0x05, 0x66, 0x00, 0xB0, 
0x04, 0x7D, 0x00, 0xB0, 0x06, 0xBA, 0x00, 0xB0, 0x05, 0xBE, 0x00, 0xB0, 0x06, 0x4E, 0x00, 0x48, 
0x05, 0x66, 0x00, 0xB0, 0x06, 0x4E, 0x00, 0x48, 0x05, 0xBE, 0x00, 0xB0, 0x05, 0x66, 0x00, 0x56, 
0x04, 0xF2, 0x00, 0x1B, 0x05, 0xBE, 0x00, 0x9E, 0x05, 0x66, 0x00, 0x00, 0x07, 0x8D, 0x00, 0x0E, 
0x05, 0x66, 0x00, 0x0E, 0x05, 0x66, 0x00, 0x00, 0x04, 0xF2, 0x00, 0x31, 0x02, 0x58, 0x00, 0x83, 
0x02, 0x58, 0x00, 0x0E, 0x02, 0x58, 0x00, 0x48, 0x03, 0xDB, 0x00, 0xAE, 0x04, 0x7D, 0x00, 0x00, 
0x02, 0xCD, 0x00, 0x93, 0x04, 0x7D, 0x00, 0x56, 0x04, 0x7D, 0x00, 0x83, 0x04, 0x0C, 0x00, 0x48, 
0x04, 0x7D, 0x00, 0x48, 0x04, 0x7D, 0x00, 0x48, 0x02, 0x58, 0x00, 0x0E, 0x04, 0x7D, 0x00, 0x48, 
0x04, 0x7D, 0x00, 0x83, 0x01, 0xE5, 0x00, 0x83, 0x01, 0xE5, 0xFF, 0xD7, 0x04, 0x0C, 0x00, 0x83, 
0x01, 0xE5, 0x00, 0x83, 0x06, 0xBA, 0x00, 0x83, 0x04, 0x7D, 0x00, 0x83, 0x04, 0x7D, 0x00, 0x48, 
0x04, 0x7D, 0x00, 0x83, 0x04, 0x7D, 0x00, 0x48, 0x02, 0xCD, 0x00, 0x83, 0x04, 0x0C, 0x00, 0x48, 
0x02, 0x58, 0x00, 0x1B, 0x04, 0x7D, 0x00, 0x83, 0x04, 0x0C, 0x00, 0x0E, 0x05, 0xBE, 0x00, 0x0E, 
0x04, 0x0C, 0x00, 0x0E, 0x04, 0x0C, 0x00, 0x0E, 0x04, 0x0C, 0x00, 0x48, 0x02, 0xCD, 0x00, 0x50, 
0x02, 0x29, 0x00, 0xB8, 0x02, 0xCD, 0x00, 0x48, 0x04, 0xC5, 0x00, 0x66, 0x05, 0x79, 0x00, 0x12, 
0x05, 0x66, 0x00, 0xB0, 0x05, 0x66, 0x00, 0xB0, 0x04, 0x6A, 0x00, 0xB0, 0x05, 0xAA, 0x00, 0x3B, 
0x05, 0x91, 0x00, 0xB0, 0x09, 0x10, 0x00, 0x3F, 0x05, 0x35, 0x00, 0x75, 0x05, 0xBE, 0x00, 0xC5, 
0x05, 0xD7, 0x00, 0xC5, 0x05, 0xD7, 0x00, 0xB0, 0x05, 0xD7, 0x00, 0xB0, 0x06, 0x91, 0x00, 0xB0, 
0x05, 0xBE, 0x00, 0xB0, 0x06, 0x64, 0x00, 0x48, 0x05, 0xBE, 0x00, 0xB0, 0x05, 0x91, 0x00, 0xB0, 
0x05, 0xD7, 0x00, 0x48, 0x05, 0x35, 0x00, 0x1B, 0x05, 0x4C, 0x00, 0x39, 0x07, 0x2F, 0x00, 0x48, 
0x05, 0x79, 0x00, 0x0E, 0x06, 0x33, 0x00, 0xB0, 0x05, 0xD7, 0x00, 0xB0, 0x08, 0x14, 0x00, 0xB0, 
0x08, 0x89, 0x00, 0xB0, 0x06, 0xD5, 0x00, 0x1B, 0x07, 0x4A, 0x00, 0xB0, 0x05, 0xAA, 0x00, 0xB0, 
0x06, 0x06, 0x00, 0x52, 0x08, 0x9C, 0x00, 0xB0, 0x05, 0xF0, 0x00, 0x7D, 0x04, 0xAE, 0x00, 0x48, 
0x03, 0xC9, 0x00, 0x48, 0x04, 0x7D, 0x00, 0x6D, 0x04, 0x7D, 0x00, 0x3F, 0x04, 0x7D, 0x00, 0x52, 
0x04, 0x7D, 0x01, 0x8F, 0x04, 0x7D, 0x00, 0x56, 0x02, 0x58, 0x00, 0xAA, 0x06, 0x64, 0xFF, 0xEE, 
0x06, 0x64, 0xFF, 0xEE, 0x07, 0xFE, 0x00, 0x6D, 0x08, 0x46, 0x00, 0x23, 0x04, 0xC5, 0x00, 0x8B, 
0x05, 0x08, 0x00, 0x66, 0x04, 0x7D, 0x00, 0xB0, 0x03, 0xF6, 0x00, 0x39, 0x05, 0xAA, 0x00, 0x5E, 
0x04, 0x7D, 0x00, 0x48, 0x04, 0xC5, 0x00, 0x7D, 0x04, 0xD7, 0x00, 0x66, 0x04, 0xD7, 0x00, 0x04, 
0x04, 0x93, 0x00, 0x83, 0x04, 0x6A, 0x00, 0x48, 0x04, 0x23, 0x00, 0x1B, 0x05, 0xF0, 0x00, 0x52, 
0x04, 0x7D, 0x00, 0x50, 0x02, 0xDF, 0x00, 0x3F, 0x02, 0x9C, 0x00, 0x44, 0x01, 0xFA, 0x00, 0xB0, 
0x01, 0xCF, 0xFF, 0xD7, 0x05, 0x66, 0x00, 0x56, 0x04, 0xF2, 0x00, 0x66, 0x05, 0x79, 0x00, 0x3F, 
0x04, 0x93, 0x00, 0x2D, 0x04, 0x93, 0x00, 0x66, 0x05, 0x91, 0x00, 0x62, 0x04, 0x6A, 0x00, 0xC1, 
0x04, 0x23, 0x00, 0x87, 0x07, 0xA4, 0x00, 0xE1, 0x01, 0xE5, 0x00, 0x83, 0x02, 0x9C, 0x00, 0x8B, 
0x02, 0x9C, 0x00, 0x79, 0x05, 0xF0, 0x00, 0xB0, 0x04, 0x50, 0x00, 0x83, 0x03, 0xF6, 0x00, 0x48, 
0x04, 0xD7, 0x00, 0x04, 0x08, 0x73, 0x00, 0x00, 0x03, 0x10, 0x00, 0x3F, 0x03, 0x10, 0x00, 0x3F, 
0x01, 0xFA, 0x00, 0x71, 0x01, 0xFA, 0x00, 0x71, 0x04, 0x7D, 0x00, 0x48, 0x02, 0xF6, 0x00, 0x3F, 
0x05, 0x4C, 0x00, 0x39, 0x03, 0xF6, 0x00, 0x0E, 0x04, 0x6A, 0x00, 0x48, 0x02, 0x3D, 0x00, 0xAA, 
0x08, 0x73, 0x00, 0xB0, 0x05, 0x79, 0x00, 0xB0, 0x04, 0x7D, 0x00, 0x48, 0x04, 0x93, 0x00, 0x81, 
0x04, 0x7D, 0x00, 0x56, 0x04, 0x7D, 0x00, 0x44, 0x04, 0x6A, 0x00, 0x83, 0x04, 0x0C, 0x00, 0x39, 
0x04, 0x39, 0x00, 0x48, 0x04, 0x7D, 0x00, 0x48, 0x06, 0xEC, 0x00, 0x52, 0x04, 0x23, 0x00, 0x4C, 
0x04, 0x6A, 0x00, 0x83, 0x04, 0x7D, 0x00, 0x83, 0x04, 0x7D, 0x00, 0x83, 0x04, 0x7D, 0x00, 0x93, 
0x05, 0xBE, 0x00, 0x83, 0x04, 0x50, 0x00, 0x83, 0x04, 0xAE, 0x00, 0x48, 0x04, 0x50, 0x00, 0x83, 
0x04, 0x93, 0x00, 0x83, 0x04, 0x7D, 0x00, 0x48, 0x06, 0x77, 0x00, 0x83, 0x04, 0x39, 0x00, 0x0E, 
0x07, 0x19, 0x00, 0x44, 0x04, 0x39, 0x00, 0x0E, 0x04, 0xD7, 0x00, 0x83, 0x04, 0x50, 0x00, 0x83, 
0x06, 0x4E, 0x00, 0x6A, 0x06, 0xEC, 0x00, 0x6A, 0x05, 0xBE, 0x00, 0x79, 0x05, 0xF0, 0x00, 0x83, 
0x04, 0x7D, 0x00, 0x83, 0x04, 0x50, 0x00, 0x48, 0x06, 0x1D, 0x00, 0x83, 0x04, 0x6A, 0x00, 0x52, 
0x02, 0x58, 0x00, 0x00, 0x06, 0x4E, 0x00, 0x48, 0x04, 0x0C, 0x00, 0x48, 0x02, 0x29, 0x00, 0xB8, 
0x04, 0x7D, 0x00, 0x00, 0x01, 0xE5, 0x00, 0x83, 0x01, 0xFA, 0x00, 0x71, 0x03, 0xF6, 0x00, 0x0E, 
0x04, 0xD7, 0x00, 0x83, 0x04, 0x50, 0x00, 0x83, 0x04, 0xD7, 0x00, 0x04, 0x08, 0x73, 0x00, 0x00, 
0x01, 0xFA, 0x00, 0x71, 0x01, 0xFA, 0x00, 0x71, 0x04, 0x6A, 0x00, 0x83, 0x03, 0x10, 0x00, 0x3F, 
0x03, 0x10, 0x00, 0x3F, 0x04, 0x0C, 0x00, 0x39, 0x04, 0x7D, 0x00, 0x56, 0x04, 0x7D, 0x01, 0x8F, 
0x07, 0xA4, 0x00, 0xE1, 0x04, 0x39, 0x00, 0x48, 0x08, 0x73, 0x00, 0xB0, 0x05, 0x79, 0x00, 0xB0, 
0x07, 0xFE, 0x00, 0x6D, 0x00, 0x01, 0x00, 0x00, 0x00, 0xF7, 0x00, 0x5C, 0x00, 0x07, 0x00, 0x00, 
0x00, 0x00, 0x00, 0x02, 0x00, 0x0C, 0x00, 0x06, 0x00, 0x16, 0x00, 0x00, 0x00, 0xB2, 0x00, 0x59, 
0x00, 0x04, 0x00, 0x01, 0x00, 0x01, 0x00, 0x00, 0x05, 0xE3, 0xFE, 0x34, 0x00, 0x00, 0x09, 0x10, 
0xFF, 0xCF, 0xFF, 0xFA, 0x08, 0x8D, 0x00, 0x01, 0x00, 0x00, 0x00, 0x00, 0x00, 0x00, 0x00, 0x00, 
0x00, 0x00, 0x00, 0x00, 0x00, 0x00, 0x00, 0xF7, 0x00, 0x00, 0x03, 0xFA, 0x01, 0x90, 0x00, 0x05, 
0x00, 0x00, 0x01, 0x9A, 0x01, 0x71, 0x00, 0x00, 0xFE, 0x48, 0x01, 0x9A, 0x01, 0x71, 0x00, 0x00, 
0x05, 0x17, 0x00, 0x66, 0x02, 0x12, 0x00, 0x00, 0x02, 0x0B, 0x05, 0x00, 0x00, 0x00, 0x00, 0x00, 
0x00, 0x00, 0x00, 0x00, 0x00, 0x00, 0x00, 0x00, 0x00, 0x00, 0x00, 0x00, 0x00, 0x00, 0x00, 0x00, 
0x00, 0x00, 0x00, 0x00, 0x00, 0x00, 0x00, 0x40, 0x00, 0x20, 0x26, 0x6B, 0x05, 0xE3, 0xFE, 0x48, 
0x00, 0x00, 0x07, 0x60, 0x01, 0xB8, 0x00, 0x00, 0x00, 0x00, 0x00, 0x02, 0x00, 0x01, 0x00, 0x00, 
0x00, 0x00, 0x00, 0x14, 0x00, 0x03, 0x00, 0x01, 0x00, 0x00, 0x01, 0x1A, 0x00, 0x00, 0x01, 0x06, 
0x00, 0x00, 0x01, 0x00, 0x00, 0x00, 0x00, 0x00, 0x00, 0x00, 0x01, 0x02, 0x00, 0x00, 0x00, 0x02, 
0x00, 0x00, 0x00, 0x00, 0x00, 0x00, 0x00, 0x00, 0x00, 0x00, 0x00, 0x00, 0x00, 0x00, 0x00, 0x01, 
0x00, 0x00, 0xDE, 0x03, 0x04, 0x05, 0x06, 0x07, 0x08, 0x09, 0x0A, 0x0B, 0x0C, 0x0D, 0x0E, 0x0F, 
0x10, 0x11, 0x12, 0x13, 0x14, 0x15, 0x16, 0x17, 0x18, 0x19, 0x1A, 0x1B, 0x1C, 0x1D, 0x1E, 0x1F, 
0x20, 0x21, 0x22, 0x23, 0x24, 0x25, 0x26, 0x27, 0x28, 0x29, 0x2A, 0x2B, 0x2C, 0x2D, 0x2E, 0x2F, 
0x30, 0x31, 0x32, 0x33, 0x34, 0x35, 0x36, 0x37, 0x38, 0x39, 0x3A, 0x3B, 0x3C, 0x3D, 0x3E, 0x3F, 
0x40, 0x41, 0x42, 0x43, 0x44, 0x45, 0x46, 0x47, 0x48, 0x49, 0x4A, 0x4B, 0x4C, 0x4D, 0x4E, 0x4F, 
0x50, 0x51, 0x52, 0x53, 0x54, 0x55, 0x56, 0x57, 0x58, 0x59, 0x5A, 0x5B, 0x5C, 0x5D, 0x5E, 0x5F, 
0x60, 0x00, 0x65, 0x66, 0x68, 0x6A, 0x72, 0x77, 0x7D, 0xBF, 0xBE, 0xC0, 0xC2, 0xC1, 0xC3, 0xC5, 
0xC7, 0xC6, 0xC8, 0xC9, 0xCB, 0xCA, 0xCC, 0xCD, 0xCF, 0xD1, 0xD0, 0xD2, 0xD4, 0xD3, 0xD8, 0xD7, 
0xD9, 0xDA, 0x81, 0x82, 0xB7, 0xB5, 0x85, 0xF1, 0x87, 0x80, 0x89, 0x8A, 0xF6, 0xE4, 0xBB, 0x00, 
0x67, 0x79, 0x00, 0x92, 0x00, 0x00, 0x00, 0x00, 0x00, 0x00, 0x00, 0x00, 0x00, 0x00, 0x00, 0x00, 
0xC4, 0xD6, 0x9C, 0xB6, 0xA0, 0x00, 0xA2, 0x00, 0x00, 0xA5, 0xA6, 0xF2, 0x02, 0x61, 0x64, 0x76, 
0xAB, 0xAD, 0xE8, 0xE9, 0xED, 0xEE, 0xEA, 0xEB, 0xD5, 0x00, 0xBD, 0xE5, 0x00, 0xDD, 0xF4, 0xF5, 
0x00, 0x00, 0xF0, 0xB9, 0xEC, 0xEF, 0xF3, 0x63, 0x6B, 0x62, 0x6C, 0x69, 0x6E, 0x6F, 0x70, 0x6D, 
0x74, 0x75, 0x00, 0x73, 0x7B, 0x7C, 0x7A, 0x00, 0xE6, 0xE7, 0x9B, 0x00, 0x00, 0x00, 0xBC, 0x00, 
0x00, 0x00, 0x00, 0x04, 0x03, 0x0A, 0x00, 0x00, 0x00, 0x16, 0x00, 0x10, 0x00, 0x03, 0x00, 0x05, 
0x00, 0xFF, 0x01, 0x53, 0x01, 0x78, 0x01, 0x92, 0x02, 0xC6, 0x02, 0xDC, 0x04, 0x4F, 0x20, 0x3A, 
0x21, 0x22, 0x22, 0x19, 0xFF, 0xFF, 0x00, 0x00, 0x00, 0x20, 0x01, 0x52, 0x01, 0x78, 0x01, 0x92, 
0x02, 0xC6, 0x02, 0xDC, 0x04, 0x10, 0x20, 0x13, 0x21, 0x22, 0x22, 0x19, 0xFF, 0xFF, 0x00, 0x00, 
0x00, 0x00, 0x00, 0x00, 0x00, 0x00, 0x00, 0x00, 0x00, 0x00, 0x00, 0x00, 0x00, 0x00, 0x00, 0x00, 
0x00, 0x00, 0x00, 0x00, 0x00, 0x16, 0x01, 0xD4, 0x01, 0xD6, 0x01, 0xD6, 0x01, 0xD6, 0x01, 0xD6, 
0x02, 0x2C, 0x01, 0xD4, 0x02, 0x22, 0x02, 0x22, 0x02, 0x22, 0x00, 0xDE, 0x00, 0x03, 0x00, 0x04, 
0x00, 0x05, 0x00, 0x06, 0x00, 0x07, 0x00, 0x08, 0x00, 0x09, 0x00, 0x0A, 0x00, 0x0B, 0x00, 0x0C, 
0x00, 0x0D, 0x00, 0x0E, 0x00, 0x0F, 0x00, 0x10, 0x00, 0x11, 0x00, 0x12, 0x00, 0x13, 0x00, 0x14, 
0x00, 0x15, 0x00, 0x16, 0x00, 0x17, 0x00, 0x18, 0x00, 0x19, 0x00, 0x1A, 0x00, 0x1B, 0x00, 0x1C, 
0x00, 0x1D, 0x00, 0x1E, 0x00, 0x1F, 0x00, 0x20, 0x00, 0x21, 0x00, 0x22, 0x00, 0x23, 0x00, 0x24, 
0x00, 0x25, 0x00, 0x26, 0x00, 0x27, 0x00, 0x28, 0x00, 0x29, 0x00, 0x2A, 0x00, 0x2B, 0x00, 0x2C, 
0x00, 0x2D, 0x00, 0x2E, 0x00, 0x2F, 0x00, 0x30, 0x00, 0x31, 0x00, 0x32, 0x00, 0x33, 0x00, 0x34, 
0x00, 0x35, 0x00, 0x36, 0x00, 0x37, 0x00, 0x38, 0x00, 0x39, 0x00, 0x3A, 0x00, 0x3B, 0x00, 0x3C, 
0x00, 0x3D, 0x00, 0x3E, 0x00, 0x3F, 0x00, 0x40, 0x00, 0x41, 0x00, 0x42, 0x00, 0x43, 0x00, 0x44, 
0x00, 0x45, 0x00, 0x46, 0x00, 0x47, 0x00, 0x48, 0x00, 0x49, 0x00, 0x4A, 0x00, 0x4B, 0x00, 0x4C, 
0x00, 0x4D, 0x00, 0x4E, 0x00, 0x4F, 0x00, 0x50, 0x00, 0x51, 0x00, 0x52, 0x00, 0x53, 0x00, 0x54, 
0x00, 0x55, 0x00, 0x56, 0x00, 0x57, 0x00, 0x58, 0x00, 0x59, 0x00, 0x5A, 0x00, 0x5B, 0x00, 0x5C, 
0x00, 0x5D, 0x00, 0x5E, 0x00, 0x5F, 0x00, 0x60, 0x00, 0x00, 0x00, 0x00, 0x00, 0x00, 0x00, 0x00, 
0x00, 0x00, 0x00, 0x00, 0x00, 0x00, 0x00, 0x00, 0x00, 0x00, 0x00, 0x00, 0x00, 0x00, 0x00, 0x00, 
0x00, 0xA9, 0x00, 0x00, 0x00, 0x00, 0x00, 0x00, 0x00, 0x00, 0x00, 0x00, 0x00, 0xB2, 0x00, 0xB3, 
0x00, 0xB0, 0x00, 0xB1, 0x00, 0xDF, 0x00, 0xAE, 0x00, 0xAF, 0x00, 0xE0, 0x00, 0x8B, 0x00, 0x00, 
0x00, 0xAA, 0x00, 0x00, 0x00, 0x00, 0x00, 0x00, 0x00, 0x00, 0x00, 0x00, 0x00, 0xB6, 0x00, 0xB7, 
0x00, 0xB5, 0x00, 0xDD, 0x00, 0x00, 0x00, 0xE1, 0x00, 0x85, 0x00, 0xBB, 0x00, 0x8A, 0x00, 0x00, 
0x00, 0xA5, 0x00, 0xA0, 0x00, 0xE2, 0x00, 0x89, 0x00, 0x9B, 0x00, 0x82, 0x00, 0x92, 0x00, 0x88, 
0x00, 0xE3, 0x00, 0xE4, 0x00, 0x00, 0x00, 0x87, 0x00, 0x86, 0x00, 0xBC, 0x00, 0xBA, 0x00, 0x00, 
0x00, 0xA6, 0x00, 0xB4, 0x00, 0x8D, 0x00, 0xA7, 0x00, 0x9C, 0x00, 0x61, 0x00, 0x62, 0x00, 0x63, 
0x00, 0x64, 0x00, 0x65, 0x00, 0x66, 0x00, 0x67, 0x00, 0x68, 0x00, 0x69, 0x00, 0x6A, 0x00, 0x6B, 
0x00, 0x6C, 0x00, 0x6D, 0x00, 0x6E, 0x00, 0x6F, 0x00, 0x70, 0x00, 0x71, 0x00, 0x72, 0x00, 0x73, 
0x00, 0x74, 0x00, 0x75, 0x00, 0x76, 0x00, 0x77, 0x00, 0x78, 0x00, 0x79, 0x00, 0x7A, 0x00, 0x7B, 
0x00, 0x7C, 0x00, 0x7D, 0x00, 0x7E, 0x00, 0x7F, 0x00, 0x80, 0x00, 0xBE, 0x00, 0xBF, 0x00, 0xC0, 
0x00, 0xC1, 0x00, 0xC2, 0x00, 0xC3, 0x00, 0xC4, 0x00, 0xC5, 0x00, 0xC6, 0x00, 0xC7, 0x00, 0xC8, 
0x00, 0xC9, 0x00, 0xCA, 0x00, 0xCB, 0x00, 0xCC, 0x00, 0xCD, 0x00, 0xCE, 0x00, 0xCF, 0x00, 0xD0, 
0x00, 0xD1, 0x00, 0xD2, 0x00, 0xD3, 0x00, 0xD4, 0x00, 0xD5, 0x00, 0xD6, 0x00, 0xD7, 0x00, 0xD8, 
0x00, 0xD9, 0x00, 0xDA, 0x00, 0xDB, 0x00, 0xDC, 0x00, 0xBD, 0x00, 0xAB, 0x00, 0xAD, 0x00, 0xE5, 
0x00, 0xA2, 0x00, 0xE6, 0x00, 0xE7, 0x00, 0xE8, 0x00, 0xE9, 0x00, 0x00, 0x00, 0x00, 0x00, 0x00, 
0x00, 0xEA, 0x00, 0xEB, 0x00, 0xEC, 0x00, 0x00, 0x00, 0xED, 0x00, 0xEE, 0x00, 0xEF, 0x00, 0x00, 
0x00, 0x81, 0x00, 0xF0, 0x00, 0xF1, 0x00, 0x00, 0x00, 0x00, 0x00, 0x00, 0x00, 0xF2, 0x00, 0x00, 
0x00, 0x00, 0x00, 0x00, 0x00, 0x00, 0x00, 0x00, 0x00, 0x00, 0x00, 0x00, 0x00, 0x00, 0x00, 0x00, 
0x00, 0xF3, 0x00, 0x00, 0x00, 0x00, 0x00, 0x00, 0x00, 0x00, 0x00, 0x00, 0x00, 0x00, 0x00, 0x00, 
0x00, 0x00, 0x00, 0xF4, 0x00, 0xF5, 0x00, 0xF6, 0x00, 0xB9, 0x00, 0x00, 0x00, 0x61, 0x00, 0x62, 
0x00, 0x63, 0x00, 0x64, 0x00, 0x65, 0x00, 0x66, 0x00, 0x67, 0x00, 0x68, 0x00, 0x69, 0x00, 0x6A, 
0x00, 0x6B, 0x00, 0x6C, 0x00, 0x6D, 0x00, 0x6E, 0x00, 0x6F, 0x00, 0x70, 0x00, 0x71, 0x00, 0x72, 
0x00, 0x73, 0x00, 0x74, 0x00, 0x75, 0x00, 0x76, 0x00, 0x77, 0x00, 0x78, 0x00, 0x79, 0x00, 0x7A, 
0x00, 0x7B, 0x00, 0x7C, 0x00, 0x7D, 0x00, 0x7E, 0x00, 0x7F, 0x00, 0x80, 0x00, 0xBE, 0x00, 0xBF, 
0x00, 0xC0, 0x00, 0xC1, 0x00, 0xC2, 0x00, 0xC3, 0x00, 0xC4, 0x00, 0xC5, 0x00, 0xC6, 0x00, 0xC7, 
0x00, 0xC8, 0x00, 0xC9, 0x00, 0xCA, 0x00, 0xCB, 0x00, 0xCC, 0x00, 0xCD, 0x00, 0xCE, 0x00, 0xCF, 
0x00, 0xD0, 0x00, 0xD1, 0x00, 0xD2, 0x00, 0xD3, 0x00, 0xD4, 0x00, 0xD5, 0x00, 0xD6, 0x00, 0xD7, 
0x00, 0xD8, 0x00, 0xD9, 0x00, 0xDA, 0x00, 0xDB, 0x00, 0xDC, 0x00, 0xBD
};